prep_param,model_param,accuracy,f1_macro,precision_macro,recall_macro,tex
"{'scaling': None, 'imputation': 'mode', 'cat_age': True, 'remove_outliers': False, 'merge_capital': False, 'downsampling_method': 'random', 'target_freq': 0.9, 'generate_dummies': True, 'remove_duplicates': True}",{'var_smoothing': 1e-08},0.9152692761013552,0.708111115232949,0.6779165050815577,0.758004793867808,8.18599820137024
"{'scaling': None, 'imputation': 'mode', 'cat_age': True, 'remove_outliers': False, 'merge_capital': True, 'downsampling_method': 'random', 'target_freq': 0.9, 'generate_dummies': True, 'remove_duplicates': True}",{'var_smoothing': 1e-08},0.9041928272294907,0.7040378486831214,0.6660999768179912,0.785312404984771,8.245997428894043
"{'scaling': None, 'imputation': 'mode', 'cat_age': False, 'remove_outliers': False, 'merge_capital': False, 'downsampling_method': 'random', 'target_freq': 0.9, 'generate_dummies': True, 'remove_duplicates': True}",{'var_smoothing': 1e-08},0.9060615899959105,0.7020752792377145,0.666150269995864,0.774389447464798,8.172997236251831
"{'scaling': None, 'imputation': 'mode', 'cat_age': False, 'remove_outliers': False, 'merge_capital': False, 'downsampling_method': 'random', 'target_freq': 0.85, 'generate_dummies': True, 'remove_duplicates': True}",{'var_smoothing': 1e-08},0.9191213373799092,0.6947688289095793,0.6764865520223541,0.7191833816227693,7.165999889373779
"{'scaling': None, 'imputation': 'mode', 'cat_age': True, 'remove_outliers': False, 'merge_capital': False, 'downsampling_method': 'random', 'target_freq': 0.85, 'generate_dummies': True, 'remove_duplicates': True}",{'var_smoothing': 1e-08},0.9232096673059933,0.6871337781389215,0.6803990133458717,0.694659952427107,6.956000328063965
"{'scaling': None, 'imputation': 'mode', 'cat_age': False, 'remove_outliers': False, 'merge_capital': False, 'downsampling_method': 'random', 'target_freq': 0.8, 'generate_dummies': True, 'remove_duplicates': True}",{'var_smoothing': 1e-08},0.9198874537441617,0.6755669673730459,0.668336433167488,0.6837039261938751,6.683003664016724
"{'scaling': None, 'imputation': 'mode', 'cat_age': True, 'remove_outliers': False, 'merge_capital': False, 'downsampling_method': 'random', 'target_freq': 0.8, 'generate_dummies': True, 'remove_duplicates': True}",{'var_smoothing': 1e-08},0.9233385376417915,0.6699649168263322,0.672886318017958,0.6671771249361035,6.370999574661255
"{'scaling': None, 'imputation': 'mode', 'cat_age': True, 'remove_outliers': False, 'merge_capital': False, 'downsampling_method': 'random', 'target_freq': 0.75, 'generate_dummies': True, 'remove_duplicates': True}",{'var_smoothing': 1e-08},0.9232812741263423,0.6666301624173002,0.671251768465017,0.6623739866221092,6.689000129699707
"{'scaling': None, 'imputation': 'mode', 'cat_age': True, 'remove_outliers': False, 'merge_capital': False, 'downsampling_method': 'random', 'target_freq': 0.9, 'generate_dummies': True, 'remove_duplicates': True}",{'var_smoothing': 1e-07},0.9309781985020764,0.6660340928221158,0.6951144780134264,0.6459500350656013,8.138999700546265
"{'scaling': None, 'imputation': 'mode', 'cat_age': False, 'remove_outliers': False, 'merge_capital': False, 'downsampling_method': 'random', 'target_freq': 0.75, 'generate_dummies': True, 'remove_duplicates': True}",{'var_smoothing': 1e-08},0.9193862503447512,0.66560640314026,0.6623174557741572,0.6690881473824767,6.144001483917236
"{'scaling': None, 'imputation': 'mode', 'cat_age': True, 'remove_outliers': False, 'merge_capital': False, 'downsampling_method': 'random', 'target_freq': 0.9, 'generate_dummies': True, 'remove_duplicates': True}",{'var_smoothing': 1e-06},0.9316082722372855,0.6603369749409678,0.6959819212798873,0.6375526633039824,8.682001113891602
"{'scaling': None, 'imputation': 'mode', 'cat_age': True, 'remove_outliers': False, 'merge_capital': False, 'downsampling_method': 'random', 'target_freq': 0.9, 'generate_dummies': True, 'remove_duplicates': True}",{'var_smoothing': 1e-05},0.9310784322101062,0.6570850512233959,0.6925413159436216,0.6345313468264931,9.203999042510986
"{'scaling': None, 'imputation': 'mode', 'cat_age': True, 'remove_outliers': False, 'merge_capital': False, 'downsampling_method': 'random', 'target_freq': 0.9, 'generate_dummies': True, 'remove_duplicates': True}",{'var_smoothing': 1e-09},0.7524594561722836,0.5841694179108055,0.5931697619935192,0.8319181498582564,8.475001096725464
"{'scaling': None, 'imputation': 'mode', 'cat_age': True, 'remove_outliers': False, 'merge_capital': False, 'downsampling_method': 'random', 'target_freq': 0.9, 'generate_dummies': True, 'remove_duplicates': True}",{'var_smoothing': 1e-09},0.7524594561722836,0.5841694179108055,0.5931697619935192,0.8319181498582564,8.238997220993042
"{'scaling': None, 'imputation': 'mode', 'cat_age': True, 'remove_outliers': False, 'merge_capital': False, 'downsampling_method': 'random', 'target_freq': 0.75, 'generate_dummies': True, 'remove_duplicates': True}",{'var_smoothing': 1e-09},0.7515358174653778,0.5836815036390434,0.5931053329201754,0.8324307338050044,6.213517189025879
"{'scaling': None, 'imputation': 'mode', 'cat_age': True, 'remove_outliers': False, 'merge_capital': False, 'downsampling_method': 'random', 'target_freq': 0.85, 'generate_dummies': True, 'remove_duplicates': True}",{'var_smoothing': 1e-09},0.7510274794514837,0.583182082022872,0.5928443167044315,0.8317359592361753,6.971998929977417
"{'scaling': None, 'imputation': 'mode', 'cat_age': True, 'remove_outliers': False, 'merge_capital': False, 'downsampling_method': 'random', 'target_freq': 0.8, 'generate_dummies': True, 'remove_duplicates': True}",{'var_smoothing': 1e-09},0.7509630298016114,0.5831556287191845,0.5928472696172896,0.8318086209219187,6.403001546859741
"{'scaling': None, 'imputation': 'mode', 'cat_age': False, 'remove_outliers': False, 'merge_capital': False, 'downsampling_method': 'random', 'target_freq': 0.75, 'generate_dummies': True, 'remove_duplicates': True}",{'var_smoothing': 1e-09},0.7508341487004527,0.5830818589081274,0.5928329170926712,0.8318457960778979,8.809515953063965
"{'scaling': None, 'imputation': 'mode', 'cat_age': False, 'remove_outliers': False, 'merge_capital': False, 'downsampling_method': 'random', 'target_freq': 0.9, 'generate_dummies': True, 'remove_duplicates': True}",{'var_smoothing': 1e-09},0.7505620677997735,0.5823407137489345,0.5922323229843465,0.8295287048671709,8.190003156661987
"{'scaling': None, 'imputation': 'mode', 'cat_age': False, 'remove_outliers': True, 'merge_capital': False, 'downsampling_method': 'random', 'target_freq': 0.8, 'generate_dummies': True, 'remove_duplicates': True}",{'var_smoothing': 1e-09},0.74930192109831,0.5820473648257917,0.5925072685679484,0.8317703343582462,6.353004693984985
"{'scaling': None, 'imputation': 'mode', 'cat_age': False, 'remove_outliers': True, 'merge_capital': False, 'downsampling_method': 'random', 'target_freq': 0.75, 'generate_dummies': True, 'remove_duplicates': True}",{'var_smoothing': 1e-09},0.7487577646796321,0.5818218572357359,0.5925309163420661,0.8323263642892671,6.165999174118042
"{'scaling': None, 'imputation': 'mode', 'cat_age': False, 'remove_outliers': False, 'merge_capital': False, 'downsampling_method': 'random', 'target_freq': 0.85, 'generate_dummies': True, 'remove_duplicates': True}",{'var_smoothing': 1e-09},0.7490012122846779,0.5813063353748001,0.5919192523092592,0.8294889688591596,7.721999406814575
"{'scaling': None, 'imputation': 'mode', 'cat_age': False, 'remove_outliers': False, 'merge_capital': False, 'downsampling_method': 'random', 'target_freq': 0.8, 'generate_dummies': True, 'remove_duplicates': True}",{'var_smoothing': 1e-09},0.7486718517205088,0.5812251203365258,0.5919870299839285,0.8300543359124054,8.847928285598755
"{'scaling': None, 'imputation': 'mode', 'cat_age': False, 'remove_outliers': True, 'merge_capital': True, 'downsampling_method': 'random', 'target_freq': 0.8, 'generate_dummies': True, 'remove_duplicates': True}",{'var_smoothing': 1e-09},0.7481563270595556,0.5810475396341115,0.592043428704377,0.8307401316303442,7.667998552322388
"{'scaling': None, 'imputation': 'mode', 'cat_age': False, 'remove_outliers': True, 'merge_capital': True, 'downsampling_method': 'random', 'target_freq': 0.75, 'generate_dummies': True, 'remove_duplicates': True}",{'var_smoothing': 1e-09},0.7477052510232021,0.5809090545903247,0.5921103844263846,0.831398667371977,6.2699995040893555
"{'scaling': None, 'imputation': 'mode', 'cat_age': True, 'remove_outliers': False, 'merge_capital': True, 'downsampling_method': 'random', 'target_freq': 0.9, 'generate_dummies': True, 'remove_duplicates': True}",{'var_smoothing': 1e-09},0.748815044086804,0.5809058088689537,0.5916107181093644,0.8283337994796008,8.002000093460083
"{'scaling': None, 'imputation': 'mode', 'cat_age': False, 'remove_outliers': True, 'merge_capital': False, 'downsampling_method': 'random', 'target_freq': 0.85, 'generate_dummies': True, 'remove_duplicates': True}",{'var_smoothing': 1e-09},0.746874708334025,0.5800365080907198,0.5916291484970365,0.8300018163905609,6.854000806808472
"{'scaling': None, 'imputation': 'mode', 'cat_age': False, 'remove_outliers': True, 'merge_capital': True, 'downsampling_method': 'random', 'target_freq': 0.85, 'generate_dummies': True, 'remove_duplicates': True}",{'var_smoothing': 1e-09},0.7458150357128914,0.5791738867940397,0.5912605131804819,0.8292847562758698,7.470998048782349
"{'scaling': None, 'imputation': 'mode', 'cat_age': True, 'remove_outliers': True, 'merge_capital': False, 'downsampling_method': 'random', 'target_freq': 0.75, 'generate_dummies': True, 'remove_duplicates': True}",{'var_smoothing': 1e-09},0.7444904414121005,0.5789503254768379,0.5916441885120587,0.8320115281744952,6.178997039794922
"{'scaling': None, 'imputation': 'mode', 'cat_age': False, 'remove_outliers': False, 'merge_capital': True, 'downsampling_method': 'random', 'target_freq': 0.9, 'generate_dummies': True, 'remove_duplicates': True}",{'var_smoothing': 1e-09},0.7465095444878406,0.5789417293233992,0.5907219218223311,0.8264163438066763,7.888998985290527
"{'scaling': None, 'imputation': 'mode', 'cat_age': True, 'remove_outliers': False, 'merge_capital': True, 'downsampling_method': 'random', 'target_freq': 0.85, 'generate_dummies': True, 'remove_duplicates': True}",{'var_smoothing': 1e-09},0.7451849642845454,0.5782167306807169,0.5906069258738239,0.8269802975009777,7.344001054763794
"{'scaling': None, 'imputation': 'mode', 'cat_age': True, 'remove_outliers': True, 'merge_capital': True, 'downsampling_method': 'random', 'target_freq': 0.75, 'generate_dummies': True, 'remove_duplicates': True}",{'var_smoothing': 1e-09},0.7426574955125556,0.5774540325563834,0.5910054936466281,0.8307222176311132,6.883999347686768
"{'scaling': None, 'imputation': 'mode', 'cat_age': True, 'remove_outliers': False, 'merge_capital': True, 'downsampling_method': 'random', 'target_freq': 0.8, 'generate_dummies': True, 'remove_duplicates': True}",{'var_smoothing': 1e-09},0.7426861405988218,0.5766215983893059,0.5901698249994023,0.8270788931501784,6.760999441146851
"{'scaling': None, 'imputation': 'mode', 'cat_age': True, 'remove_outliers': True, 'merge_capital': False, 'downsampling_method': 'random', 'target_freq': 0.8, 'generate_dummies': True, 'remove_duplicates': True}",{'var_smoothing': 1e-09},0.7412183359894682,0.5762562021267904,0.5904821134788294,0.8295775454133445,8.205998182296753
"{'scaling': None, 'imputation': 'mode', 'cat_age': False, 'remove_outliers': True, 'merge_capital': False, 'downsampling_method': 'random', 'target_freq': 0.85, 'generate_dummies': True, 'remove_duplicates': True}",{'var_smoothing': 1e-08},0.741146765309972,0.5762017211484174,0.5904630723774076,0.8295408438098415,7.173999309539795
"{'scaling': None, 'imputation': 'mode', 'cat_age': True, 'remove_outliers': False, 'merge_capital': True, 'downsampling_method': 'random', 'target_freq': 0.75, 'generate_dummies': True, 'remove_duplicates': True}",{'var_smoothing': 1e-09},0.7418627404699898,0.5761725822576228,0.5901026372426065,0.8274352294158935,6.603525400161743
"{'scaling': None, 'imputation': 'mode', 'cat_age': False, 'remove_outliers': True, 'merge_capital': False, 'downsampling_method': 'random', 'target_freq': 0.75, 'generate_dummies': True, 'remove_duplicates': True}",{'var_smoothing': 1e-08},0.7407458107413593,0.5761433468347021,0.5905905352230907,0.8303872931045955,6.3250017166137695
"{'scaling': None, 'imputation': 'mode', 'cat_age': False, 'remove_outliers': True, 'merge_capital': False, 'downsampling_method': 'random', 'target_freq': 0.8, 'generate_dummies': True, 'remove_duplicates': True}",{'var_smoothing': 1e-08},0.7408030855348053,0.5761097940519633,0.5905307269210887,0.8300994009750824,6.528999328613281
"{'scaling': None, 'imputation': 'mode', 'cat_age': False, 'remove_outliers': False, 'merge_capital': True, 'downsampling_method': 'random', 'target_freq': 0.85, 'generate_dummies': True, 'remove_duplicates': True}",{'var_smoothing': 1e-09},0.7425214639051907,0.5759639838316268,0.5895974729509839,0.8247633513984193,7.1489996910095215
"{'scaling': None, 'imputation': 'mode', 'cat_age': False, 'remove_outliers': True, 'merge_capital': False, 'downsampling_method': 'random', 'target_freq': 0.9, 'generate_dummies': True, 'remove_duplicates': True}",{'var_smoothing': 1e-09},0.7401443538974248,0.5749199841169929,0.5896512945967608,0.8268384759582359,8.319997549057007
"{'scaling': None, 'imputation': 'mode', 'cat_age': True, 'remove_outliers': True, 'merge_capital': True, 'downsampling_method': 'random', 'target_freq': 0.8, 'generate_dummies': True, 'remove_duplicates': True}",{'var_smoothing': 1e-09},0.7392135480236361,0.5747263465405914,0.5898903914224951,0.8285626552884029,11.470006465911865
"{'scaling': None, 'imputation': 'mode', 'cat_age': False, 'remove_outliers': False, 'merge_capital': True, 'downsampling_method': 'random', 'target_freq': 0.75, 'generate_dummies': True, 'remove_duplicates': True}",{'var_smoothing': 1e-09},0.7397434072746734,0.5744153312119107,0.5893358257471994,0.8257750073954837,6.205021142959595
"{'scaling': None, 'imputation': 'mode', 'cat_age': False, 'remove_outliers': False, 'merge_capital': True, 'downsampling_method': 'random', 'target_freq': 0.8, 'generate_dummies': True, 'remove_duplicates': True}",{'var_smoothing': 1e-09},0.7401157208581097,0.5743874176211292,0.5891374125665709,0.8246475276136074,6.594999551773071
"{'scaling': None, 'imputation': 'mode', 'cat_age': False, 'remove_outliers': True, 'merge_capital': True, 'downsampling_method': 'random', 'target_freq': 0.9, 'generate_dummies': True, 'remove_duplicates': True}",{'var_smoothing': 1e-09},0.7385763207064038,0.5735688129389769,0.5890328663620241,0.8253702718632896,8.249001264572144
"{'scaling': None, 'imputation': 'mode', 'cat_age': False, 'remove_outliers': True, 'merge_capital': True, 'downsampling_method': 'random', 'target_freq': 0.85, 'generate_dummies': True, 'remove_duplicates': True}",{'var_smoothing': 1e-08},0.7332779788751382,0.5701820899544798,0.5881273955195297,0.8253450211510198,6.977998971939087
"{'scaling': None, 'imputation': 'mode', 'cat_age': True, 'remove_outliers': True, 'merge_capital': False, 'downsampling_method': 'random', 'target_freq': 0.85, 'generate_dummies': True, 'remove_duplicates': True}",{'var_smoothing': 1e-09},0.7323901447318384,0.5692227236857464,0.5875819013698346,0.82359780813905,7.307998418807983
"{'scaling': None, 'imputation': 'mode', 'cat_age': False, 'remove_outliers': True, 'merge_capital': True, 'downsampling_method': 'random', 'target_freq': 0.8, 'generate_dummies': True, 'remove_duplicates': True}",{'var_smoothing': 1e-08},0.7309509982809745,0.5684968091047145,0.5875337651199327,0.8244253409299487,6.868997812271118
"{'scaling': None, 'imputation': 'mode', 'cat_age': True, 'remove_outliers': True, 'merge_capital': True, 'downsampling_method': 'random', 'target_freq': 0.85, 'generate_dummies': True, 'remove_duplicates': True}",{'var_smoothing': 1e-09},0.7309366744562509,0.5680641329872933,0.5871032458305298,0.8225617425285872,7.2009899616241455
"{'scaling': None, 'imputation': 'mode', 'cat_age': False, 'remove_outliers': True, 'merge_capital': True, 'downsampling_method': 'random', 'target_freq': 0.75, 'generate_dummies': True, 'remove_duplicates': True}",{'var_smoothing': 1e-08},0.7290178209802629,0.5671664196545614,0.5871127610970849,0.8239273567979934,6.42699933052063
"{'scaling': None, 'imputation': 'mode', 'cat_age': True, 'remove_outliers': True, 'merge_capital': False, 'downsampling_method': 'random', 'target_freq': 0.9, 'generate_dummies': True, 'remove_duplicates': True}",{'var_smoothing': 1e-09},0.7213638468042967,0.5608406198322722,0.5843708177778518,0.8170805973707305,8.553000688552856
"{'scaling': None, 'imputation': 'mode', 'cat_age': True, 'remove_outliers': True, 'merge_capital': True, 'downsampling_method': 'random', 'target_freq': 0.9, 'generate_dummies': True, 'remove_duplicates': True}",{'var_smoothing': 1e-09},0.7200034538352161,0.5598493841126688,0.5840192006669258,0.816408453498911,7.896007537841797
