prep_param,model_param,accuracy,f1_macro,precision_macro,recall_macro,tex
"{'scaling': None, 'imputation': 'mode', 'cat_age': False, 'remove_outliers': False, 'merge_capital': False, 'downsampling_method': 'random', 'target_freq': 0.85, 'generate_dummies': False, 'remove_duplicates': True}","{'iterations': 750, 'depth': 6, 'border_count': 64, 'random_seed': 42, 'verbose': 0, 'loss_function': 'Logloss', 'eval_metric': 'F1', 'cat_features': ['class_worker', 'det_ind_code', 'det_occ_code', 'education', 'hs_college', 'marital_stat', 'major_ind_code', 'major_occ_code', 'race', 'hisp_origin', 'sex', 'union_member', 'unemp_reason', 'full_or_part_emp', 'tax_filer_stat', 'region_prev_res', 'state_prev_res', 'det_hh_fam_stat', 'det_hh_summ', 'mig_same', 'fam_under_18', 'country_father', 'country_mother', 'country_self', 'citizenship', 'own_or_self', 'vet_question', 'vet_benefits', 'year']}",0.953660870399232,0.7998649465861758,0.805976192612005,0.794079947805617,250.76100063323975
"{'scaling': None, 'imputation': 'mode', 'cat_age': False, 'remove_outliers': False, 'merge_capital': False, 'downsampling_method': 'random', 'target_freq': 0.85, 'generate_dummies': False, 'remove_duplicates': True}","{'iterations': 750, 'depth': 6, 'border_count': 64, 'random_seed': 42, 'verbose': 0, 'loss_function': 'Logloss', 'eval_metric': 'AUC', 'cat_features': ['class_worker', 'det_ind_code', 'det_occ_code', 'education', 'hs_college', 'marital_stat', 'major_ind_code', 'major_occ_code', 'race', 'hisp_origin', 'sex', 'union_member', 'unemp_reason', 'full_or_part_emp', 'tax_filer_stat', 'region_prev_res', 'state_prev_res', 'det_hh_fam_stat', 'det_hh_summ', 'mig_same', 'fam_under_18', 'country_father', 'country_mother', 'country_self', 'citizenship', 'own_or_self', 'vet_question', 'vet_benefits', 'year']}",0.953660870399232,0.7998649465861758,0.805976192612005,0.794079947805617,263.0860002040863
"{'scaling': None, 'imputation': 'mode', 'cat_age': False, 'remove_outliers': False, 'merge_capital': False, 'downsampling_method': 'random', 'target_freq': 0.85, 'generate_dummies': False, 'remove_duplicates': True}","{'iterations': 500, 'depth': 6, 'border_count': 96, 'random_seed': 42, 'verbose': 0, 'loss_function': 'Logloss', 'eval_metric': 'F1', 'cat_features': ['class_worker', 'det_ind_code', 'det_occ_code', 'education', 'hs_college', 'marital_stat', 'major_ind_code', 'major_occ_code', 'race', 'hisp_origin', 'sex', 'union_member', 'unemp_reason', 'full_or_part_emp', 'tax_filer_stat', 'region_prev_res', 'state_prev_res', 'det_hh_fam_stat', 'det_hh_summ', 'mig_same', 'fam_under_18', 'country_father', 'country_mother', 'country_self', 'citizenship', 'own_or_self', 'vet_question', 'vet_benefits', 'year']}",0.9535892717810623,0.7992965899069813,0.8057890435466828,0.7931933799990153,173.1932327747345
"{'scaling': None, 'imputation': 'mode', 'cat_age': False, 'remove_outliers': False, 'merge_capital': False, 'downsampling_method': 'random', 'target_freq': 0.85, 'generate_dummies': False, 'remove_duplicates': True}","{'iterations': 500, 'depth': 6, 'border_count': 96, 'random_seed': 42, 'verbose': 0, 'loss_function': 'Logloss', 'eval_metric': 'AUC', 'cat_features': ['class_worker', 'det_ind_code', 'det_occ_code', 'education', 'hs_college', 'marital_stat', 'major_ind_code', 'major_occ_code', 'race', 'hisp_origin', 'sex', 'union_member', 'unemp_reason', 'full_or_part_emp', 'tax_filer_stat', 'region_prev_res', 'state_prev_res', 'det_hh_fam_stat', 'det_hh_summ', 'mig_same', 'fam_under_18', 'country_father', 'country_mother', 'country_self', 'citizenship', 'own_or_self', 'vet_question', 'vet_benefits', 'year']}",0.9535892717810623,0.7992965899069813,0.8057890435466828,0.7931933799990153,197.55654883384705
"{'scaling': None, 'imputation': 'mode', 'cat_age': False, 'remove_outliers': False, 'merge_capital': False, 'downsampling_method': 'random', 'target_freq': 0.85, 'generate_dummies': False, 'remove_duplicates': True}","{'iterations': 500, 'depth': 6, 'border_count': 64, 'random_seed': 42, 'verbose': 0, 'loss_function': 'Logloss', 'eval_metric': 'F1', 'cat_features': ['class_worker', 'det_ind_code', 'det_occ_code', 'education', 'hs_college', 'marital_stat', 'major_ind_code', 'major_occ_code', 'race', 'hisp_origin', 'sex', 'union_member', 'unemp_reason', 'full_or_part_emp', 'tax_filer_stat', 'region_prev_res', 'state_prev_res', 'det_hh_fam_stat', 'det_hh_summ', 'mig_same', 'fam_under_18', 'country_father', 'country_mother', 'country_self', 'citizenship', 'own_or_self', 'vet_question', 'vet_benefits', 'year']}",0.9535248372539584,0.7992137717089651,0.8054517481325296,0.7933720950230067,173.65100240707397
"{'scaling': None, 'imputation': 'mode', 'cat_age': False, 'remove_outliers': False, 'merge_capital': False, 'downsampling_method': 'random', 'target_freq': 0.85, 'generate_dummies': False, 'remove_duplicates': True}","{'iterations': 500, 'depth': 6, 'border_count': 64, 'random_seed': 42, 'verbose': 0, 'loss_function': 'Logloss', 'eval_metric': 'AUC', 'cat_features': ['class_worker', 'det_ind_code', 'det_occ_code', 'education', 'hs_college', 'marital_stat', 'major_ind_code', 'major_occ_code', 'race', 'hisp_origin', 'sex', 'union_member', 'unemp_reason', 'full_or_part_emp', 'tax_filer_stat', 'region_prev_res', 'state_prev_res', 'det_hh_fam_stat', 'det_hh_summ', 'mig_same', 'fam_under_18', 'country_father', 'country_mother', 'country_self', 'citizenship', 'own_or_self', 'vet_question', 'vet_benefits', 'year']}",0.9535248372539584,0.7992137717089651,0.8054517481325296,0.7933720950230067,194.91951632499695
"{'scaling': None, 'imputation': 'mode', 'cat_age': False, 'remove_outliers': False, 'merge_capital': False, 'downsampling_method': 'random', 'target_freq': 0.85, 'generate_dummies': False, 'remove_duplicates': True}","{'iterations': 750, 'depth': 6, 'border_count': 96, 'random_seed': 42, 'verbose': 0, 'loss_function': 'Logloss', 'eval_metric': 'AUC', 'cat_features': ['class_worker', 'det_ind_code', 'det_occ_code', 'education', 'hs_college', 'marital_stat', 'major_ind_code', 'major_occ_code', 'race', 'hisp_origin', 'sex', 'union_member', 'unemp_reason', 'full_or_part_emp', 'tax_filer_stat', 'region_prev_res', 'state_prev_res', 'det_hh_fam_stat', 'det_hh_summ', 'mig_same', 'fam_under_18', 'country_father', 'country_mother', 'country_self', 'citizenship', 'own_or_self', 'vet_question', 'vet_benefits', 'year']}",0.9535391515949121,0.7989007818752657,0.8057107233010473,0.7925387399980336,287.4204070568085
"{'scaling': None, 'imputation': 'mode', 'cat_age': False, 'remove_outliers': False, 'merge_capital': False, 'downsampling_method': 'random', 'target_freq': 0.85, 'generate_dummies': False, 'remove_duplicates': True}","{'iterations': 750, 'depth': 6, 'border_count': 96, 'random_seed': 42, 'verbose': 0, 'loss_function': 'Logloss', 'eval_metric': 'F1', 'cat_features': ['class_worker', 'det_ind_code', 'det_occ_code', 'education', 'hs_college', 'marital_stat', 'major_ind_code', 'major_occ_code', 'race', 'hisp_origin', 'sex', 'union_member', 'unemp_reason', 'full_or_part_emp', 'tax_filer_stat', 'region_prev_res', 'state_prev_res', 'det_hh_fam_stat', 'det_hh_summ', 'mig_same', 'fam_under_18', 'country_father', 'country_mother', 'country_self', 'citizenship', 'own_or_self', 'vet_question', 'vet_benefits', 'year']}",0.9535391515949121,0.7989007818752657,0.8057107233010473,0.7925387399980336,240.8449194431305
"{'scaling': None, 'imputation': 'mode', 'cat_age': False, 'remove_outliers': False, 'merge_capital': True, 'downsampling_method': 'random', 'target_freq': 0.85, 'generate_dummies': False, 'remove_duplicates': True}","{'iterations': 750, 'depth': 6, 'border_count': 64, 'random_seed': 42, 'verbose': 0, 'loss_function': 'Logloss', 'eval_metric': 'AUC', 'cat_features': ['class_worker', 'det_ind_code', 'det_occ_code', 'education', 'hs_college', 'marital_stat', 'major_ind_code', 'major_occ_code', 'race', 'hisp_origin', 'sex', 'union_member', 'unemp_reason', 'full_or_part_emp', 'tax_filer_stat', 'region_prev_res', 'state_prev_res', 'det_hh_fam_stat', 'det_hh_summ', 'mig_same', 'fam_under_18', 'country_father', 'country_mother', 'country_self', 'citizenship', 'own_or_self', 'vet_question', 'vet_benefits', 'year']}",0.9531954761771532,0.7981301958064847,0.8037725464817701,0.7928191995116023,256.0899646282196
"{'scaling': None, 'imputation': 'mode', 'cat_age': False, 'remove_outliers': False, 'merge_capital': True, 'downsampling_method': 'random', 'target_freq': 0.85, 'generate_dummies': False, 'remove_duplicates': True}","{'iterations': 750, 'depth': 6, 'border_count': 64, 'random_seed': 42, 'verbose': 0, 'loss_function': 'Logloss', 'eval_metric': 'F1', 'cat_features': ['class_worker', 'det_ind_code', 'det_occ_code', 'education', 'hs_college', 'marital_stat', 'major_ind_code', 'major_occ_code', 'race', 'hisp_origin', 'sex', 'union_member', 'unemp_reason', 'full_or_part_emp', 'tax_filer_stat', 'region_prev_res', 'state_prev_res', 'det_hh_fam_stat', 'det_hh_summ', 'mig_same', 'fam_under_18', 'country_father', 'country_mother', 'country_self', 'citizenship', 'own_or_self', 'vet_question', 'vet_benefits', 'year']}",0.9531954761771532,0.7981301958064847,0.8037725464817701,0.7928191995116023,247.80299973487854
"{'scaling': None, 'imputation': 'mode', 'cat_age': False, 'remove_outliers': False, 'merge_capital': False, 'downsampling_method': 'random', 'target_freq': 0.85, 'generate_dummies': False, 'remove_duplicates': True}","{'iterations': 500, 'depth': 4, 'border_count': 96, 'random_seed': 42, 'verbose': 0, 'loss_function': 'Logloss', 'eval_metric': 'F1', 'cat_features': ['class_worker', 'det_ind_code', 'det_occ_code', 'education', 'hs_college', 'marital_stat', 'major_ind_code', 'major_occ_code', 'race', 'hisp_origin', 'sex', 'union_member', 'unemp_reason', 'full_or_part_emp', 'tax_filer_stat', 'region_prev_res', 'state_prev_res', 'det_hh_fam_stat', 'det_hh_summ', 'mig_same', 'fam_under_18', 'country_father', 'country_mother', 'country_self', 'citizenship', 'own_or_self', 'vet_question', 'vet_benefits', 'year']}",0.9535821082026328,0.7977674588977725,0.8066389627677768,0.7895363693259856,120.58699917793274
"{'scaling': None, 'imputation': 'mode', 'cat_age': False, 'remove_outliers': False, 'merge_capital': False, 'downsampling_method': 'random', 'target_freq': 0.85, 'generate_dummies': False, 'remove_duplicates': True}","{'iterations': 500, 'depth': 4, 'border_count': 96, 'random_seed': 42, 'verbose': 0, 'loss_function': 'Logloss', 'eval_metric': 'AUC', 'cat_features': ['class_worker', 'det_ind_code', 'det_occ_code', 'education', 'hs_college', 'marital_stat', 'major_ind_code', 'major_occ_code', 'race', 'hisp_origin', 'sex', 'union_member', 'unemp_reason', 'full_or_part_emp', 'tax_filer_stat', 'region_prev_res', 'state_prev_res', 'det_hh_fam_stat', 'det_hh_summ', 'mig_same', 'fam_under_18', 'country_father', 'country_mother', 'country_self', 'citizenship', 'own_or_self', 'vet_question', 'vet_benefits', 'year']}",0.9535821082026328,0.7977674588977725,0.8066389627677768,0.7895363693259856,130.61861038208008
"{'scaling': None, 'imputation': 'mode', 'cat_age': False, 'remove_outliers': False, 'merge_capital': False, 'downsampling_method': 'random', 'target_freq': 0.85, 'generate_dummies': False, 'remove_duplicates': True}","{'iterations': 750, 'depth': 6, 'border_count': 32, 'random_seed': 42, 'verbose': 0, 'loss_function': 'Logloss', 'eval_metric': 'AUC', 'cat_features': ['class_worker', 'det_ind_code', 'det_occ_code', 'education', 'hs_college', 'marital_stat', 'major_ind_code', 'major_occ_code', 'race', 'hisp_origin', 'sex', 'union_member', 'unemp_reason', 'full_or_part_emp', 'tax_filer_stat', 'region_prev_res', 'state_prev_res', 'det_hh_fam_stat', 'det_hh_summ', 'mig_same', 'fam_under_18', 'country_father', 'country_mother', 'country_self', 'citizenship', 'own_or_self', 'vet_question', 'vet_benefits', 'year']}",0.9530665981518117,0.7975587904559568,0.8032023542782192,0.7922222017226872,289.33651399612427
"{'scaling': None, 'imputation': 'mode', 'cat_age': False, 'remove_outliers': False, 'merge_capital': False, 'downsampling_method': 'random', 'target_freq': 0.85, 'generate_dummies': False, 'remove_duplicates': True}","{'iterations': 750, 'depth': 6, 'border_count': 32, 'random_seed': 42, 'verbose': 0, 'loss_function': 'Logloss', 'eval_metric': 'F1', 'cat_features': ['class_worker', 'det_ind_code', 'det_occ_code', 'education', 'hs_college', 'marital_stat', 'major_ind_code', 'major_occ_code', 'race', 'hisp_origin', 'sex', 'union_member', 'unemp_reason', 'full_or_part_emp', 'tax_filer_stat', 'region_prev_res', 'state_prev_res', 'det_hh_fam_stat', 'det_hh_summ', 'mig_same', 'fam_under_18', 'country_father', 'country_mother', 'country_self', 'citizenship', 'own_or_self', 'vet_question', 'vet_benefits', 'year']}",0.9530665981518117,0.7975587904559568,0.8032023542782192,0.7922222017226872,261.54699897766113
"{'scaling': None, 'imputation': 'mode', 'cat_age': False, 'remove_outliers': True, 'merge_capital': False, 'downsampling_method': 'random', 'target_freq': 0.85, 'generate_dummies': False, 'remove_duplicates': True}","{'iterations': 750, 'depth': 6, 'border_count': 64, 'random_seed': 42, 'verbose': 0, 'loss_function': 'Logloss', 'eval_metric': 'AUC', 'cat_features': ['class_worker', 'det_ind_code', 'det_occ_code', 'education', 'hs_college', 'marital_stat', 'major_ind_code', 'major_occ_code', 'race', 'hisp_origin', 'sex', 'union_member', 'unemp_reason', 'full_or_part_emp', 'tax_filer_stat', 'region_prev_res', 'state_prev_res', 'det_hh_fam_stat', 'det_hh_summ', 'mig_same', 'fam_under_18', 'country_father', 'country_mother', 'country_self', 'citizenship', 'own_or_self', 'vet_question', 'vet_benefits', 'year']}",0.952758722940251,0.7973196366580501,0.8014349929039077,0.7935738443193079,241.05999994277954
"{'scaling': None, 'imputation': 'mode', 'cat_age': False, 'remove_outliers': True, 'merge_capital': False, 'downsampling_method': 'random', 'target_freq': 0.85, 'generate_dummies': False, 'remove_duplicates': True}","{'iterations': 750, 'depth': 6, 'border_count': 64, 'random_seed': 42, 'verbose': 0, 'loss_function': 'Logloss', 'eval_metric': 'F1', 'cat_features': ['class_worker', 'det_ind_code', 'det_occ_code', 'education', 'hs_college', 'marital_stat', 'major_ind_code', 'major_occ_code', 'race', 'hisp_origin', 'sex', 'union_member', 'unemp_reason', 'full_or_part_emp', 'tax_filer_stat', 'region_prev_res', 'state_prev_res', 'det_hh_fam_stat', 'det_hh_summ', 'mig_same', 'fam_under_18', 'country_father', 'country_mother', 'country_self', 'citizenship', 'own_or_self', 'vet_question', 'vet_benefits', 'year']}",0.952758722940251,0.7973196366580501,0.8014349929039077,0.7935738443193079,244.48799657821655
"{'scaling': None, 'imputation': 'mode', 'cat_age': False, 'remove_outliers': False, 'merge_capital': False, 'downsampling_method': 'random', 'target_freq': 0.85, 'generate_dummies': False, 'remove_duplicates': True}","{'iterations': 500, 'depth': 4, 'border_count': 64, 'random_seed': 42, 'verbose': 0, 'loss_function': 'Logloss', 'eval_metric': 'F1', 'cat_features': ['class_worker', 'det_ind_code', 'det_occ_code', 'education', 'hs_college', 'marital_stat', 'major_ind_code', 'major_occ_code', 'race', 'hisp_origin', 'sex', 'union_member', 'unemp_reason', 'full_or_part_emp', 'tax_filer_stat', 'region_prev_res', 'state_prev_res', 'det_hh_fam_stat', 'det_hh_summ', 'mig_same', 'fam_under_18', 'country_father', 'country_mother', 'country_self', 'citizenship', 'own_or_self', 'vet_question', 'vet_benefits', 'year']}",0.953324350101405,0.7972117611766261,0.8051380317502101,0.7898216033501363,116.06131649017334
"{'scaling': None, 'imputation': 'mode', 'cat_age': False, 'remove_outliers': True, 'merge_capital': True, 'downsampling_method': 'random', 'target_freq': 0.85, 'generate_dummies': False, 'remove_duplicates': True}","{'iterations': 750, 'depth': 6, 'border_count': 64, 'random_seed': 42, 'verbose': 0, 'loss_function': 'Logloss', 'eval_metric': 'AUC', 'cat_features': ['class_worker', 'det_ind_code', 'det_occ_code', 'education', 'hs_college', 'marital_stat', 'major_ind_code', 'major_occ_code', 'race', 'hisp_origin', 'sex', 'union_member', 'unemp_reason', 'full_or_part_emp', 'tax_filer_stat', 'region_prev_res', 'state_prev_res', 'det_hh_fam_stat', 'det_hh_summ', 'mig_same', 'fam_under_18', 'country_father', 'country_mother', 'country_self', 'citizenship', 'own_or_self', 'vet_question', 'vet_benefits', 'year']}",0.9527086045483273,0.796718486808875,0.801398034460053,0.7924208495299603,243.22503519058228
"{'scaling': None, 'imputation': 'mode', 'cat_age': False, 'remove_outliers': True, 'merge_capital': True, 'downsampling_method': 'random', 'target_freq': 0.85, 'generate_dummies': False, 'remove_duplicates': True}","{'iterations': 750, 'depth': 6, 'border_count': 64, 'random_seed': 42, 'verbose': 0, 'loss_function': 'Logloss', 'eval_metric': 'F1', 'cat_features': ['class_worker', 'det_ind_code', 'det_occ_code', 'education', 'hs_college', 'marital_stat', 'major_ind_code', 'major_occ_code', 'race', 'hisp_origin', 'sex', 'union_member', 'unemp_reason', 'full_or_part_emp', 'tax_filer_stat', 'region_prev_res', 'state_prev_res', 'det_hh_fam_stat', 'det_hh_summ', 'mig_same', 'fam_under_18', 'country_father', 'country_mother', 'country_self', 'citizenship', 'own_or_self', 'vet_question', 'vet_benefits', 'year']}",0.9527086045483273,0.796718486808875,0.801398034460053,0.7924208495299603,253.20700025558472
"{'scaling': None, 'imputation': 'mode', 'cat_age': False, 'remove_outliers': False, 'merge_capital': False, 'downsampling_method': 'random', 'target_freq': 0.85, 'generate_dummies': False, 'remove_duplicates': True}","{'iterations': 750, 'depth': 4, 'border_count': 64, 'random_seed': 42, 'verbose': 0, 'loss_function': 'Logloss', 'eval_metric': 'AUC', 'cat_features': ['class_worker', 'det_ind_code', 'det_occ_code', 'education', 'hs_college', 'marital_stat', 'major_ind_code', 'major_occ_code', 'race', 'hisp_origin', 'sex', 'union_member', 'unemp_reason', 'full_or_part_emp', 'tax_filer_stat', 'region_prev_res', 'state_prev_res', 'det_hh_fam_stat', 'det_hh_summ', 'mig_same', 'fam_under_18', 'country_father', 'country_mother', 'country_self', 'citizenship', 'own_or_self', 'vet_question', 'vet_benefits', 'year']}",0.9530522756086786,0.7958157199690227,0.8040791416335719,0.7881403142629274,174.03751587867737
"{'scaling': None, 'imputation': 'mode', 'cat_age': False, 'remove_outliers': False, 'merge_capital': False, 'downsampling_method': 'random', 'target_freq': 0.85, 'generate_dummies': False, 'remove_duplicates': True}","{'iterations': 750, 'depth': 4, 'border_count': 64, 'random_seed': 42, 'verbose': 0, 'loss_function': 'Logloss', 'eval_metric': 'F1', 'cat_features': ['class_worker', 'det_ind_code', 'det_occ_code', 'education', 'hs_college', 'marital_stat', 'major_ind_code', 'major_occ_code', 'race', 'hisp_origin', 'sex', 'union_member', 'unemp_reason', 'full_or_part_emp', 'tax_filer_stat', 'region_prev_res', 'state_prev_res', 'det_hh_fam_stat', 'det_hh_summ', 'mig_same', 'fam_under_18', 'country_father', 'country_mother', 'country_self', 'citizenship', 'own_or_self', 'vet_question', 'vet_benefits', 'year']}",0.9530522756086786,0.7958157199690227,0.8040791416335719,0.7881403142629274,187.6030011177063
"{'scaling': None, 'imputation': 'mode', 'cat_age': False, 'remove_outliers': False, 'merge_capital': False, 'downsampling_method': 'random', 'target_freq': 0.8, 'generate_dummies': False, 'remove_duplicates': True}","{'iterations': 750, 'depth': 6, 'border_count': 64, 'random_seed': 42, 'verbose': 0, 'loss_function': 'Logloss', 'eval_metric': 'AUC', 'cat_features': ['class_worker', 'det_ind_code', 'det_occ_code', 'education', 'hs_college', 'marital_stat', 'major_ind_code', 'major_occ_code', 'race', 'hisp_origin', 'sex', 'union_member', 'unemp_reason', 'full_or_part_emp', 'tax_filer_stat', 'region_prev_res', 'state_prev_res', 'det_hh_fam_stat', 'det_hh_summ', 'mig_same', 'fam_under_18', 'country_father', 'country_mother', 'country_self', 'citizenship', 'own_or_self', 'vet_question', 'vet_benefits', 'year']}",0.9469305351864896,0.7928322198458531,0.7721943531719757,0.8179503302783946,206.02999711036682
"{'scaling': None, 'imputation': 'mode', 'cat_age': False, 'remove_outliers': False, 'merge_capital': False, 'downsampling_method': 'random', 'target_freq': 0.8, 'generate_dummies': False, 'remove_duplicates': True}","{'iterations': 750, 'depth': 6, 'border_count': 64, 'random_seed': 42, 'verbose': 0, 'loss_function': 'Logloss', 'eval_metric': 'F1', 'cat_features': ['class_worker', 'det_ind_code', 'det_occ_code', 'education', 'hs_college', 'marital_stat', 'major_ind_code', 'major_occ_code', 'race', 'hisp_origin', 'sex', 'union_member', 'unemp_reason', 'full_or_part_emp', 'tax_filer_stat', 'region_prev_res', 'state_prev_res', 'det_hh_fam_stat', 'det_hh_summ', 'mig_same', 'fam_under_18', 'country_father', 'country_mother', 'country_self', 'citizenship', 'own_or_self', 'vet_question', 'vet_benefits', 'year']}",0.9469305351864896,0.7928322198458531,0.7721943531719757,0.8179503302783946,207.37599897384644
"{'scaling': None, 'imputation': 'mode', 'cat_age': False, 'remove_outliers': True, 'merge_capital': True, 'downsampling_method': 'random', 'target_freq': 0.8, 'generate_dummies': False, 'remove_duplicates': True}","{'iterations': 750, 'depth': 6, 'border_count': 64, 'random_seed': 42, 'verbose': 0, 'loss_function': 'Logloss', 'eval_metric': 'AUC', 'cat_features': ['class_worker', 'det_ind_code', 'det_occ_code', 'education', 'hs_college', 'marital_stat', 'major_ind_code', 'major_occ_code', 'race', 'hisp_origin', 'sex', 'union_member', 'unemp_reason', 'full_or_part_emp', 'tax_filer_stat', 'region_prev_res', 'state_prev_res', 'det_hh_fam_stat', 'det_hh_summ', 'mig_same', 'fam_under_18', 'country_father', 'country_mother', 'country_self', 'citizenship', 'own_or_self', 'vet_question', 'vet_benefits', 'year']}",0.946601180517637,0.7927877468726813,0.770847710199327,0.8199015524839973,201.22200107574463
"{'scaling': None, 'imputation': 'mode', 'cat_age': False, 'remove_outliers': True, 'merge_capital': True, 'downsampling_method': 'random', 'target_freq': 0.8, 'generate_dummies': False, 'remove_duplicates': True}","{'iterations': 750, 'depth': 6, 'border_count': 64, 'random_seed': 42, 'verbose': 0, 'loss_function': 'Logloss', 'eval_metric': 'F1', 'cat_features': ['class_worker', 'det_ind_code', 'det_occ_code', 'education', 'hs_college', 'marital_stat', 'major_ind_code', 'major_occ_code', 'race', 'hisp_origin', 'sex', 'union_member', 'unemp_reason', 'full_or_part_emp', 'tax_filer_stat', 'region_prev_res', 'state_prev_res', 'det_hh_fam_stat', 'det_hh_summ', 'mig_same', 'fam_under_18', 'country_father', 'country_mother', 'country_self', 'citizenship', 'own_or_self', 'vet_question', 'vet_benefits', 'year']}",0.946601180517637,0.7927877468726813,0.770847710199327,0.8199015524839973,200.37199997901917
"{'scaling': None, 'imputation': 'mode', 'cat_age': False, 'remove_outliers': False, 'merge_capital': False, 'downsampling_method': 'random', 'target_freq': 0.8, 'generate_dummies': False, 'remove_duplicates': True}","{'iterations': 750, 'depth': 6, 'border_count': 96, 'random_seed': 42, 'verbose': 0, 'loss_function': 'Logloss', 'eval_metric': 'F1', 'cat_features': ['class_worker', 'det_ind_code', 'det_occ_code', 'education', 'hs_college', 'marital_stat', 'major_ind_code', 'major_occ_code', 'race', 'hisp_origin', 'sex', 'union_member', 'unemp_reason', 'full_or_part_emp', 'tax_filer_stat', 'region_prev_res', 'state_prev_res', 'det_hh_fam_stat', 'det_hh_summ', 'mig_same', 'fam_under_18', 'country_father', 'country_mother', 'country_self', 'citizenship', 'own_or_self', 'vet_question', 'vet_benefits', 'year']}",0.9470880541970077,0.7927822689658515,0.7728650818754226,0.8168658751707175,203.47599983215332
"{'scaling': None, 'imputation': 'mode', 'cat_age': False, 'remove_outliers': False, 'merge_capital': False, 'downsampling_method': 'random', 'target_freq': 0.8, 'generate_dummies': False, 'remove_duplicates': True}","{'iterations': 750, 'depth': 6, 'border_count': 96, 'random_seed': 42, 'verbose': 0, 'loss_function': 'Logloss', 'eval_metric': 'AUC', 'cat_features': ['class_worker', 'det_ind_code', 'det_occ_code', 'education', 'hs_college', 'marital_stat', 'major_ind_code', 'major_occ_code', 'race', 'hisp_origin', 'sex', 'union_member', 'unemp_reason', 'full_or_part_emp', 'tax_filer_stat', 'region_prev_res', 'state_prev_res', 'det_hh_fam_stat', 'det_hh_summ', 'mig_same', 'fam_under_18', 'country_father', 'country_mother', 'country_self', 'citizenship', 'own_or_self', 'vet_question', 'vet_benefits', 'year']}",0.9470880541970077,0.7927822689658515,0.7728650818754226,0.8168658751707175,206.82600164413452
"{'scaling': None, 'imputation': 'mode', 'cat_age': False, 'remove_outliers': False, 'merge_capital': False, 'downsampling_method': 'random', 'target_freq': 0.8, 'generate_dummies': False, 'remove_duplicates': True}","{'iterations': 500, 'depth': 6, 'border_count': 96, 'random_seed': 42, 'verbose': 0, 'loss_function': 'Logloss', 'eval_metric': 'AUC', 'cat_features': ['class_worker', 'det_ind_code', 'det_occ_code', 'education', 'hs_college', 'marital_stat', 'major_ind_code', 'major_occ_code', 'race', 'hisp_origin', 'sex', 'union_member', 'unemp_reason', 'full_or_part_emp', 'tax_filer_stat', 'region_prev_res', 'state_prev_res', 'det_hh_fam_stat', 'det_hh_summ', 'mig_same', 'fam_under_18', 'country_father', 'country_mother', 'country_self', 'citizenship', 'own_or_self', 'vet_question', 'vet_benefits', 'year']}",0.9470307770966988,0.7927624574088358,0.7726402510281689,0.8171607440875632,136.4489984512329
"{'scaling': None, 'imputation': 'mode', 'cat_age': False, 'remove_outliers': False, 'merge_capital': False, 'downsampling_method': 'random', 'target_freq': 0.8, 'generate_dummies': False, 'remove_duplicates': True}","{'iterations': 500, 'depth': 6, 'border_count': 96, 'random_seed': 42, 'verbose': 0, 'loss_function': 'Logloss', 'eval_metric': 'F1', 'cat_features': ['class_worker', 'det_ind_code', 'det_occ_code', 'education', 'hs_college', 'marital_stat', 'major_ind_code', 'major_occ_code', 'race', 'hisp_origin', 'sex', 'union_member', 'unemp_reason', 'full_or_part_emp', 'tax_filer_stat', 'region_prev_res', 'state_prev_res', 'det_hh_fam_stat', 'det_hh_summ', 'mig_same', 'fam_under_18', 'country_father', 'country_mother', 'country_self', 'citizenship', 'own_or_self', 'vet_question', 'vet_benefits', 'year']}",0.9470307770966988,0.7927624574088358,0.7726402510281689,0.8171607440875632,134.974999666214
"{'scaling': None, 'imputation': 'mode', 'cat_age': False, 'remove_outliers': False, 'merge_capital': True, 'downsampling_method': 'random', 'target_freq': 0.8, 'generate_dummies': False, 'remove_duplicates': True}","{'iterations': 750, 'depth': 6, 'border_count': 64, 'random_seed': 42, 'verbose': 0, 'loss_function': 'Logloss', 'eval_metric': 'F1', 'cat_features': ['class_worker', 'det_ind_code', 'det_occ_code', 'education', 'hs_college', 'marital_stat', 'major_ind_code', 'major_occ_code', 'race', 'hisp_origin', 'sex', 'union_member', 'unemp_reason', 'full_or_part_emp', 'tax_filer_stat', 'region_prev_res', 'state_prev_res', 'det_hh_fam_stat', 'det_hh_summ', 'mig_same', 'fam_under_18', 'country_father', 'country_mother', 'country_self', 'citizenship', 'own_or_self', 'vet_question', 'vet_benefits', 'year']}",0.9468804185887929,0.7924679567290999,0.7720368985913458,0.8172881497291632,214.35300016403198
"{'scaling': None, 'imputation': 'mode', 'cat_age': False, 'remove_outliers': False, 'merge_capital': True, 'downsampling_method': 'random', 'target_freq': 0.8, 'generate_dummies': False, 'remove_duplicates': True}","{'iterations': 750, 'depth': 6, 'border_count': 64, 'random_seed': 42, 'verbose': 0, 'loss_function': 'Logloss', 'eval_metric': 'AUC', 'cat_features': ['class_worker', 'det_ind_code', 'det_occ_code', 'education', 'hs_college', 'marital_stat', 'major_ind_code', 'major_occ_code', 'race', 'hisp_origin', 'sex', 'union_member', 'unemp_reason', 'full_or_part_emp', 'tax_filer_stat', 'region_prev_res', 'state_prev_res', 'det_hh_fam_stat', 'det_hh_summ', 'mig_same', 'fam_under_18', 'country_father', 'country_mother', 'country_self', 'citizenship', 'own_or_self', 'vet_question', 'vet_benefits', 'year']}",0.9468804185887929,0.7924679567290999,0.7720368985913458,0.8172881497291632,211.20799899101257
"{'scaling': None, 'imputation': 'mode', 'cat_age': False, 'remove_outliers': False, 'merge_capital': False, 'downsampling_method': 'random', 'target_freq': 0.8, 'generate_dummies': False, 'remove_duplicates': True}","{'iterations': 500, 'depth': 6, 'border_count': 64, 'random_seed': 42, 'verbose': 0, 'loss_function': 'Logloss', 'eval_metric': 'AUC', 'cat_features': ['class_worker', 'det_ind_code', 'det_occ_code', 'education', 'hs_college', 'marital_stat', 'major_ind_code', 'major_occ_code', 'race', 'hisp_origin', 'sex', 'union_member', 'unemp_reason', 'full_or_part_emp', 'tax_filer_stat', 'region_prev_res', 'state_prev_res', 'det_hh_fam_stat', 'det_hh_summ', 'mig_same', 'fam_under_18', 'country_father', 'country_mother', 'country_self', 'citizenship', 'own_or_self', 'vet_question', 'vet_benefits', 'year']}",0.9468302968647342,0.7922827074828167,0.7718701163425826,0.8171045156118637,130.39500045776367
"{'scaling': None, 'imputation': 'mode', 'cat_age': False, 'remove_outliers': False, 'merge_capital': False, 'downsampling_method': 'random', 'target_freq': 0.8, 'generate_dummies': False, 'remove_duplicates': True}","{'iterations': 500, 'depth': 6, 'border_count': 64, 'random_seed': 42, 'verbose': 0, 'loss_function': 'Logloss', 'eval_metric': 'F1', 'cat_features': ['class_worker', 'det_ind_code', 'det_occ_code', 'education', 'hs_college', 'marital_stat', 'major_ind_code', 'major_occ_code', 'race', 'hisp_origin', 'sex', 'union_member', 'unemp_reason', 'full_or_part_emp', 'tax_filer_stat', 'region_prev_res', 'state_prev_res', 'det_hh_fam_stat', 'det_hh_summ', 'mig_same', 'fam_under_18', 'country_father', 'country_mother', 'country_self', 'citizenship', 'own_or_self', 'vet_question', 'vet_benefits', 'year']}",0.9468302968647342,0.7922827074828167,0.7718701163425826,0.8171045156118637,133.6520013809204
"{'scaling': None, 'imputation': 'mode', 'cat_age': False, 'remove_outliers': False, 'merge_capital': False, 'downsampling_method': 'random', 'target_freq': 0.8, 'generate_dummies': False, 'remove_duplicates': True}","{'iterations': 750, 'depth': 6, 'border_count': 32, 'random_seed': 42, 'verbose': 0, 'loss_function': 'Logloss', 'eval_metric': 'AUC', 'cat_features': ['class_worker', 'det_ind_code', 'det_occ_code', 'education', 'hs_college', 'marital_stat', 'major_ind_code', 'major_occ_code', 'race', 'hisp_origin', 'sex', 'union_member', 'unemp_reason', 'full_or_part_emp', 'tax_filer_stat', 'region_prev_res', 'state_prev_res', 'det_hh_fam_stat', 'det_hh_summ', 'mig_same', 'fam_under_18', 'country_father', 'country_mother', 'country_self', 'citizenship', 'own_or_self', 'vet_question', 'vet_benefits', 'year']}",0.9466799429705542,0.7919472997849212,0.7712859869311742,0.8171156887075564,207.97699999809265
"{'scaling': None, 'imputation': 'mode', 'cat_age': False, 'remove_outliers': False, 'merge_capital': False, 'downsampling_method': 'random', 'target_freq': 0.8, 'generate_dummies': False, 'remove_duplicates': True}","{'iterations': 750, 'depth': 6, 'border_count': 32, 'random_seed': 42, 'verbose': 0, 'loss_function': 'Logloss', 'eval_metric': 'F1', 'cat_features': ['class_worker', 'det_ind_code', 'det_occ_code', 'education', 'hs_college', 'marital_stat', 'major_ind_code', 'major_occ_code', 'race', 'hisp_origin', 'sex', 'union_member', 'unemp_reason', 'full_or_part_emp', 'tax_filer_stat', 'region_prev_res', 'state_prev_res', 'det_hh_fam_stat', 'det_hh_summ', 'mig_same', 'fam_under_18', 'country_father', 'country_mother', 'country_self', 'citizenship', 'own_or_self', 'vet_question', 'vet_benefits', 'year']}",0.9466799429705542,0.7919472997849212,0.7712859869311742,0.8171156887075564,202.4630002975464
"{'scaling': None, 'imputation': 'mode', 'cat_age': False, 'remove_outliers': False, 'merge_capital': False, 'downsampling_method': 'random', 'target_freq': 0.8, 'generate_dummies': False, 'remove_duplicates': True}","{'iterations': 750, 'depth': 4, 'border_count': 64, 'random_seed': 42, 'verbose': 0, 'loss_function': 'Logloss', 'eval_metric': 'AUC', 'cat_features': ['class_worker', 'det_ind_code', 'det_occ_code', 'education', 'hs_college', 'marital_stat', 'major_ind_code', 'major_occ_code', 'race', 'hisp_origin', 'sex', 'union_member', 'unemp_reason', 'full_or_part_emp', 'tax_filer_stat', 'region_prev_res', 'state_prev_res', 'det_hh_fam_stat', 'det_hh_summ', 'mig_same', 'fam_under_18', 'country_father', 'country_mother', 'country_self', 'citizenship', 'own_or_self', 'vet_question', 'vet_benefits', 'year']}",0.9468804198703834,0.7917584989619917,0.772145652721148,0.8154287208915688,130.15299773216248
"{'scaling': None, 'imputation': 'mode', 'cat_age': False, 'remove_outliers': False, 'merge_capital': False, 'downsampling_method': 'random', 'target_freq': 0.8, 'generate_dummies': False, 'remove_duplicates': True}","{'iterations': 750, 'depth': 4, 'border_count': 64, 'random_seed': 42, 'verbose': 0, 'loss_function': 'Logloss', 'eval_metric': 'F1', 'cat_features': ['class_worker', 'det_ind_code', 'det_occ_code', 'education', 'hs_college', 'marital_stat', 'major_ind_code', 'major_occ_code', 'race', 'hisp_origin', 'sex', 'union_member', 'unemp_reason', 'full_or_part_emp', 'tax_filer_stat', 'region_prev_res', 'state_prev_res', 'det_hh_fam_stat', 'det_hh_summ', 'mig_same', 'fam_under_18', 'country_father', 'country_mother', 'country_self', 'citizenship', 'own_or_self', 'vet_question', 'vet_benefits', 'year']}",0.9468804198703834,0.7917584989619917,0.772145652721148,0.8154287208915688,131.5640003681183
"{'scaling': None, 'imputation': 'mode', 'cat_age': False, 'remove_outliers': False, 'merge_capital': False, 'downsampling_method': 'random', 'target_freq': 0.8, 'generate_dummies': False, 'remove_duplicates': True}","{'iterations': 500, 'depth': 4, 'border_count': 96, 'random_seed': 42, 'verbose': 0, 'loss_function': 'Logloss', 'eval_metric': 'F1', 'cat_features': ['class_worker', 'det_ind_code', 'det_occ_code', 'education', 'hs_college', 'marital_stat', 'major_ind_code', 'major_occ_code', 'race', 'hisp_origin', 'sex', 'union_member', 'unemp_reason', 'full_or_part_emp', 'tax_filer_stat', 'region_prev_res', 'state_prev_res', 'det_hh_fam_stat', 'det_hh_summ', 'mig_same', 'fam_under_18', 'country_father', 'country_mother', 'country_self', 'citizenship', 'own_or_self', 'vet_question', 'vet_benefits', 'year']}",0.9468159830364167,0.7917237492770701,0.7719040897657907,0.8157153429623957,86.94199967384338
"{'scaling': None, 'imputation': 'mode', 'cat_age': False, 'remove_outliers': False, 'merge_capital': False, 'downsampling_method': 'random', 'target_freq': 0.8, 'generate_dummies': False, 'remove_duplicates': True}","{'iterations': 500, 'depth': 4, 'border_count': 96, 'random_seed': 42, 'verbose': 0, 'loss_function': 'Logloss', 'eval_metric': 'AUC', 'cat_features': ['class_worker', 'det_ind_code', 'det_occ_code', 'education', 'hs_college', 'marital_stat', 'major_ind_code', 'major_occ_code', 'race', 'hisp_origin', 'sex', 'union_member', 'unemp_reason', 'full_or_part_emp', 'tax_filer_stat', 'region_prev_res', 'state_prev_res', 'det_hh_fam_stat', 'det_hh_summ', 'mig_same', 'fam_under_18', 'country_father', 'country_mother', 'country_self', 'citizenship', 'own_or_self', 'vet_question', 'vet_benefits', 'year']}",0.9468159830364167,0.7917237492770701,0.7719040897657907,0.8157153429623957,88.53900003433228
"{'scaling': None, 'imputation': 'mode', 'cat_age': False, 'remove_outliers': True, 'merge_capital': False, 'downsampling_method': 'random', 'target_freq': 0.8, 'generate_dummies': False, 'remove_duplicates': True}","{'iterations': 750, 'depth': 6, 'border_count': 64, 'random_seed': 42, 'verbose': 0, 'loss_function': 'Logloss', 'eval_metric': 'F1', 'cat_features': ['class_worker', 'det_ind_code', 'det_occ_code', 'education', 'hs_college', 'marital_stat', 'major_ind_code', 'major_occ_code', 'race', 'hisp_origin', 'sex', 'union_member', 'unemp_reason', 'full_or_part_emp', 'tax_filer_stat', 'region_prev_res', 'state_prev_res', 'det_hh_fam_stat', 'det_hh_summ', 'mig_same', 'fam_under_18', 'country_father', 'country_mother', 'country_self', 'citizenship', 'own_or_self', 'vet_question', 'vet_benefits', 'year']}",0.9462145492611116,0.791608159459883,0.7695075230781878,0.8190521034954218,207.88999915122986
"{'scaling': None, 'imputation': 'mode', 'cat_age': False, 'remove_outliers': True, 'merge_capital': False, 'downsampling_method': 'random', 'target_freq': 0.8, 'generate_dummies': False, 'remove_duplicates': True}","{'iterations': 750, 'depth': 6, 'border_count': 64, 'random_seed': 42, 'verbose': 0, 'loss_function': 'Logloss', 'eval_metric': 'AUC', 'cat_features': ['class_worker', 'det_ind_code', 'det_occ_code', 'education', 'hs_college', 'marital_stat', 'major_ind_code', 'major_occ_code', 'race', 'hisp_origin', 'sex', 'union_member', 'unemp_reason', 'full_or_part_emp', 'tax_filer_stat', 'region_prev_res', 'state_prev_res', 'det_hh_fam_stat', 'det_hh_summ', 'mig_same', 'fam_under_18', 'country_father', 'country_mother', 'country_self', 'citizenship', 'own_or_self', 'vet_question', 'vet_benefits', 'year']}",0.9462145492611116,0.791608159459883,0.7695075230781878,0.8190521034954218,202.36899852752686
"{'scaling': None, 'imputation': 'mode', 'cat_age': False, 'remove_outliers': False, 'merge_capital': False, 'downsampling_method': 'random', 'target_freq': 0.8, 'generate_dummies': False, 'remove_duplicates': True}","{'iterations': 500, 'depth': 4, 'border_count': 64, 'random_seed': 42, 'verbose': 0, 'loss_function': 'Logloss', 'eval_metric': 'F1', 'cat_features': ['class_worker', 'det_ind_code', 'det_occ_code', 'education', 'hs_college', 'marital_stat', 'major_ind_code', 'major_occ_code', 'race', 'hisp_origin', 'sex', 'union_member', 'unemp_reason', 'full_or_part_emp', 'tax_filer_stat', 'region_prev_res', 'state_prev_res', 'det_hh_fam_stat', 'det_hh_summ', 'mig_same', 'fam_under_18', 'country_father', 'country_mother', 'country_self', 'citizenship', 'own_or_self', 'vet_question', 'vet_benefits', 'year']}",0.9467515449208592,0.7914219146284937,0.7716880638410323,0.815305959926552,85.3600001335144
"{'scaling': None, 'imputation': 'mode', 'cat_age': False, 'remove_outliers': False, 'merge_capital': False, 'downsampling_method': 'random', 'target_freq': 0.8, 'generate_dummies': False, 'remove_duplicates': True}","{'iterations': 500, 'depth': 4, 'border_count': 64, 'random_seed': 42, 'verbose': 0, 'loss_function': 'Logloss', 'eval_metric': 'AUC', 'cat_features': ['class_worker', 'det_ind_code', 'det_occ_code', 'education', 'hs_college', 'marital_stat', 'major_ind_code', 'major_occ_code', 'race', 'hisp_origin', 'sex', 'union_member', 'unemp_reason', 'full_or_part_emp', 'tax_filer_stat', 'region_prev_res', 'state_prev_res', 'det_hh_fam_stat', 'det_hh_summ', 'mig_same', 'fam_under_18', 'country_father', 'country_mother', 'country_self', 'citizenship', 'own_or_self', 'vet_question', 'vet_benefits', 'year']}",0.9467515449208592,0.7914219146284937,0.7716880638410323,0.815305959926552,84.72899985313416
"{'scaling': None, 'imputation': 'mode', 'cat_age': False, 'remove_outliers': False, 'merge_capital': False, 'downsampling_method': 'random', 'target_freq': 0.8, 'generate_dummies': False, 'remove_duplicates': True}","{'iterations': 500, 'depth': 6, 'border_count': 32, 'random_seed': 42, 'verbose': 0, 'loss_function': 'Logloss', 'eval_metric': 'AUC', 'cat_features': ['class_worker', 'det_ind_code', 'det_occ_code', 'education', 'hs_college', 'marital_stat', 'major_ind_code', 'major_occ_code', 'race', 'hisp_origin', 'sex', 'union_member', 'unemp_reason', 'full_or_part_emp', 'tax_filer_stat', 'region_prev_res', 'state_prev_res', 'det_hh_fam_stat', 'det_hh_summ', 'mig_same', 'fam_under_18', 'country_father', 'country_mother', 'country_self', 'citizenship', 'own_or_self', 'vet_question', 'vet_benefits', 'year']}",0.9464794619696353,0.791409741464852,0.7705046579867769,0.8169569914240373,130.7126784324646
"{'scaling': None, 'imputation': 'mode', 'cat_age': False, 'remove_outliers': False, 'merge_capital': False, 'downsampling_method': 'random', 'target_freq': 0.8, 'generate_dummies': False, 'remove_duplicates': True}","{'iterations': 500, 'depth': 6, 'border_count': 32, 'random_seed': 42, 'verbose': 0, 'loss_function': 'Logloss', 'eval_metric': 'F1', 'cat_features': ['class_worker', 'det_ind_code', 'det_occ_code', 'education', 'hs_college', 'marital_stat', 'major_ind_code', 'major_occ_code', 'race', 'hisp_origin', 'sex', 'union_member', 'unemp_reason', 'full_or_part_emp', 'tax_filer_stat', 'region_prev_res', 'state_prev_res', 'det_hh_fam_stat', 'det_hh_summ', 'mig_same', 'fam_under_18', 'country_father', 'country_mother', 'country_self', 'citizenship', 'own_or_self', 'vet_question', 'vet_benefits', 'year']}",0.9464794619696353,0.791409741464852,0.7705046579867769,0.8169569914240373,131.69999980926514
"{'scaling': None, 'imputation': 'mode', 'cat_age': False, 'remove_outliers': True, 'merge_capital': False, 'downsampling_method': 'random', 'target_freq': 0.9, 'generate_dummies': False, 'remove_duplicates': True}","{'iterations': 750, 'depth': 6, 'border_count': 64, 'random_seed': 42, 'verbose': 0, 'loss_function': 'Logloss', 'eval_metric': 'AUC', 'cat_features': ['class_worker', 'det_ind_code', 'det_occ_code', 'education', 'hs_college', 'marital_stat', 'major_ind_code', 'major_occ_code', 'race', 'hisp_origin', 'sex', 'union_member', 'unemp_reason', 'full_or_part_emp', 'tax_filer_stat', 'region_prev_res', 'state_prev_res', 'det_hh_fam_stat', 'det_hh_summ', 'mig_same', 'fam_under_18', 'country_father', 'country_mother', 'country_self', 'citizenship', 'own_or_self', 'vet_question', 'vet_benefits', 'year']}",0.9568112452269115,0.7911586524625854,0.8412041921229955,0.7555851066490612,343.44804334640503
"{'scaling': None, 'imputation': 'mode', 'cat_age': False, 'remove_outliers': True, 'merge_capital': False, 'downsampling_method': 'random', 'target_freq': 0.9, 'generate_dummies': False, 'remove_duplicates': True}","{'iterations': 750, 'depth': 6, 'border_count': 64, 'random_seed': 42, 'verbose': 0, 'loss_function': 'Logloss', 'eval_metric': 'F1', 'cat_features': ['class_worker', 'det_ind_code', 'det_occ_code', 'education', 'hs_college', 'marital_stat', 'major_ind_code', 'major_occ_code', 'race', 'hisp_origin', 'sex', 'union_member', 'unemp_reason', 'full_or_part_emp', 'tax_filer_stat', 'region_prev_res', 'state_prev_res', 'det_hh_fam_stat', 'det_hh_summ', 'mig_same', 'fam_under_18', 'country_father', 'country_mother', 'country_self', 'citizenship', 'own_or_self', 'vet_question', 'vet_benefits', 'year']}",0.9568112452269115,0.7911586524625854,0.8412041921229955,0.7555851066490612,343.2649998664856
"{'scaling': None, 'imputation': 'mode', 'cat_age': False, 'remove_outliers': False, 'merge_capital': False, 'downsampling_method': 'random', 'target_freq': 0.8, 'generate_dummies': False, 'remove_duplicates': True}","{'iterations': 750, 'depth': 4, 'border_count': 32, 'random_seed': 42, 'verbose': 0, 'loss_function': 'Logloss', 'eval_metric': 'AUC', 'cat_features': ['class_worker', 'det_ind_code', 'det_occ_code', 'education', 'hs_college', 'marital_stat', 'major_ind_code', 'major_occ_code', 'race', 'hisp_origin', 'sex', 'union_member', 'unemp_reason', 'full_or_part_emp', 'tax_filer_stat', 'region_prev_res', 'state_prev_res', 'det_hh_fam_stat', 'det_hh_summ', 'mig_same', 'fam_under_18', 'country_father', 'country_mother', 'country_self', 'citizenship', 'own_or_self', 'vet_question', 'vet_benefits', 'year']}",0.9465152601252887,0.7907859157694639,0.7707478771012287,0.8150738381586686,130.61200046539307
"{'scaling': None, 'imputation': 'mode', 'cat_age': False, 'remove_outliers': False, 'merge_capital': False, 'downsampling_method': 'random', 'target_freq': 0.8, 'generate_dummies': False, 'remove_duplicates': True}","{'iterations': 750, 'depth': 4, 'border_count': 32, 'random_seed': 42, 'verbose': 0, 'loss_function': 'Logloss', 'eval_metric': 'F1', 'cat_features': ['class_worker', 'det_ind_code', 'det_occ_code', 'education', 'hs_college', 'marital_stat', 'major_ind_code', 'major_occ_code', 'race', 'hisp_origin', 'sex', 'union_member', 'unemp_reason', 'full_or_part_emp', 'tax_filer_stat', 'region_prev_res', 'state_prev_res', 'det_hh_fam_stat', 'det_hh_summ', 'mig_same', 'fam_under_18', 'country_father', 'country_mother', 'country_self', 'citizenship', 'own_or_self', 'vet_question', 'vet_benefits', 'year']}",0.9465152601252887,0.7907859157694639,0.7707478771012287,0.8150738381586686,132.8829996585846
"{'scaling': None, 'imputation': 'mode', 'cat_age': False, 'remove_outliers': False, 'merge_capital': False, 'downsampling_method': 'random', 'target_freq': 0.8, 'generate_dummies': False, 'remove_duplicates': True}","{'iterations': 500, 'depth': 4, 'border_count': 32, 'random_seed': 42, 'verbose': 0, 'loss_function': 'Logloss', 'eval_metric': 'AUC', 'cat_features': ['class_worker', 'det_ind_code', 'det_occ_code', 'education', 'hs_college', 'marital_stat', 'major_ind_code', 'major_occ_code', 'race', 'hisp_origin', 'sex', 'union_member', 'unemp_reason', 'full_or_part_emp', 'tax_filer_stat', 'region_prev_res', 'state_prev_res', 'det_hh_fam_stat', 'det_hh_summ', 'mig_same', 'fam_under_18', 'country_father', 'country_mother', 'country_self', 'citizenship', 'own_or_self', 'vet_question', 'vet_benefits', 'year']}",0.9464937837438141,0.7905310826459947,0.770698587563158,0.814534771307855,84.09100008010864
"{'scaling': None, 'imputation': 'mode', 'cat_age': False, 'remove_outliers': False, 'merge_capital': False, 'downsampling_method': 'random', 'target_freq': 0.8, 'generate_dummies': False, 'remove_duplicates': True}","{'iterations': 500, 'depth': 4, 'border_count': 32, 'random_seed': 42, 'verbose': 0, 'loss_function': 'Logloss', 'eval_metric': 'F1', 'cat_features': ['class_worker', 'det_ind_code', 'det_occ_code', 'education', 'hs_college', 'marital_stat', 'major_ind_code', 'major_occ_code', 'race', 'hisp_origin', 'sex', 'union_member', 'unemp_reason', 'full_or_part_emp', 'tax_filer_stat', 'region_prev_res', 'state_prev_res', 'det_hh_fam_stat', 'det_hh_summ', 'mig_same', 'fam_under_18', 'country_father', 'country_mother', 'country_self', 'citizenship', 'own_or_self', 'vet_question', 'vet_benefits', 'year']}",0.9464937837438141,0.7905310826459947,0.770698587563158,0.814534771307855,86.69699954986572
"{'scaling': None, 'imputation': 'mode', 'cat_age': False, 'remove_outliers': False, 'merge_capital': False, 'downsampling_method': 'random', 'target_freq': 0.8, 'generate_dummies': False, 'remove_duplicates': True}","{'iterations': 750, 'depth': 4, 'border_count': 96, 'random_seed': 42, 'verbose': 0, 'loss_function': 'Logloss', 'eval_metric': 'F1', 'cat_features': ['class_worker', 'det_ind_code', 'det_occ_code', 'education', 'hs_college', 'marital_stat', 'major_ind_code', 'major_occ_code', 'race', 'hisp_origin', 'sex', 'union_member', 'unemp_reason', 'full_or_part_emp', 'tax_filer_stat', 'region_prev_res', 'state_prev_res', 'det_hh_fam_stat', 'det_hh_summ', 'mig_same', 'fam_under_18', 'country_father', 'country_mother', 'country_self', 'citizenship', 'own_or_self', 'vet_question', 'vet_benefits', 'year']}",0.9465725441461865,0.7905223472154497,0.771037305535495,0.8140592145333212,135.25899982452393
"{'scaling': None, 'imputation': 'mode', 'cat_age': False, 'remove_outliers': False, 'merge_capital': False, 'downsampling_method': 'random', 'target_freq': 0.8, 'generate_dummies': False, 'remove_duplicates': True}","{'iterations': 750, 'depth': 4, 'border_count': 96, 'random_seed': 42, 'verbose': 0, 'loss_function': 'Logloss', 'eval_metric': 'AUC', 'cat_features': ['class_worker', 'det_ind_code', 'det_occ_code', 'education', 'hs_college', 'marital_stat', 'major_ind_code', 'major_occ_code', 'race', 'hisp_origin', 'sex', 'union_member', 'unemp_reason', 'full_or_part_emp', 'tax_filer_stat', 'region_prev_res', 'state_prev_res', 'det_hh_fam_stat', 'det_hh_summ', 'mig_same', 'fam_under_18', 'country_father', 'country_mother', 'country_self', 'citizenship', 'own_or_self', 'vet_question', 'vet_benefits', 'year']}",0.9465725441461865,0.7905223472154497,0.771037305535495,0.8140592145333212,136.4799997806549
"{'scaling': None, 'imputation': 'mode', 'cat_age': False, 'remove_outliers': True, 'merge_capital': True, 'downsampling_method': 'random', 'target_freq': 0.9, 'generate_dummies': False, 'remove_duplicates': True}","{'iterations': 750, 'depth': 6, 'border_count': 64, 'random_seed': 42, 'verbose': 0, 'loss_function': 'Logloss', 'eval_metric': 'F1', 'cat_features': ['class_worker', 'det_ind_code', 'det_occ_code', 'education', 'hs_college', 'marital_stat', 'major_ind_code', 'major_occ_code', 'race', 'hisp_origin', 'sex', 'union_member', 'unemp_reason', 'full_or_part_emp', 'tax_filer_stat', 'region_prev_res', 'state_prev_res', 'det_hh_fam_stat', 'det_hh_summ', 'mig_same', 'fam_under_18', 'country_father', 'country_mother', 'country_self', 'citizenship', 'own_or_self', 'vet_question', 'vet_benefits', 'year']}",0.9566752041357767,0.790091493966655,0.8408620528761321,0.7541966955562482,342.1229999065399
"{'scaling': None, 'imputation': 'mode', 'cat_age': False, 'remove_outliers': True, 'merge_capital': True, 'downsampling_method': 'random', 'target_freq': 0.9, 'generate_dummies': False, 'remove_duplicates': True}","{'iterations': 750, 'depth': 6, 'border_count': 64, 'random_seed': 42, 'verbose': 0, 'loss_function': 'Logloss', 'eval_metric': 'AUC', 'cat_features': ['class_worker', 'det_ind_code', 'det_occ_code', 'education', 'hs_college', 'marital_stat', 'major_ind_code', 'major_occ_code', 'race', 'hisp_origin', 'sex', 'union_member', 'unemp_reason', 'full_or_part_emp', 'tax_filer_stat', 'region_prev_res', 'state_prev_res', 'det_hh_fam_stat', 'det_hh_summ', 'mig_same', 'fam_under_18', 'country_father', 'country_mother', 'country_self', 'citizenship', 'own_or_self', 'vet_question', 'vet_benefits', 'year']}",0.9566752041357767,0.790091493966655,0.8408620528761321,0.7541966955562482,337.7895460128784
"{'scaling': None, 'imputation': 'mode', 'cat_age': False, 'remove_outliers': False, 'merge_capital': False, 'downsampling_method': 'random', 'target_freq': 0.9, 'generate_dummies': False, 'remove_duplicates': True}","{'iterations': 750, 'depth': 6, 'border_count': 64, 'random_seed': 42, 'verbose': 0, 'loss_function': 'Logloss', 'eval_metric': 'AUC', 'cat_features': ['class_worker', 'det_ind_code', 'det_occ_code', 'education', 'hs_college', 'marital_stat', 'major_ind_code', 'major_occ_code', 'race', 'hisp_origin', 'sex', 'union_member', 'unemp_reason', 'full_or_part_emp', 'tax_filer_stat', 'region_prev_res', 'state_prev_res', 'det_hh_fam_stat', 'det_hh_summ', 'mig_same', 'fam_under_18', 'country_father', 'country_mother', 'country_self', 'citizenship', 'own_or_self', 'vet_question', 'vet_benefits', 'year']}",0.9571191255648344,0.7898177760075532,0.8463272793848102,0.7511489692661435,349.25503945350647
"{'scaling': None, 'imputation': 'mode', 'cat_age': False, 'remove_outliers': False, 'merge_capital': False, 'downsampling_method': 'random', 'target_freq': 0.9, 'generate_dummies': False, 'remove_duplicates': True}","{'iterations': 750, 'depth': 6, 'border_count': 64, 'random_seed': 42, 'verbose': 0, 'loss_function': 'Logloss', 'eval_metric': 'F1', 'cat_features': ['class_worker', 'det_ind_code', 'det_occ_code', 'education', 'hs_college', 'marital_stat', 'major_ind_code', 'major_occ_code', 'race', 'hisp_origin', 'sex', 'union_member', 'unemp_reason', 'full_or_part_emp', 'tax_filer_stat', 'region_prev_res', 'state_prev_res', 'det_hh_fam_stat', 'det_hh_summ', 'mig_same', 'fam_under_18', 'country_father', 'country_mother', 'country_self', 'citizenship', 'own_or_self', 'vet_question', 'vet_benefits', 'year']}",0.9571191255648344,0.7898177760075532,0.8463272793848102,0.7511489692661435,349.3699996471405
"{'scaling': None, 'imputation': 'mode', 'cat_age': False, 'remove_outliers': False, 'merge_capital': True, 'downsampling_method': 'random', 'target_freq': 0.9, 'generate_dummies': False, 'remove_duplicates': True}","{'iterations': 750, 'depth': 6, 'border_count': 64, 'random_seed': 42, 'verbose': 0, 'loss_function': 'Logloss', 'eval_metric': 'AUC', 'cat_features': ['class_worker', 'det_ind_code', 'det_occ_code', 'education', 'hs_college', 'marital_stat', 'major_ind_code', 'major_occ_code', 'race', 'hisp_origin', 'sex', 'union_member', 'unemp_reason', 'full_or_part_emp', 'tax_filer_stat', 'region_prev_res', 'state_prev_res', 'det_hh_fam_stat', 'det_hh_summ', 'mig_same', 'fam_under_18', 'country_father', 'country_mother', 'country_self', 'citizenship', 'own_or_self', 'vet_question', 'vet_benefits', 'year']}",0.956567808130908,0.7876335527766039,0.8424629550629525,0.7498417166623575,344.02054262161255
"{'scaling': None, 'imputation': 'mode', 'cat_age': False, 'remove_outliers': False, 'merge_capital': True, 'downsampling_method': 'random', 'target_freq': 0.9, 'generate_dummies': False, 'remove_duplicates': True}","{'iterations': 750, 'depth': 6, 'border_count': 64, 'random_seed': 42, 'verbose': 0, 'loss_function': 'Logloss', 'eval_metric': 'F1', 'cat_features': ['class_worker', 'det_ind_code', 'det_occ_code', 'education', 'hs_college', 'marital_stat', 'major_ind_code', 'major_occ_code', 'race', 'hisp_origin', 'sex', 'union_member', 'unemp_reason', 'full_or_part_emp', 'tax_filer_stat', 'region_prev_res', 'state_prev_res', 'det_hh_fam_stat', 'det_hh_summ', 'mig_same', 'fam_under_18', 'country_father', 'country_mother', 'country_self', 'citizenship', 'own_or_self', 'vet_question', 'vet_benefits', 'year']}",0.956567808130908,0.7876335527766039,0.8424629550629525,0.7498417166623575,353.7880001068115
"{'scaling': None, 'imputation': 'mode', 'cat_age': False, 'remove_outliers': False, 'merge_capital': False, 'downsampling_method': 'random', 'target_freq': 0.8, 'generate_dummies': False, 'remove_duplicates': True}","{'iterations': 500, 'depth': 2, 'border_count': 96, 'random_seed': 42, 'verbose': 0, 'loss_function': 'Logloss', 'eval_metric': 'F1', 'cat_features': ['class_worker', 'det_ind_code', 'det_occ_code', 'education', 'hs_college', 'marital_stat', 'major_ind_code', 'major_occ_code', 'race', 'hisp_origin', 'sex', 'union_member', 'unemp_reason', 'full_or_part_emp', 'tax_filer_stat', 'region_prev_res', 'state_prev_res', 'det_hh_fam_stat', 'det_hh_summ', 'mig_same', 'fam_under_18', 'country_father', 'country_mother', 'country_self', 'citizenship', 'own_or_self', 'vet_question', 'vet_benefits', 'year']}",0.9457921108777991,0.7858978887297547,0.7682893733829095,0.8067779149505467,43.93399953842163
"{'scaling': None, 'imputation': 'mode', 'cat_age': False, 'remove_outliers': False, 'merge_capital': False, 'downsampling_method': 'random', 'target_freq': 0.8, 'generate_dummies': False, 'remove_duplicates': True}","{'iterations': 500, 'depth': 2, 'border_count': 96, 'random_seed': 42, 'verbose': 0, 'loss_function': 'Logloss', 'eval_metric': 'AUC', 'cat_features': ['class_worker', 'det_ind_code', 'det_occ_code', 'education', 'hs_college', 'marital_stat', 'major_ind_code', 'major_occ_code', 'race', 'hisp_origin', 'sex', 'union_member', 'unemp_reason', 'full_or_part_emp', 'tax_filer_stat', 'region_prev_res', 'state_prev_res', 'det_hh_fam_stat', 'det_hh_summ', 'mig_same', 'fam_under_18', 'country_father', 'country_mother', 'country_self', 'citizenship', 'own_or_self', 'vet_question', 'vet_benefits', 'year']}",0.9457921108777991,0.7858978887297547,0.7682893733829095,0.8067779149505467,44.71899962425232
"{'scaling': None, 'imputation': 'mode', 'cat_age': False, 'remove_outliers': False, 'merge_capital': False, 'downsampling_method': 'random', 'target_freq': 0.8, 'generate_dummies': False, 'remove_duplicates': True}","{'iterations': 750, 'depth': 2, 'border_count': 64, 'random_seed': 42, 'verbose': 0, 'loss_function': 'Logloss', 'eval_metric': 'F1', 'cat_features': ['class_worker', 'det_ind_code', 'det_occ_code', 'education', 'hs_college', 'marital_stat', 'major_ind_code', 'major_occ_code', 'race', 'hisp_origin', 'sex', 'union_member', 'unemp_reason', 'full_or_part_emp', 'tax_filer_stat', 'region_prev_res', 'state_prev_res', 'det_hh_fam_stat', 'det_hh_summ', 'mig_same', 'fam_under_18', 'country_father', 'country_mother', 'country_self', 'citizenship', 'own_or_self', 'vet_question', 'vet_benefits', 'year']}",0.9455701565712232,0.785479048960934,0.7674725926417574,0.8069780016254986,68.58699989318848
"{'scaling': None, 'imputation': 'mode', 'cat_age': False, 'remove_outliers': False, 'merge_capital': False, 'downsampling_method': 'random', 'target_freq': 0.8, 'generate_dummies': False, 'remove_duplicates': True}","{'iterations': 750, 'depth': 2, 'border_count': 64, 'random_seed': 42, 'verbose': 0, 'loss_function': 'Logloss', 'eval_metric': 'AUC', 'cat_features': ['class_worker', 'det_ind_code', 'det_occ_code', 'education', 'hs_college', 'marital_stat', 'major_ind_code', 'major_occ_code', 'race', 'hisp_origin', 'sex', 'union_member', 'unemp_reason', 'full_or_part_emp', 'tax_filer_stat', 'region_prev_res', 'state_prev_res', 'det_hh_fam_stat', 'det_hh_summ', 'mig_same', 'fam_under_18', 'country_father', 'country_mother', 'country_self', 'citizenship', 'own_or_self', 'vet_question', 'vet_benefits', 'year']}",0.9455701565712232,0.785479048960934,0.7674725926417574,0.8069780016254986,66.60800051689148
"{'scaling': None, 'imputation': 'mode', 'cat_age': False, 'remove_outliers': False, 'merge_capital': False, 'downsampling_method': 'random', 'target_freq': 0.8, 'generate_dummies': False, 'remove_duplicates': True}","{'iterations': 500, 'depth': 2, 'border_count': 64, 'random_seed': 42, 'verbose': 0, 'loss_function': 'Logloss', 'eval_metric': 'F1', 'cat_features': ['class_worker', 'det_ind_code', 'det_occ_code', 'education', 'hs_college', 'marital_stat', 'major_ind_code', 'major_occ_code', 'race', 'hisp_origin', 'sex', 'union_member', 'unemp_reason', 'full_or_part_emp', 'tax_filer_stat', 'region_prev_res', 'state_prev_res', 'det_hh_fam_stat', 'det_hh_summ', 'mig_same', 'fam_under_18', 'country_father', 'country_mother', 'country_self', 'citizenship', 'own_or_self', 'vet_question', 'vet_benefits', 'year']}",0.9454484362289947,0.7853094803290592,0.7669812715483578,0.8072314341425866,42.62400007247925
"{'scaling': None, 'imputation': 'mode', 'cat_age': False, 'remove_outliers': False, 'merge_capital': False, 'downsampling_method': 'random', 'target_freq': 0.8, 'generate_dummies': False, 'remove_duplicates': True}","{'iterations': 500, 'depth': 2, 'border_count': 64, 'random_seed': 42, 'verbose': 0, 'loss_function': 'Logloss', 'eval_metric': 'AUC', 'cat_features': ['class_worker', 'det_ind_code', 'det_occ_code', 'education', 'hs_college', 'marital_stat', 'major_ind_code', 'major_occ_code', 'race', 'hisp_origin', 'sex', 'union_member', 'unemp_reason', 'full_or_part_emp', 'tax_filer_stat', 'region_prev_res', 'state_prev_res', 'det_hh_fam_stat', 'det_hh_summ', 'mig_same', 'fam_under_18', 'country_father', 'country_mother', 'country_self', 'citizenship', 'own_or_self', 'vet_question', 'vet_benefits', 'year']}",0.9454484362289947,0.7853094803290592,0.7669812715483578,0.8072314341425866,42.46599984169006
"{'scaling': None, 'imputation': 'mode', 'cat_age': False, 'remove_outliers': False, 'merge_capital': False, 'downsampling_method': 'random', 'target_freq': 0.8, 'generate_dummies': False, 'remove_duplicates': True}","{'iterations': 750, 'depth': 2, 'border_count': 96, 'random_seed': 42, 'verbose': 0, 'loss_function': 'Logloss', 'eval_metric': 'F1', 'cat_features': ['class_worker', 'det_ind_code', 'det_occ_code', 'education', 'hs_college', 'marital_stat', 'major_ind_code', 'major_occ_code', 'race', 'hisp_origin', 'sex', 'union_member', 'unemp_reason', 'full_or_part_emp', 'tax_filer_stat', 'region_prev_res', 'state_prev_res', 'det_hh_fam_stat', 'det_hh_summ', 'mig_same', 'fam_under_18', 'country_father', 'country_mother', 'country_self', 'citizenship', 'own_or_self', 'vet_question', 'vet_benefits', 'year']}",0.9455271922739591,0.7851865748798138,0.7672827023018047,0.8064837968819806,69.96399974822998
"{'scaling': None, 'imputation': 'mode', 'cat_age': False, 'remove_outliers': False, 'merge_capital': False, 'downsampling_method': 'random', 'target_freq': 0.8, 'generate_dummies': False, 'remove_duplicates': True}","{'iterations': 750, 'depth': 2, 'border_count': 96, 'random_seed': 42, 'verbose': 0, 'loss_function': 'Logloss', 'eval_metric': 'AUC', 'cat_features': ['class_worker', 'det_ind_code', 'det_occ_code', 'education', 'hs_college', 'marital_stat', 'major_ind_code', 'major_occ_code', 'race', 'hisp_origin', 'sex', 'union_member', 'unemp_reason', 'full_or_part_emp', 'tax_filer_stat', 'region_prev_res', 'state_prev_res', 'det_hh_fam_stat', 'det_hh_summ', 'mig_same', 'fam_under_18', 'country_father', 'country_mother', 'country_self', 'citizenship', 'own_or_self', 'vet_question', 'vet_benefits', 'year']}",0.9455271922739591,0.7851865748798138,0.7672827023018047,0.8064837968819806,70.88800048828125
"{'scaling': None, 'imputation': 'mode', 'cat_age': False, 'remove_outliers': False, 'merge_capital': False, 'downsampling_method': 'random', 'target_freq': 0.8, 'generate_dummies': False, 'remove_duplicates': True}","{'iterations': 750, 'depth': 2, 'border_count': 32, 'random_seed': 42, 'verbose': 0, 'loss_function': 'Logloss', 'eval_metric': 'F1', 'cat_features': ['class_worker', 'det_ind_code', 'det_occ_code', 'education', 'hs_college', 'marital_stat', 'major_ind_code', 'major_occ_code', 'race', 'hisp_origin', 'sex', 'union_member', 'unemp_reason', 'full_or_part_emp', 'tax_filer_stat', 'region_prev_res', 'state_prev_res', 'det_hh_fam_stat', 'det_hh_summ', 'mig_same', 'fam_under_18', 'country_father', 'country_mother', 'country_self', 'citizenship', 'own_or_self', 'vet_question', 'vet_benefits', 'year']}",0.9455271925302773,0.7849621919326624,0.7673311299736946,0.8058978383417446,66.88399958610535
"{'scaling': None, 'imputation': 'mode', 'cat_age': False, 'remove_outliers': False, 'merge_capital': False, 'downsampling_method': 'random', 'target_freq': 0.8, 'generate_dummies': False, 'remove_duplicates': True}","{'iterations': 750, 'depth': 2, 'border_count': 32, 'random_seed': 42, 'verbose': 0, 'loss_function': 'Logloss', 'eval_metric': 'AUC', 'cat_features': ['class_worker', 'det_ind_code', 'det_occ_code', 'education', 'hs_college', 'marital_stat', 'major_ind_code', 'major_occ_code', 'race', 'hisp_origin', 'sex', 'union_member', 'unemp_reason', 'full_or_part_emp', 'tax_filer_stat', 'region_prev_res', 'state_prev_res', 'det_hh_fam_stat', 'det_hh_summ', 'mig_same', 'fam_under_18', 'country_father', 'country_mother', 'country_self', 'citizenship', 'own_or_self', 'vet_question', 'vet_benefits', 'year']}",0.9455271925302773,0.7849621919326624,0.7673311299736946,0.8058978383417446,65.28500008583069
"{'scaling': None, 'imputation': 'mode', 'cat_age': False, 'remove_outliers': False, 'merge_capital': False, 'downsampling_method': 'random', 'target_freq': 0.8, 'generate_dummies': False, 'remove_duplicates': True}","{'iterations': 500, 'depth': 2, 'border_count': 32, 'random_seed': 42, 'verbose': 0, 'loss_function': 'Logloss', 'eval_metric': 'AUC', 'cat_features': ['class_worker', 'det_ind_code', 'det_occ_code', 'education', 'hs_college', 'marital_stat', 'major_ind_code', 'major_occ_code', 'race', 'hisp_origin', 'sex', 'union_member', 'unemp_reason', 'full_or_part_emp', 'tax_filer_stat', 'region_prev_res', 'state_prev_res', 'det_hh_fam_stat', 'det_hh_summ', 'mig_same', 'fam_under_18', 'country_father', 'country_mother', 'country_self', 'citizenship', 'own_or_self', 'vet_question', 'vet_benefits', 'year']}",0.9452193157808079,0.7840857734748929,0.7661246513699387,0.8054616276206834,42.09499716758728
"{'scaling': None, 'imputation': 'mode', 'cat_age': False, 'remove_outliers': False, 'merge_capital': False, 'downsampling_method': 'random', 'target_freq': 0.8, 'generate_dummies': False, 'remove_duplicates': True}","{'iterations': 500, 'depth': 2, 'border_count': 32, 'random_seed': 42, 'verbose': 0, 'loss_function': 'Logloss', 'eval_metric': 'F1', 'cat_features': ['class_worker', 'det_ind_code', 'det_occ_code', 'education', 'hs_college', 'marital_stat', 'major_ind_code', 'major_occ_code', 'race', 'hisp_origin', 'sex', 'union_member', 'unemp_reason', 'full_or_part_emp', 'tax_filer_stat', 'region_prev_res', 'state_prev_res', 'det_hh_fam_stat', 'det_hh_summ', 'mig_same', 'fam_under_18', 'country_father', 'country_mother', 'country_self', 'citizenship', 'own_or_self', 'vet_question', 'vet_benefits', 'year']}",0.9452193157808079,0.7840857734748929,0.7661246513699387,0.8054616276206834,44.28000235557556
"{'scaling': None, 'imputation': 'mode', 'cat_age': False, 'remove_outliers': False, 'merge_capital': False, 'downsampling_method': 'random', 'target_freq': 0.8, 'generate_dummies': False, 'remove_duplicates': True}","{'iterations': 500, 'depth': 1, 'border_count': 64, 'random_seed': 42, 'verbose': 0, 'loss_function': 'Logloss', 'eval_metric': 'F1', 'cat_features': ['class_worker', 'det_ind_code', 'det_occ_code', 'education', 'hs_college', 'marital_stat', 'major_ind_code', 'major_occ_code', 'race', 'hisp_origin', 'sex', 'union_member', 'unemp_reason', 'full_or_part_emp', 'tax_filer_stat', 'region_prev_res', 'state_prev_res', 'det_hh_fam_stat', 'det_hh_summ', 'mig_same', 'fam_under_18', 'country_father', 'country_mother', 'country_self', 'citizenship', 'own_or_self', 'vet_question', 'vet_benefits', 'year']}",0.9454126344848879,0.7803145337442966,0.7673634031544246,0.7950844292743842,23.454999685287476
"{'scaling': None, 'imputation': 'mode', 'cat_age': False, 'remove_outliers': False, 'merge_capital': False, 'downsampling_method': 'random', 'target_freq': 0.8, 'generate_dummies': False, 'remove_duplicates': True}","{'iterations': 500, 'depth': 1, 'border_count': 64, 'random_seed': 42, 'verbose': 0, 'loss_function': 'Logloss', 'eval_metric': 'AUC', 'cat_features': ['class_worker', 'det_ind_code', 'det_occ_code', 'education', 'hs_college', 'marital_stat', 'major_ind_code', 'major_occ_code', 'race', 'hisp_origin', 'sex', 'union_member', 'unemp_reason', 'full_or_part_emp', 'tax_filer_stat', 'region_prev_res', 'state_prev_res', 'det_hh_fam_stat', 'det_hh_summ', 'mig_same', 'fam_under_18', 'country_father', 'country_mother', 'country_self', 'citizenship', 'own_or_self', 'vet_question', 'vet_benefits', 'year']}",0.9454126344848879,0.7803145337442966,0.7673634031544246,0.7950844292743842,22.977999925613403
"{'scaling': None, 'imputation': 'mode', 'cat_age': False, 'remove_outliers': False, 'merge_capital': False, 'downsampling_method': 'random', 'target_freq': 0.8, 'generate_dummies': False, 'remove_duplicates': True}","{'iterations': 750, 'depth': 1, 'border_count': 64, 'random_seed': 42, 'verbose': 0, 'loss_function': 'Logloss', 'eval_metric': 'AUC', 'cat_features': ['class_worker', 'det_ind_code', 'det_occ_code', 'education', 'hs_college', 'marital_stat', 'major_ind_code', 'major_occ_code', 'race', 'hisp_origin', 'sex', 'union_member', 'unemp_reason', 'full_or_part_emp', 'tax_filer_stat', 'region_prev_res', 'state_prev_res', 'det_hh_fam_stat', 'det_hh_summ', 'mig_same', 'fam_under_18', 'country_father', 'country_mother', 'country_self', 'citizenship', 'own_or_self', 'vet_question', 'vet_benefits', 'year']}",0.9452551188065051,0.7801310032929836,0.7667401472182416,0.7954737146978609,34.335999727249146
"{'scaling': None, 'imputation': 'mode', 'cat_age': False, 'remove_outliers': False, 'merge_capital': False, 'downsampling_method': 'random', 'target_freq': 0.8, 'generate_dummies': False, 'remove_duplicates': True}","{'iterations': 750, 'depth': 1, 'border_count': 64, 'random_seed': 42, 'verbose': 0, 'loss_function': 'Logloss', 'eval_metric': 'F1', 'cat_features': ['class_worker', 'det_ind_code', 'det_occ_code', 'education', 'hs_college', 'marital_stat', 'major_ind_code', 'major_occ_code', 'race', 'hisp_origin', 'sex', 'union_member', 'unemp_reason', 'full_or_part_emp', 'tax_filer_stat', 'region_prev_res', 'state_prev_res', 'det_hh_fam_stat', 'det_hh_summ', 'mig_same', 'fam_under_18', 'country_father', 'country_mother', 'country_self', 'citizenship', 'own_or_self', 'vet_question', 'vet_benefits', 'year']}",0.9452551188065051,0.7801310032929836,0.7667401472182416,0.7954737146978609,38.895999908447266
"{'scaling': None, 'imputation': 'mode', 'cat_age': False, 'remove_outliers': False, 'merge_capital': False, 'downsampling_method': 'random', 'target_freq': 0.8, 'generate_dummies': False, 'remove_duplicates': True}","{'iterations': 750, 'depth': 1, 'border_count': 96, 'random_seed': 42, 'verbose': 0, 'loss_function': 'Logloss', 'eval_metric': 'F1', 'cat_features': ['class_worker', 'det_ind_code', 'det_occ_code', 'education', 'hs_college', 'marital_stat', 'major_ind_code', 'major_occ_code', 'race', 'hisp_origin', 'sex', 'union_member', 'unemp_reason', 'full_or_part_emp', 'tax_filer_stat', 'region_prev_res', 'state_prev_res', 'det_hh_fam_stat', 'det_hh_summ', 'mig_same', 'fam_under_18', 'country_father', 'country_mother', 'country_self', 'citizenship', 'own_or_self', 'vet_question', 'vet_benefits', 'year']}",0.9452837562032282,0.780086982814408,0.7668543664303205,0.7952277060608661,38.54099988937378
"{'scaling': None, 'imputation': 'mode', 'cat_age': False, 'remove_outliers': False, 'merge_capital': False, 'downsampling_method': 'random', 'target_freq': 0.8, 'generate_dummies': False, 'remove_duplicates': True}","{'iterations': 750, 'depth': 1, 'border_count': 96, 'random_seed': 42, 'verbose': 0, 'loss_function': 'Logloss', 'eval_metric': 'AUC', 'cat_features': ['class_worker', 'det_ind_code', 'det_occ_code', 'education', 'hs_college', 'marital_stat', 'major_ind_code', 'major_occ_code', 'race', 'hisp_origin', 'sex', 'union_member', 'unemp_reason', 'full_or_part_emp', 'tax_filer_stat', 'region_prev_res', 'state_prev_res', 'det_hh_fam_stat', 'det_hh_summ', 'mig_same', 'fam_under_18', 'country_father', 'country_mother', 'country_self', 'citizenship', 'own_or_self', 'vet_question', 'vet_benefits', 'year']}",0.9452837562032282,0.780086982814408,0.7668543664303205,0.7952277060608661,40.84400010108948
"{'scaling': None, 'imputation': 'mode', 'cat_age': False, 'remove_outliers': False, 'merge_capital': False, 'downsampling_method': 'random', 'target_freq': 0.8, 'generate_dummies': False, 'remove_duplicates': True}","{'iterations': 500, 'depth': 1, 'border_count': 32, 'random_seed': 42, 'verbose': 0, 'loss_function': 'Logloss', 'eval_metric': 'F1', 'cat_features': ['class_worker', 'det_ind_code', 'det_occ_code', 'education', 'hs_college', 'marital_stat', 'major_ind_code', 'major_occ_code', 'race', 'hisp_origin', 'sex', 'union_member', 'unemp_reason', 'full_or_part_emp', 'tax_filer_stat', 'region_prev_res', 'state_prev_res', 'det_hh_fam_stat', 'det_hh_summ', 'mig_same', 'fam_under_18', 'country_father', 'country_mother', 'country_self', 'citizenship', 'own_or_self', 'vet_question', 'vet_benefits', 'year']}",0.9452264752581477,0.7797828231384154,0.7666383625675924,0.7947676334157635,25.577999591827393
"{'scaling': None, 'imputation': 'mode', 'cat_age': False, 'remove_outliers': False, 'merge_capital': False, 'downsampling_method': 'random', 'target_freq': 0.8, 'generate_dummies': False, 'remove_duplicates': True}","{'iterations': 500, 'depth': 1, 'border_count': 32, 'random_seed': 42, 'verbose': 0, 'loss_function': 'Logloss', 'eval_metric': 'F1', 'cat_features': ['class_worker', 'det_ind_code', 'det_occ_code', 'education', 'hs_college', 'marital_stat', 'major_ind_code', 'major_occ_code', 'race', 'hisp_origin', 'sex', 'union_member', 'unemp_reason', 'full_or_part_emp', 'tax_filer_stat', 'region_prev_res', 'state_prev_res', 'det_hh_fam_stat', 'det_hh_summ', 'mig_same', 'fam_under_18', 'country_father', 'country_mother', 'country_self', 'citizenship', 'own_or_self', 'vet_question', 'vet_benefits', 'year']}",0.9452264752581477,0.7797828231384154,0.7666383625675924,0.7947676334157635,24.689000129699707
"{'scaling': None, 'imputation': 'mode', 'cat_age': False, 'remove_outliers': False, 'merge_capital': False, 'downsampling_method': 'random', 'target_freq': 0.8, 'generate_dummies': False, 'remove_duplicates': True}","{'iterations': 500, 'depth': 1, 'border_count': 32, 'random_seed': 42, 'verbose': 0, 'loss_function': 'Logloss', 'eval_metric': 'AUC', 'cat_features': ['class_worker', 'det_ind_code', 'det_occ_code', 'education', 'hs_college', 'marital_stat', 'major_ind_code', 'major_occ_code', 'race', 'hisp_origin', 'sex', 'union_member', 'unemp_reason', 'full_or_part_emp', 'tax_filer_stat', 'region_prev_res', 'state_prev_res', 'det_hh_fam_stat', 'det_hh_summ', 'mig_same', 'fam_under_18', 'country_father', 'country_mother', 'country_self', 'citizenship', 'own_or_self', 'vet_question', 'vet_benefits', 'year']}",0.9452264752581477,0.7797828231384154,0.7666383625675924,0.7947676334157635,22.742000102996826
"{'scaling': None, 'imputation': 'mode', 'cat_age': False, 'remove_outliers': True, 'merge_capital': False, 'downsampling_method': 'random', 'target_freq': 0.85, 'generate_dummies': False, 'remove_duplicates': True}","{'iterations': 500, 'depth': 1, 'border_count': 32, 'random_seed': 42, 'verbose': 0, 'loss_function': 'Logloss', 'eval_metric': 'F1', 'cat_features': ['class_worker', 'det_ind_code', 'det_occ_code', 'education', 'hs_college', 'marital_stat', 'major_ind_code', 'major_occ_code', 'race', 'hisp_origin', 'sex', 'union_member', 'unemp_reason', 'full_or_part_emp', 'tax_filer_stat', 'region_prev_res', 'state_prev_res', 'det_hh_fam_stat', 'det_hh_summ', 'mig_same', 'fam_under_18', 'country_father', 'country_mother', 'country_self', 'citizenship', 'own_or_self', 'vet_question', 'vet_benefits', 'year']}",0.9507324662824874,0.7797203396519299,0.7967718142351292,0.7651483397377229,25.434000253677368
"{'scaling': None, 'imputation': 'mode', 'cat_age': False, 'remove_outliers': False, 'merge_capital': False, 'downsampling_method': 'random', 'target_freq': 0.8, 'generate_dummies': False, 'remove_duplicates': True}","{'iterations': 500, 'depth': 1, 'border_count': 96, 'random_seed': 42, 'verbose': 0, 'loss_function': 'Logloss', 'eval_metric': 'F1', 'cat_features': ['class_worker', 'det_ind_code', 'det_occ_code', 'education', 'hs_college', 'marital_stat', 'major_ind_code', 'major_occ_code', 'race', 'hisp_origin', 'sex', 'union_member', 'unemp_reason', 'full_or_part_emp', 'tax_filer_stat', 'region_prev_res', 'state_prev_res', 'det_hh_fam_stat', 'det_hh_summ', 'mig_same', 'fam_under_18', 'country_father', 'country_mother', 'country_self', 'citizenship', 'own_or_self', 'vet_question', 'vet_benefits', 'year']}",0.945169198926793,0.7794973433047439,0.7664623029875776,0.7944272492327691,24.35800004005432
"{'scaling': None, 'imputation': 'mode', 'cat_age': False, 'remove_outliers': False, 'merge_capital': False, 'downsampling_method': 'random', 'target_freq': 0.8, 'generate_dummies': False, 'remove_duplicates': True}","{'iterations': 500, 'depth': 1, 'border_count': 96, 'random_seed': 42, 'verbose': 0, 'loss_function': 'Logloss', 'eval_metric': 'AUC', 'cat_features': ['class_worker', 'det_ind_code', 'det_occ_code', 'education', 'hs_college', 'marital_stat', 'major_ind_code', 'major_occ_code', 'race', 'hisp_origin', 'sex', 'union_member', 'unemp_reason', 'full_or_part_emp', 'tax_filer_stat', 'region_prev_res', 'state_prev_res', 'det_hh_fam_stat', 'det_hh_summ', 'mig_same', 'fam_under_18', 'country_father', 'country_mother', 'country_self', 'citizenship', 'own_or_self', 'vet_question', 'vet_benefits', 'year']}",0.945169198926793,0.7794973433047439,0.7664623029875776,0.7944272492327691,24.428001165390015
"{'scaling': None, 'imputation': 'mode', 'cat_age': False, 'remove_outliers': False, 'merge_capital': False, 'downsampling_method': 'random', 'target_freq': 0.8, 'generate_dummies': False, 'remove_duplicates': True}","{'iterations': 750, 'depth': 1, 'border_count': 32, 'random_seed': 42, 'verbose': 0, 'loss_function': 'Logloss', 'eval_metric': 'F1', 'cat_features': ['class_worker', 'det_ind_code', 'det_occ_code', 'education', 'hs_college', 'marital_stat', 'major_ind_code', 'major_occ_code', 'race', 'hisp_origin', 'sex', 'union_member', 'unemp_reason', 'full_or_part_emp', 'tax_filer_stat', 'region_prev_res', 'state_prev_res', 'det_hh_fam_stat', 'det_hh_summ', 'mig_same', 'fam_under_18', 'country_father', 'country_mother', 'country_self', 'citizenship', 'own_or_self', 'vet_question', 'vet_benefits', 'year']}",0.9451333956447776,0.7794568041059349,0.7662847431012778,0.7945095019372868,36.56399750709534
"{'scaling': None, 'imputation': 'mode', 'cat_age': False, 'remove_outliers': False, 'merge_capital': False, 'downsampling_method': 'random', 'target_freq': 0.8, 'generate_dummies': False, 'remove_duplicates': True}","{'iterations': 750, 'depth': 1, 'border_count': 32, 'random_seed': 42, 'verbose': 0, 'loss_function': 'Logloss', 'eval_metric': 'AUC', 'cat_features': ['class_worker', 'det_ind_code', 'det_occ_code', 'education', 'hs_college', 'marital_stat', 'major_ind_code', 'major_occ_code', 'race', 'hisp_origin', 'sex', 'union_member', 'unemp_reason', 'full_or_part_emp', 'tax_filer_stat', 'region_prev_res', 'state_prev_res', 'det_hh_fam_stat', 'det_hh_summ', 'mig_same', 'fam_under_18', 'country_father', 'country_mother', 'country_self', 'citizenship', 'own_or_self', 'vet_question', 'vet_benefits', 'year']}",0.9451333956447776,0.7794568041059349,0.7662847431012778,0.7945095019372868,35.52999663352966
"{'scaling': None, 'imputation': 'mode', 'cat_age': False, 'remove_outliers': True, 'merge_capital': True, 'downsampling_method': 'random', 'target_freq': 0.85, 'generate_dummies': False, 'remove_duplicates': True}","{'iterations': 500, 'depth': 1, 'border_count': 32, 'random_seed': 42, 'verbose': 0, 'loss_function': 'Logloss', 'eval_metric': 'F1', 'cat_features': ['class_worker', 'det_ind_code', 'det_occ_code', 'education', 'hs_college', 'marital_stat', 'major_ind_code', 'major_occ_code', 'race', 'hisp_origin', 'sex', 'union_member', 'unemp_reason', 'full_or_part_emp', 'tax_filer_stat', 'region_prev_res', 'state_prev_res', 'det_hh_fam_stat', 'det_hh_summ', 'mig_same', 'fam_under_18', 'country_father', 'country_mother', 'country_self', 'citizenship', 'own_or_self', 'vet_question', 'vet_benefits', 'year']}",0.9505319868194769,0.7793428312765996,0.7954679266277799,0.7654053334291001,26.992999792099
"{'scaling': None, 'imputation': 'mode', 'cat_age': False, 'remove_outliers': False, 'merge_capital': True, 'downsampling_method': 'random', 'target_freq': 0.85, 'generate_dummies': False, 'remove_duplicates': True}","{'iterations': 500, 'depth': 1, 'border_count': 32, 'random_seed': 42, 'verbose': 0, 'loss_function': 'Logloss', 'eval_metric': 'F1', 'cat_features': ['class_worker', 'det_ind_code', 'det_occ_code', 'education', 'hs_college', 'marital_stat', 'major_ind_code', 'major_occ_code', 'race', 'hisp_origin', 'sex', 'union_member', 'unemp_reason', 'full_or_part_emp', 'tax_filer_stat', 'region_prev_res', 'state_prev_res', 'det_hh_fam_stat', 'det_hh_summ', 'mig_same', 'fam_under_18', 'country_father', 'country_mother', 'country_self', 'citizenship', 'own_or_self', 'vet_question', 'vet_benefits', 'year']}",0.9509257829360227,0.7792395871178719,0.7982992786620705,0.7630544304776162,27.26699995994568
"{'scaling': None, 'imputation': 'mode', 'cat_age': False, 'remove_outliers': False, 'merge_capital': True, 'downsampling_method': 'random', 'target_freq': 0.8, 'generate_dummies': False, 'remove_duplicates': True}","{'iterations': 500, 'depth': 1, 'border_count': 32, 'random_seed': 42, 'verbose': 0, 'loss_function': 'Logloss', 'eval_metric': 'F1', 'cat_features': ['class_worker', 'det_ind_code', 'det_occ_code', 'education', 'hs_college', 'marital_stat', 'major_ind_code', 'major_occ_code', 'race', 'hisp_origin', 'sex', 'union_member', 'unemp_reason', 'full_or_part_emp', 'tax_filer_stat', 'region_prev_res', 'state_prev_res', 'det_hh_fam_stat', 'det_hh_summ', 'mig_same', 'fam_under_18', 'country_father', 'country_mother', 'country_self', 'citizenship', 'own_or_self', 'vet_question', 'vet_benefits', 'year']}",0.945068957016584,0.779201839788544,0.7660354954546207,0.7942665124871995,24.340999841690063
"{'scaling': None, 'imputation': 'mode', 'cat_age': False, 'remove_outliers': False, 'merge_capital': False, 'downsampling_method': 'random', 'target_freq': 0.85, 'generate_dummies': False, 'remove_duplicates': True}","{'iterations': 500, 'depth': 1, 'border_count': 32, 'random_seed': 42, 'verbose': 0, 'loss_function': 'Logloss', 'eval_metric': 'F1', 'cat_features': ['class_worker', 'det_ind_code', 'det_occ_code', 'education', 'hs_college', 'marital_stat', 'major_ind_code', 'major_occ_code', 'race', 'hisp_origin', 'sex', 'union_member', 'unemp_reason', 'full_or_part_emp', 'tax_filer_stat', 'region_prev_res', 'state_prev_res', 'det_hh_fam_stat', 'det_hh_summ', 'mig_same', 'fam_under_18', 'country_father', 'country_mother', 'country_self', 'citizenship', 'own_or_self', 'vet_question', 'vet_benefits', 'year']}",0.9510403394435032,0.7790994980023613,0.7991158477701347,0.7621609208972873,27.267000198364258
"{'scaling': None, 'imputation': 'mode', 'cat_age': False, 'remove_outliers': True, 'merge_capital': False, 'downsampling_method': 'random', 'target_freq': 0.8, 'generate_dummies': False, 'remove_duplicates': True}","{'iterations': 500, 'depth': 1, 'border_count': 32, 'random_seed': 42, 'verbose': 0, 'loss_function': 'Logloss', 'eval_metric': 'F1', 'cat_features': ['class_worker', 'det_ind_code', 'det_occ_code', 'education', 'hs_college', 'marital_stat', 'major_ind_code', 'major_occ_code', 'race', 'hisp_origin', 'sex', 'union_member', 'unemp_reason', 'full_or_part_emp', 'tax_filer_stat', 'region_prev_res', 'state_prev_res', 'det_hh_fam_stat', 'det_hh_summ', 'mig_same', 'fam_under_18', 'country_father', 'country_mother', 'country_self', 'citizenship', 'own_or_self', 'vet_question', 'vet_benefits', 'year']}",0.944782554085408,0.7786720328887234,0.764867704495393,0.7945340705864463,24.366999864578247
"{'scaling': None, 'imputation': 'mode', 'cat_age': False, 'remove_outliers': True, 'merge_capital': True, 'downsampling_method': 'random', 'target_freq': 0.8, 'generate_dummies': False, 'remove_duplicates': True}","{'iterations': 500, 'depth': 1, 'border_count': 32, 'random_seed': 42, 'verbose': 0, 'loss_function': 'Logloss', 'eval_metric': 'F1', 'cat_features': ['class_worker', 'det_ind_code', 'det_occ_code', 'education', 'hs_college', 'marital_stat', 'major_ind_code', 'major_occ_code', 'race', 'hisp_origin', 'sex', 'union_member', 'unemp_reason', 'full_or_part_emp', 'tax_filer_stat', 'region_prev_res', 'state_prev_res', 'det_hh_fam_stat', 'det_hh_summ', 'mig_same', 'fam_under_18', 'country_father', 'country_mother', 'country_self', 'citizenship', 'own_or_self', 'vet_question', 'vet_benefits', 'year']}",0.9445677556677182,0.7783564351987163,0.763957844592962,0.794951834532925,22.906997442245483
"{'scaling': None, 'imputation': 'mode', 'cat_age': False, 'remove_outliers': True, 'merge_capital': True, 'downsampling_method': 'random', 'target_freq': 0.9, 'generate_dummies': False, 'remove_duplicates': True}","{'iterations': 500, 'depth': 1, 'border_count': 32, 'random_seed': 42, 'verbose': 0, 'loss_function': 'Logloss', 'eval_metric': 'F1', 'cat_features': ['class_worker', 'det_ind_code', 'det_occ_code', 'education', 'hs_college', 'marital_stat', 'major_ind_code', 'major_occ_code', 'race', 'hisp_origin', 'sex', 'union_member', 'unemp_reason', 'full_or_part_emp', 'tax_filer_stat', 'region_prev_res', 'state_prev_res', 'det_hh_fam_stat', 'det_hh_summ', 'mig_same', 'fam_under_18', 'country_father', 'country_mother', 'country_self', 'citizenship', 'own_or_self', 'vet_question', 'vet_benefits', 'year']}",0.953825559396132,0.7670428487933156,0.8338089141118523,0.7251223080554565,33.67699980735779
"{'scaling': None, 'imputation': 'mode', 'cat_age': False, 'remove_outliers': True, 'merge_capital': False, 'downsampling_method': 'random', 'target_freq': 0.9, 'generate_dummies': False, 'remove_duplicates': True}","{'iterations': 500, 'depth': 1, 'border_count': 32, 'random_seed': 42, 'verbose': 0, 'loss_function': 'Logloss', 'eval_metric': 'F1', 'cat_features': ['class_worker', 'det_ind_code', 'det_occ_code', 'education', 'hs_college', 'marital_stat', 'major_ind_code', 'major_occ_code', 'race', 'hisp_origin', 'sex', 'union_member', 'unemp_reason', 'full_or_part_emp', 'tax_filer_stat', 'region_prev_res', 'state_prev_res', 'det_hh_fam_stat', 'det_hh_summ', 'mig_same', 'fam_under_18', 'country_father', 'country_mother', 'country_self', 'citizenship', 'own_or_self', 'vet_question', 'vet_benefits', 'year']}",0.9536966831650172,0.7659140281367366,0.8335427496976695,0.7237296476893574,31.71199917793274
"{'scaling': None, 'imputation': 'mode', 'cat_age': False, 'remove_outliers': False, 'merge_capital': True, 'downsampling_method': 'random', 'target_freq': 0.9, 'generate_dummies': False, 'remove_duplicates': True}","{'iterations': 500, 'depth': 1, 'border_count': 32, 'random_seed': 42, 'verbose': 0, 'loss_function': 'Logloss', 'eval_metric': 'F1', 'cat_features': ['class_worker', 'det_ind_code', 'det_occ_code', 'education', 'hs_college', 'marital_stat', 'major_ind_code', 'major_occ_code', 'race', 'hisp_origin', 'sex', 'union_member', 'unemp_reason', 'full_or_part_emp', 'tax_filer_stat', 'region_prev_res', 'state_prev_res', 'det_hh_fam_stat', 'det_hh_summ', 'mig_same', 'fam_under_18', 'country_father', 'country_mother', 'country_self', 'citizenship', 'own_or_self', 'vet_question', 'vet_benefits', 'year']}",0.9537754358778464,0.7632923234199416,0.8371206575134597,0.7188929040794169,33.99399757385254
"{'scaling': None, 'imputation': 'mode', 'cat_age': False, 'remove_outliers': False, 'merge_capital': False, 'downsampling_method': 'random', 'target_freq': 0.9, 'generate_dummies': False, 'remove_duplicates': True}","{'iterations': 500, 'depth': 1, 'border_count': 32, 'random_seed': 42, 'verbose': 0, 'loss_function': 'Logloss', 'eval_metric': 'F1', 'cat_features': ['class_worker', 'det_ind_code', 'det_occ_code', 'education', 'hs_college', 'marital_stat', 'major_ind_code', 'major_occ_code', 'race', 'hisp_origin', 'sex', 'union_member', 'unemp_reason', 'full_or_part_emp', 'tax_filer_stat', 'region_prev_res', 'state_prev_res', 'det_hh_fam_stat', 'det_hh_summ', 'mig_same', 'fam_under_18', 'country_father', 'country_mother', 'country_self', 'citizenship', 'own_or_self', 'vet_question', 'vet_benefits', 'year']}",0.9536035991942395,0.7625092160538218,0.8358793327026163,0.7183197649960391,32.24399995803833
