prep_param,model_param,accuracy,f1_macro,precision_macro,recall_macro,tex
"{'scaling': None, 'imputation': 'mode', 'cat_age': False, 'remove_outliers': False, 'merge_capital': False, 'downsampling_method': 'random', 'target_freq': 0.8, 'generate_dummies': True, 'remove_duplicates': True}","{'n_estimators': 125, 'criterion': 'gini', 'max_depth': 30, 'max_features': 'sqrt', 'random_state': 42, 'verbose': 0, 'class_weight': None}",0.9470164563477924,0.7810307742825338,0.774542930155898,0.7879689537488004,27.286001443862915
"{'scaling': None, 'imputation': 'mode', 'cat_age': False, 'remove_outliers': False, 'merge_capital': False, 'downsampling_method': 'random', 'target_freq': 0.8, 'generate_dummies': True, 'remove_duplicates': True}","{'n_estimators': 100, 'criterion': 'gini', 'max_depth': 30, 'max_features': 'sqrt', 'random_state': 42, 'verbose': 0, 'class_weight': None}",0.9469376974833287,0.7807102486089906,0.7742139305165006,0.787665541803036,23.013999700546265
"{'scaling': 'minmax', 'imputation': 'mode', 'cat_age': False, 'remove_outliers': False, 'merge_capital': False, 'downsampling_method': 'random', 'target_freq': 0.8, 'generate_dummies': True, 'remove_duplicates': True}","{'n_estimators': 125, 'criterion': 'gini', 'max_depth': 30, 'max_features': 'sqrt', 'random_state': 42, 'verbose': 0, 'class_weight': None}",0.9467658597744493,0.7805626277644905,0.7734015811446342,0.7882610578136952,28.200000286102295
"{'scaling': None, 'imputation': 'mode', 'cat_age': False, 'remove_outliers': True, 'merge_capital': False, 'downsampling_method': 'random', 'target_freq': 0.8, 'generate_dummies': True, 'remove_duplicates': True}","{'n_estimators': 125, 'criterion': 'gini', 'max_depth': 30, 'max_features': 'sqrt', 'random_state': 42, 'verbose': 0, 'class_weight': None}",0.9462002262053424,0.7799194201534152,0.770896382469278,0.7898328648151335,25.387423276901245
"{'scaling': None, 'imputation': 'mode', 'cat_age': False, 'remove_outliers': False, 'merge_capital': False, 'downsampling_method': 'random', 'target_freq': 0.8, 'generate_dummies': True, 'remove_duplicates': True}","{'n_estimators': 125, 'criterion': 'gini', 'max_depth': 25, 'max_features': 'sqrt', 'random_state': 42, 'verbose': 0, 'class_weight': None}",0.9475462899670191,0.7796549715351863,0.7775806812521493,0.7818472445164204,25.653999090194702
"{'scaling': None, 'imputation': 'mode', 'cat_age': False, 'remove_outliers': False, 'merge_capital': False, 'downsampling_method': 'random', 'target_freq': 0.8, 'generate_dummies': True, 'remove_duplicates': True}","{'n_estimators': 125, 'criterion': 'gini', 'max_depth': 35, 'max_features': 'sqrt', 'random_state': 42, 'verbose': 0, 'class_weight': None}",0.9458565454049032,0.779406688752237,0.7694148438701999,0.7904373138546941,28.941000938415527
"{'scaling': None, 'imputation': 'mode', 'cat_age': False, 'remove_outliers': False, 'merge_capital': False, 'downsampling_method': 'random', 'target_freq': 0.8, 'generate_dummies': True, 'remove_duplicates': True}","{'n_estimators': 125, 'criterion': 'gini', 'max_depth': 40, 'max_features': 'sqrt', 'random_state': 42, 'verbose': 0, 'class_weight': None}",0.9451978327350625,0.7792477172884787,0.7665657097489862,0.7936535338219279,29.29890489578247
"{'scaling': None, 'imputation': 'mode', 'cat_age': False, 'remove_outliers': False, 'merge_capital': False, 'downsampling_method': 'random', 'target_freq': 0.8, 'generate_dummies': True, 'remove_duplicates': True}","{'n_estimators': 75, 'criterion': 'gini', 'max_depth': 30, 'max_features': 'sqrt', 'random_state': 42, 'verbose': 0, 'class_weight': None}",0.9463076206723022,0.7790634172961577,0.7714949679417058,0.7872281396783706,18.76400089263916
"{'scaling': None, 'imputation': 'mode', 'cat_age': False, 'remove_outliers': False, 'merge_capital': False, 'downsampling_method': 'random', 'target_freq': 0.8, 'generate_dummies': True, 'remove_duplicates': True}","{'n_estimators': 100, 'criterion': 'gini', 'max_depth': 40, 'max_features': 'sqrt', 'random_state': 42, 'verbose': 0, 'class_weight': None}",0.9451333951321412,0.778947056543515,0.7663190722782711,0.7932904485571927,24.38699984550476
"{'scaling': 'standard', 'imputation': 'mode', 'cat_age': False, 'remove_outliers': False, 'merge_capital': False, 'downsampling_method': 'random', 'target_freq': 0.8, 'generate_dummies': True, 'remove_duplicates': True}","{'n_estimators': 125, 'criterion': 'gini', 'max_depth': 30, 'max_features': 'sqrt', 'random_state': 42, 'verbose': 0, 'class_weight': None}",0.9456847143602944,0.7787589435167027,0.7693345891749901,0.7897620416092295,27.383997201919556
"{'scaling': None, 'imputation': 'mode', 'cat_age': False, 'remove_outliers': False, 'merge_capital': False, 'downsampling_method': 'random', 'target_freq': 0.8, 'generate_dummies': True, 'remove_duplicates': True}","{'n_estimators': 100, 'criterion': 'gini', 'max_depth': 35, 'max_features': 'sqrt', 'random_state': 42, 'verbose': 0, 'class_weight': None}",0.9455916247505183,0.7785619805966826,0.7683363986548662,0.7898777987554361,23.884000301361084
"{'scaling': None, 'imputation': 'mode', 'cat_age': False, 'remove_outliers': True, 'merge_capital': False, 'downsampling_method': 'random', 'target_freq': 0.85, 'generate_dummies': True, 'remove_duplicates': True}","{'n_estimators': 125, 'criterion': 'gini', 'max_depth': 30, 'max_features': 'sqrt', 'random_state': 42, 'verbose': 0, 'class_weight': None}",0.9522718541309242,0.7784743562846403,0.8091134966128989,0.7543917904498433,34.610671281814575
"{'scaling': None, 'imputation': 'mode', 'cat_age': False, 'remove_outliers': False, 'merge_capital': False, 'downsampling_method': 'random', 'target_freq': 0.8, 'generate_dummies': True, 'remove_duplicates': True}","{'n_estimators': 75, 'criterion': 'gini', 'max_depth': 25, 'max_features': 'sqrt', 'random_state': 42, 'verbose': 0, 'class_weight': None}",0.9470379306787221,0.7782559262807939,0.7753204121058948,0.7813768039068851,17.77099919319153
"{'scaling': None, 'imputation': 'mode', 'cat_age': False, 'remove_outliers': False, 'merge_capital': False, 'downsampling_method': 'random', 'target_freq': 0.8, 'generate_dummies': True, 'remove_duplicates': True}","{'n_estimators': 100, 'criterion': 'gini', 'max_depth': 25, 'max_features': 'sqrt', 'random_state': 42, 'verbose': 0, 'class_weight': None}",0.9470236147998599,0.778032417850586,0.7753046480089096,0.7809411704642896,21.632514476776123
"{'scaling': None, 'imputation': 'mode', 'cat_age': False, 'remove_outliers': False, 'merge_capital': False, 'downsampling_method': 'random', 'target_freq': 0.8, 'generate_dummies': True, 'remove_duplicates': True}","{'n_estimators': 50, 'criterion': 'gini', 'max_depth': 30, 'max_features': 'sqrt', 'random_state': 42, 'verbose': 0, 'class_weight': None}",0.945906664309463,0.7778468917153891,0.7698275265637899,0.7865411291463564,14.458998680114746
"{'scaling': None, 'imputation': 'mode', 'cat_age': False, 'remove_outliers': False, 'merge_capital': False, 'downsampling_method': 'random', 'target_freq': 0.8, 'generate_dummies': True, 'remove_duplicates': True}","{'n_estimators': 75, 'criterion': 'gini', 'max_depth': 40, 'max_features': 'sqrt', 'random_state': 42, 'verbose': 0, 'class_weight': None}",0.9446178748285959,0.7772384111948683,0.7642770485412516,0.7920212508798575,19.80900001525879
"{'scaling': None, 'imputation': 'mode', 'cat_age': False, 'remove_outliers': False, 'merge_capital': False, 'downsampling_method': 'random', 'target_freq': 0.8, 'generate_dummies': True, 'remove_duplicates': True}","{'n_estimators': 75, 'criterion': 'gini', 'max_depth': 35, 'max_features': 'sqrt', 'random_state': 42, 'verbose': 0, 'class_weight': None}",0.9451477099857313,0.7770836178912096,0.7665519578728439,0.7887951324158319,19.491000413894653
"{'scaling': None, 'imputation': 'mode', 'cat_age': False, 'remove_outliers': True, 'merge_capital': True, 'downsampling_method': 'random', 'target_freq': 0.8, 'generate_dummies': True, 'remove_duplicates': True}","{'n_estimators': 125, 'criterion': 'gini', 'max_depth': 30, 'max_features': 'sqrt', 'random_state': 42, 'verbose': 0, 'class_weight': None}",0.9455343484191637,0.7766844210037922,0.7683132962796054,0.7858122859730755,25.65222454071045
"{'scaling': None, 'imputation': 'mode', 'cat_age': False, 'remove_outliers': False, 'merge_capital': True, 'downsampling_method': 'random', 'target_freq': 0.8, 'generate_dummies': True, 'remove_duplicates': True}","{'n_estimators': 125, 'criterion': 'gini', 'max_depth': 30, 'max_features': 'sqrt', 'random_state': 42, 'verbose': 0, 'class_weight': None}",0.9458565418164497,0.7765025641148992,0.7698329981734255,0.7836607843065523,27.369999647140503
"{'scaling': None, 'imputation': 'mode', 'cat_age': False, 'remove_outliers': False, 'merge_capital': False, 'downsampling_method': 'random', 'target_freq': 0.85, 'generate_dummies': True, 'remove_duplicates': True}","{'n_estimators': 125, 'criterion': 'gini', 'max_depth': 30, 'max_features': 'sqrt', 'random_state': 42, 'verbose': 0, 'class_weight': None}",0.9519854524813388,0.7762539964050387,0.808181622417219,0.7513150134494145,34.874000787734985
"{'scaling': None, 'imputation': 'mode', 'cat_age': False, 'remove_outliers': False, 'merge_capital': False, 'downsampling_method': 'random', 'target_freq': 0.8, 'generate_dummies': True, 'remove_duplicates': True}","{'n_estimators': 50, 'criterion': 'gini', 'max_depth': 35, 'max_features': 'sqrt', 'random_state': 42, 'verbose': 0, 'class_weight': None}",0.9448040340553362,0.7761632998985291,0.7651506738465088,0.7884558488966379,15.012001037597656
"{'scaling': None, 'imputation': 'mode', 'cat_age': False, 'remove_outliers': False, 'merge_capital': False, 'downsampling_method': 'random', 'target_freq': 0.8, 'generate_dummies': True, 'remove_duplicates': True}","{'n_estimators': 50, 'criterion': 'gini', 'max_depth': 25, 'max_features': 'sqrt', 'random_state': 42, 'verbose': 0, 'class_weight': None}",0.9465725392761424,0.7757690033293118,0.7734987704950588,0.7782101949962774,13.76300311088562
"{'scaling': 'minmax', 'imputation': 'mode', 'cat_age': False, 'remove_outliers': False, 'merge_capital': False, 'downsampling_method': 'random', 'target_freq': 0.85, 'generate_dummies': True, 'remove_duplicates': True}","{'n_estimators': 125, 'criterion': 'gini', 'max_depth': 30, 'max_features': 'sqrt', 'random_state': 42, 'verbose': 0, 'class_weight': None}",0.9517634950989453,0.7756987412700118,0.8066663761854105,0.7513543252056678,35.673001527786255
"{'scaling': None, 'imputation': 'mode', 'cat_age': False, 'remove_outliers': False, 'merge_capital': False, 'downsampling_method': 'random', 'target_freq': 0.8, 'generate_dummies': True, 'remove_duplicates': True}","{'n_estimators': 50, 'criterion': 'gini', 'max_depth': 40, 'max_features': 'sqrt', 'random_state': 42, 'verbose': 0, 'class_weight': None}",0.9440880447978227,0.7755658280850477,0.7622622228527784,0.7908318913053531,15.190000772476196
"{'scaling': 'minmax', 'imputation': 'mode', 'cat_age': False, 'remove_outliers': False, 'merge_capital': True, 'downsampling_method': 'random', 'target_freq': 0.8, 'generate_dummies': True, 'remove_duplicates': True}","{'n_estimators': 125, 'criterion': 'gini', 'max_depth': 30, 'max_features': 'sqrt', 'random_state': 42, 'verbose': 0, 'class_weight': None}",0.9454555887857456,0.7754834336923029,0.7680975486296259,0.783437225569563,27.770485877990723
"{'scaling': 'standard', 'imputation': 'mode', 'cat_age': False, 'remove_outliers': False, 'merge_capital': False, 'downsampling_method': 'random', 'target_freq': 0.85, 'generate_dummies': True, 'remove_duplicates': True}","{'n_estimators': 125, 'criterion': 'gini', 'max_depth': 30, 'max_features': 'sqrt', 'random_state': 42, 'verbose': 0, 'class_weight': None}",0.9514055025207335,0.7750231184210516,0.804836042074135,0.7519176919564207,37.15613627433777
"{'scaling': None, 'imputation': 'mode', 'cat_age': False, 'remove_outliers': False, 'merge_capital': False, 'downsampling_method': 'random', 'target_freq': 0.8, 'generate_dummies': True, 'remove_duplicates': True}","{'n_estimators': 125, 'criterion': 'gini', 'max_depth': None, 'max_features': 'sqrt', 'random_state': 42, 'verbose': 0, 'class_weight': None}",0.9430999602858163,0.7748719231750794,0.7583291561105735,0.7943786448928926,29.582999229431152
"{'scaling': None, 'imputation': 'mode', 'cat_age': False, 'remove_outliers': False, 'merge_capital': True, 'downsampling_method': 'random', 'target_freq': 0.85, 'generate_dummies': True, 'remove_duplicates': True}","{'n_estimators': 125, 'criterion': 'gini', 'max_depth': 30, 'max_features': 'sqrt', 'random_state': 42, 'verbose': 0, 'class_weight': None}",0.9517634912541737,0.7745753431190044,0.8073639092356419,0.7491357647274881,32.96644186973572
"{'scaling': 'standard', 'imputation': 'mode', 'cat_age': False, 'remove_outliers': False, 'merge_capital': True, 'downsampling_method': 'random', 'target_freq': 0.8, 'generate_dummies': True, 'remove_duplicates': True}","{'n_estimators': 125, 'criterion': 'gini', 'max_depth': 30, 'max_features': 'sqrt', 'random_state': 42, 'verbose': 0, 'class_weight': None}",0.9444961690964995,0.7743913564224725,0.7646673579260206,0.7858690710333583,27.132434368133545
"{'scaling': None, 'imputation': 'mode', 'cat_age': False, 'remove_outliers': False, 'merge_capital': False, 'downsampling_method': 'random', 'target_freq': 0.8, 'generate_dummies': True, 'remove_duplicates': True}","{'n_estimators': 100, 'criterion': 'gini', 'max_depth': None, 'max_features': 'sqrt', 'random_state': 42, 'verbose': 0, 'class_weight': None}",0.9432574805779248,0.7735579106435619,0.7589620555262678,0.7904402914985577,24.858998775482178
"{'scaling': None, 'imputation': 'mode', 'cat_age': False, 'remove_outliers': True, 'merge_capital': True, 'downsampling_method': 'random', 'target_freq': 0.85, 'generate_dummies': True, 'remove_duplicates': True}","{'n_estimators': 125, 'criterion': 'gini', 'max_depth': 30, 'max_features': 'sqrt', 'random_state': 42, 'verbose': 0, 'class_weight': None}",0.9512479758206723,0.7733903896968768,0.8039026489546417,0.7494360064748824,33.86782217025757
"{'scaling': 'standard', 'imputation': 'mode', 'cat_age': False, 'remove_outliers': False, 'merge_capital': True, 'downsampling_method': 'random', 'target_freq': 0.85, 'generate_dummies': True, 'remove_duplicates': True}","{'n_estimators': 125, 'criterion': 'gini', 'max_depth': 30, 'max_features': 'sqrt', 'random_state': 42, 'verbose': 0, 'class_weight': None}",0.9508685030162143,0.7731638438821867,0.8017217603014345,0.7508529334198363,34.6501739025116
"{'scaling': None, 'imputation': 'mode', 'cat_age': False, 'remove_outliers': False, 'merge_capital': False, 'downsampling_method': 'random', 'target_freq': 0.8, 'generate_dummies': True, 'remove_duplicates': True}","{'n_estimators': 75, 'criterion': 'gini', 'max_depth': None, 'max_features': 'sqrt', 'random_state': 42, 'verbose': 0, 'class_weight': None}",0.9423553256857187,0.7725752805525813,0.7555913494162839,0.7927722497787544,20.193000078201294
"{'scaling': None, 'imputation': 'mode', 'cat_age': False, 'remove_outliers': False, 'merge_capital': False, 'downsampling_method': 'random', 'target_freq': 0.8, 'generate_dummies': True, 'remove_duplicates': True}","{'n_estimators': 50, 'criterion': 'gini', 'max_depth': None, 'max_features': 'sqrt', 'random_state': 42, 'verbose': 0, 'class_weight': None}",0.9427777676574844,0.772099122803332,0.7571842265680455,0.7894952235876089,15.151001453399658
"{'scaling': None, 'imputation': 'mode', 'cat_age': False, 'remove_outliers': False, 'merge_capital': False, 'downsampling_method': 'random', 'target_freq': 0.8, 'generate_dummies': True, 'remove_duplicates': True}","{'n_estimators': 50, 'criterion': 'gini', 'max_depth': None, 'max_features': 'sqrt', 'random_state': 42, 'verbose': 0, 'class_weight': None}",0.9427777676574844,0.772099122803332,0.7571842265680455,0.7894952235876089,15.603999614715576
"{'scaling': None, 'imputation': 'mode', 'cat_age': False, 'remove_outliers': False, 'merge_capital': False, 'downsampling_method': 'random', 'target_freq': 0.8, 'generate_dummies': True, 'remove_duplicates': True}","{'n_estimators': 100, 'criterion': 'gini', 'max_depth': 40, 'max_features': 'log2', 'random_state': 42, 'verbose': 0, 'class_weight': None}",0.9463147757922343,0.7715631419148418,0.7729305120096737,0.7702880599953243,17.721999168395996
"{'scaling': None, 'imputation': 'mode', 'cat_age': False, 'remove_outliers': False, 'merge_capital': False, 'downsampling_method': 'random', 'target_freq': 0.8, 'generate_dummies': True, 'remove_duplicates': True}","{'n_estimators': 125, 'criterion': 'gini', 'max_depth': None, 'max_features': 'sqrt', 'random_state': 42, 'verbose': 0, 'class_weight': 'balanced'}",0.9423052106259305,0.7714895834402574,0.7553505018408581,0.7904589836367052,29.089996814727783
"{'scaling': 'minmax', 'imputation': 'mode', 'cat_age': False, 'remove_outliers': False, 'merge_capital': False, 'downsampling_method': 'random', 'target_freq': 0.8, 'generate_dummies': True, 'remove_duplicates': True}","{'n_estimators': 50, 'criterion': 'gini', 'max_depth': None, 'max_features': 'sqrt', 'random_state': 42, 'verbose': 0, 'class_weight': None}",0.9424340917270893,0.7713274516854219,0.7558674192042607,0.7894705565015302,15.809998989105225
"{'scaling': None, 'imputation': 'mode', 'cat_age': False, 'remove_outliers': False, 'merge_capital': False, 'downsampling_method': 'random', 'target_freq': 0.8, 'generate_dummies': True, 'remove_duplicates': True}","{'n_estimators': 125, 'criterion': 'gini', 'max_depth': 40, 'max_features': 'log2', 'random_state': 42, 'verbose': 0, 'class_weight': None}",0.9463290952595502,0.7712790921850475,0.7730499333829183,0.7696028414224015,20.09800124168396
"{'scaling': None, 'imputation': 'mode', 'cat_age': False, 'remove_outliers': False, 'merge_capital': False, 'downsampling_method': 'random', 'target_freq': 0.8, 'generate_dummies': True, 'remove_duplicates': True}","{'n_estimators': 100, 'criterion': 'gini', 'max_depth': 35, 'max_features': 'log2', 'random_state': 42, 'verbose': 0, 'class_weight': None}",0.9472885293026101,0.7708874462238657,0.7784072766237687,0.7639186625452237,16.801530838012695
"{'scaling': None, 'imputation': 'mode', 'cat_age': False, 'remove_outliers': False, 'merge_capital': False, 'downsampling_method': 'random', 'target_freq': 0.85, 'generate_dummies': True, 'remove_duplicates': True}","{'n_estimators': 50, 'criterion': 'gini', 'max_depth': None, 'max_features': 'sqrt', 'random_state': 42, 'verbose': 0, 'class_weight': None}",0.9490999947195908,0.7708839657841328,0.789528222564118,0.7549735017175515,18.688997507095337
"{'scaling': 'minmax', 'imputation': 'mode', 'cat_age': False, 'remove_outliers': False, 'merge_capital': False, 'downsampling_method': 'random', 'target_freq': 0.85, 'generate_dummies': True, 'remove_duplicates': True}","{'n_estimators': 50, 'criterion': 'gini', 'max_depth': None, 'max_features': 'sqrt', 'random_state': 42, 'verbose': 0, 'class_weight': None}",0.9489209983023258,0.7707872703606621,0.7883500265936505,0.7556701473154736,20.036001682281494
"{'scaling': None, 'imputation': 'mode', 'cat_age': False, 'remove_outliers': False, 'merge_capital': False, 'downsampling_method': 'random', 'target_freq': 0.8, 'generate_dummies': True, 'remove_duplicates': True}","{'n_estimators': 75, 'criterion': 'gini', 'max_depth': 40, 'max_features': 'log2', 'random_state': 42, 'verbose': 0, 'class_weight': None}",0.9459567814197959,0.7707836167288595,0.771263820977433,0.7703540145691694,14.78003191947937
"{'scaling': None, 'imputation': 'mode', 'cat_age': False, 'remove_outliers': False, 'merge_capital': False, 'downsampling_method': 'random', 'target_freq': 0.8, 'generate_dummies': True, 'remove_duplicates': True}","{'n_estimators': 100, 'criterion': 'gini', 'max_depth': None, 'max_features': 'sqrt', 'random_state': 42, 'verbose': 0, 'class_weight': 'balanced'}",0.9423911289677342,0.7706815486448428,0.7556818867175198,0.7881172108057594,24.605998754501343
"{'scaling': 'standard', 'imputation': 'mode', 'cat_age': False, 'remove_outliers': False, 'merge_capital': False, 'downsampling_method': 'random', 'target_freq': 0.8, 'generate_dummies': True, 'remove_duplicates': True}","{'n_estimators': 50, 'criterion': 'gini', 'max_depth': None, 'max_features': 'sqrt', 'random_state': 42, 'verbose': 0, 'class_weight': None}",0.9419758590328952,0.770595586472963,0.7543854060864768,0.7900797732627508,15.856999158859253
"{'scaling': None, 'imputation': 'mode', 'cat_age': False, 'remove_outliers': False, 'merge_capital': True, 'downsampling_method': 'random', 'target_freq': 0.8, 'generate_dummies': True, 'remove_duplicates': True}","{'n_estimators': 50, 'criterion': 'gini', 'max_depth': None, 'max_features': 'sqrt', 'random_state': 42, 'verbose': 0, 'class_weight': None}",0.9425772815302036,0.7703675452378024,0.7563670406019197,0.7864770898427726,14.852999925613403
"{'scaling': None, 'imputation': 'mode', 'cat_age': False, 'remove_outliers': False, 'merge_capital': False, 'downsampling_method': 'random', 'target_freq': 0.8, 'generate_dummies': True, 'remove_duplicates': True}","{'n_estimators': 50, 'criterion': 'gini', 'max_depth': 35, 'max_features': 'log2', 'random_state': 42, 'verbose': 0, 'class_weight': None}",0.9469949674067306,0.7702744183909834,0.7768071220096053,0.7641369039918795,11.346999645233154
"{'scaling': None, 'imputation': 'mode', 'cat_age': False, 'remove_outliers': False, 'merge_capital': False, 'downsampling_method': 'random', 'target_freq': 0.8, 'generate_dummies': True, 'remove_duplicates': True}","{'n_estimators': 125, 'criterion': 'gini', 'max_depth': 35, 'max_features': 'log2', 'random_state': 42, 'verbose': 0, 'class_weight': None}",0.9471381723326131,0.7700940590256333,0.7777856923635161,0.762992927182486,22.35326647758484
"{'scaling': 'standard', 'imputation': 'mode', 'cat_age': False, 'remove_outliers': False, 'merge_capital': False, 'downsampling_method': 'random', 'target_freq': 0.85, 'generate_dummies': True, 'remove_duplicates': True}","{'n_estimators': 50, 'criterion': 'gini', 'max_depth': None, 'max_features': 'sqrt', 'random_state': 42, 'verbose': 0, 'class_weight': None}",0.9487777951706701,0.7699373856346823,0.7878597156684585,0.7547060461914675,20.175000429153442
"{'scaling': 'minmax', 'imputation': 'mode', 'cat_age': False, 'remove_outliers': False, 'merge_capital': True, 'downsampling_method': 'random', 'target_freq': 0.8, 'generate_dummies': True, 'remove_duplicates': True}","{'n_estimators': 50, 'criterion': 'gini', 'max_depth': None, 'max_features': 'sqrt', 'random_state': 42, 'verbose': 0, 'class_weight': None}",0.9422336055998082,0.7696677161923263,0.7550447583644339,0.7866076311233245,15.684999465942383
"{'scaling': None, 'imputation': 'mode', 'cat_age': False, 'remove_outliers': False, 'merge_capital': False, 'downsampling_method': 'random', 'target_freq': 0.8, 'generate_dummies': True, 'remove_duplicates': True}","{'n_estimators': 75, 'criterion': 'gini', 'max_depth': 35, 'max_features': 'log2', 'random_state': 42, 'verbose': 0, 'class_weight': None}",0.9470594119302407,0.7696230197139867,0.7773868251662682,0.7624146322302332,14.134999752044678
"{'scaling': None, 'imputation': 'mode', 'cat_age': False, 'remove_outliers': False, 'merge_capital': False, 'downsampling_method': 'random', 'target_freq': 0.8, 'generate_dummies': True, 'remove_duplicates': True}","{'n_estimators': 75, 'criterion': 'gini', 'max_depth': None, 'max_features': 'sqrt', 'random_state': 42, 'verbose': 0, 'class_weight': 'balanced'}",0.9414603361661686,0.769270936053189,0.7522318750257403,0.7895300374013163,19.85700011253357
"{'scaling': None, 'imputation': 'mode', 'cat_age': False, 'remove_outliers': True, 'merge_capital': False, 'downsampling_method': 'random', 'target_freq': 0.85, 'generate_dummies': True, 'remove_duplicates': True}","{'n_estimators': 50, 'criterion': 'gini', 'max_depth': None, 'max_features': 'sqrt', 'random_state': 42, 'verbose': 0, 'class_weight': None}",0.9483768500858272,0.7691016233820663,0.7856386659307777,0.7549069747895858,18.337000846862793
"{'scaling': None, 'imputation': 'mode', 'cat_age': False, 'remove_outliers': False, 'merge_capital': False, 'downsampling_method': 'random', 'target_freq': 0.8, 'generate_dummies': True, 'remove_duplicates': True}","{'n_estimators': 50, 'criterion': 'gini', 'max_depth': 40, 'max_features': 'log2', 'random_state': 42, 'verbose': 0, 'class_weight': None}",0.9453983091222555,0.7690565256456512,0.768815276655811,0.7693765911186606,11.766998291015625
"{'scaling': None, 'imputation': 'mode', 'cat_age': False, 'remove_outliers': True, 'merge_capital': True, 'downsampling_method': 'random', 'target_freq': 0.8, 'generate_dummies': True, 'remove_duplicates': True}","{'n_estimators': 50, 'criterion': 'gini', 'max_depth': None, 'max_features': 'sqrt', 'random_state': 42, 'verbose': 0, 'class_weight': None}",0.9415963869973917,0.7685758337109306,0.7527675111751699,0.7872185587900562,14.736001014709473
"{'scaling': None, 'imputation': 'mode', 'cat_age': False, 'remove_outliers': True, 'merge_capital': False, 'downsampling_method': 'random', 'target_freq': 0.8, 'generate_dummies': True, 'remove_duplicates': True}","{'n_estimators': 50, 'criterion': 'gini', 'max_depth': None, 'max_features': 'sqrt', 'random_state': 42, 'verbose': 0, 'class_weight': None}",0.9416250308020672,0.7684317396516525,0.7529353185681045,0.7867091860657933,15.315999746322632
"{'scaling': 'standard', 'imputation': 'mode', 'cat_age': False, 'remove_outliers': False, 'merge_capital': True, 'downsampling_method': 'random', 'target_freq': 0.8, 'generate_dummies': True, 'remove_duplicates': True}","{'n_estimators': 50, 'criterion': 'gini', 'max_depth': None, 'max_features': 'sqrt', 'random_state': 42, 'verbose': 0, 'class_weight': None}",0.9415104568649552,0.7681232572678173,0.7525536742557174,0.7866124934319446,15.734998226165771
"{'scaling': None, 'imputation': 'mode', 'cat_age': False, 'remove_outliers': False, 'merge_capital': False, 'downsampling_method': 'random', 'target_freq': 0.8, 'generate_dummies': True, 'remove_duplicates': True}","{'n_estimators': 125, 'criterion': 'gini', 'max_depth': 30, 'max_features': 'log2', 'random_state': 42, 'verbose': 0, 'class_weight': None}",0.9481620373143234,0.7677976032716054,0.7846192847782613,0.7532535348470761,18.06600069999695
"{'scaling': None, 'imputation': 'mode', 'cat_age': False, 'remove_outliers': False, 'merge_capital': False, 'downsampling_method': 'random', 'target_freq': 0.8, 'generate_dummies': True, 'remove_duplicates': True}","{'n_estimators': 100, 'criterion': 'gini', 'max_depth': 30, 'max_features': 'log2', 'random_state': 42, 'verbose': 0, 'class_weight': None}",0.9481692014053891,0.7675214776011525,0.7847543337715643,0.7526696043946307,15.677001237869263
"{'scaling': None, 'imputation': 'mode', 'cat_age': False, 'remove_outliers': True, 'merge_capital': True, 'downsampling_method': 'random', 'target_freq': 0.85, 'generate_dummies': True, 'remove_duplicates': True}","{'n_estimators': 50, 'criterion': 'gini', 'max_depth': None, 'max_features': 'sqrt', 'random_state': 42, 'verbose': 0, 'class_weight': None}",0.948133403506054,0.7672989900355193,0.7845896712009569,0.7524329560970229,18.29599928855896
"{'scaling': None, 'imputation': 'mode', 'cat_age': False, 'remove_outliers': False, 'merge_capital': False, 'downsampling_method': 'random', 'target_freq': 0.8, 'generate_dummies': True, 'remove_duplicates': True}","{'n_estimators': 50, 'criterion': 'gini', 'max_depth': None, 'max_features': 'sqrt', 'random_state': 42, 'verbose': 0, 'class_weight': 'balanced'}",0.9416751384286302,0.7670268588263249,0.7530020658795609,0.7832372708954836,15.28600001335144
"{'scaling': 'standard', 'imputation': 'mode', 'cat_age': False, 'remove_outliers': False, 'merge_capital': True, 'downsampling_method': 'random', 'target_freq': 0.85, 'generate_dummies': True, 'remove_duplicates': True}","{'n_estimators': 50, 'criterion': 'gini', 'max_depth': None, 'max_features': 'sqrt', 'random_state': 42, 'verbose': 0, 'class_weight': None}",0.9478684808011242,0.7668930060230045,0.7832219631659645,0.7528869906129624,19.84599804878235
"{'scaling': None, 'imputation': 'mode', 'cat_age': False, 'remove_outliers': False, 'merge_capital': False, 'downsampling_method': 'random', 'target_freq': 0.8, 'generate_dummies': True, 'remove_duplicates': True}","{'n_estimators': 75, 'criterion': 'gini', 'max_depth': 30, 'max_features': 'log2', 'random_state': 42, 'verbose': 0, 'class_weight': None}",0.9478470036506952,0.7667712061654879,0.7829571474615239,0.7527153665273303,13.178999900817871
"{'scaling': None, 'imputation': 'mode', 'cat_age': False, 'remove_outliers': False, 'merge_capital': True, 'downsampling_method': 'random', 'target_freq': 0.85, 'generate_dummies': True, 'remove_duplicates': True}","{'n_estimators': 50, 'criterion': 'gini', 'max_depth': None, 'max_features': 'sqrt', 'random_state': 42, 'verbose': 0, 'class_weight': None}",0.9482694397271446,0.7665801055790047,0.7856856613563801,0.7503391389828377,18.394997596740723
"{'scaling': None, 'imputation': 'mode', 'cat_age': False, 'remove_outliers': False, 'merge_capital': False, 'downsampling_method': 'random', 'target_freq': 0.8, 'generate_dummies': True, 'remove_duplicates': True}","{'n_estimators': 50, 'criterion': 'gini', 'max_depth': 30, 'max_features': 'log2', 'random_state': 42, 'verbose': 0, 'class_weight': None}",0.9475033225939379,0.7663174102488256,0.7809452941533749,0.7534251687197635,10.7629976272583
"{'scaling': 'minmax', 'imputation': 'mode', 'cat_age': False, 'remove_outliers': False, 'merge_capital': True, 'downsampling_method': 'random', 'target_freq': 0.85, 'generate_dummies': True, 'remove_duplicates': True}","{'n_estimators': 50, 'criterion': 'gini', 'max_depth': None, 'max_features': 'sqrt', 'random_state': 42, 'verbose': 0, 'class_weight': None}",0.9480331636463897,0.766284955191597,0.7842299833259108,0.7509002246372154,19.782999753952026
"{'scaling': None, 'imputation': 'mode', 'cat_age': False, 'remove_outliers': False, 'merge_capital': False, 'downsampling_method': 'random', 'target_freq': 0.8, 'generate_dummies': True, 'remove_duplicates': True}","{'n_estimators': 125, 'criterion': 'gini', 'max_depth': None, 'max_features': 'log2', 'random_state': 42, 'verbose': 0, 'class_weight': None}",0.9422049751236742,0.7661014875037634,0.7550019864912741,0.7785256549310556,22.867999792099
"{'scaling': None, 'imputation': 'mode', 'cat_age': False, 'remove_outliers': False, 'merge_capital': False, 'downsampling_method': 'random', 'target_freq': 0.8, 'generate_dummies': True, 'remove_duplicates': True}","{'n_estimators': 100, 'criterion': 'gini', 'max_depth': None, 'max_features': 'log2', 'random_state': 42, 'verbose': 0, 'class_weight': None}",0.9424054535614121,0.764938621379807,0.7558549959407691,0.7749249627167016,19.532999753952026
"{'scaling': None, 'imputation': 'mode', 'cat_age': False, 'remove_outliers': False, 'merge_capital': False, 'downsampling_method': 'random', 'target_freq': 0.8, 'generate_dummies': True, 'remove_duplicates': True}","{'n_estimators': 75, 'criterion': 'gini', 'max_depth': None, 'max_features': 'log2', 'random_state': 42, 'verbose': 0, 'class_weight': None}",0.9418040182481985,0.7645032395535919,0.7534470945541203,0.7768915322792227,16.052998542785645
"{'scaling': None, 'imputation': 'mode', 'cat_age': False, 'remove_outliers': False, 'merge_capital': False, 'downsampling_method': 'random', 'target_freq': 0.8, 'generate_dummies': True, 'remove_duplicates': True}","{'n_estimators': 100, 'criterion': 'gini', 'max_depth': 40, 'max_features': 'sqrt', 'random_state': 42, 'verbose': 0, 'class_weight': 'balanced'}",0.9354746317087524,0.7644367465273867,0.7338832530323764,0.8077872419209811,24.032999992370605
"{'scaling': None, 'imputation': 'mode', 'cat_age': True, 'remove_outliers': True, 'merge_capital': False, 'downsampling_method': 'random', 'target_freq': 0.8, 'generate_dummies': True, 'remove_duplicates': True}","{'n_estimators': 50, 'criterion': 'gini', 'max_depth': None, 'max_features': 'sqrt', 'random_state': 42, 'verbose': 0, 'class_weight': None}",0.9409376668943258,0.76426237925603,0.750323323868441,0.7805042854542218,15.470000743865967
"{'scaling': None, 'imputation': 'mode', 'cat_age': False, 'remove_outliers': False, 'merge_capital': False, 'downsampling_method': 'random', 'target_freq': 0.8, 'generate_dummies': True, 'remove_duplicates': True}","{'n_estimators': 125, 'criterion': 'gini', 'max_depth': 40, 'max_features': 'sqrt', 'random_state': 42, 'verbose': 0, 'class_weight': 'balanced'}",0.9353815474816566,0.7642385351664455,0.7336075408343925,0.8077332096181736,27.397489070892334
"{'scaling': None, 'imputation': 'mode', 'cat_age': False, 'remove_outliers': False, 'merge_capital': False, 'downsampling_method': 'random', 'target_freq': 0.8, 'generate_dummies': True, 'remove_duplicates': True}","{'n_estimators': 125, 'criterion': 'gini', 'max_depth': 25, 'max_features': 'log2', 'random_state': 42, 'verbose': 0, 'class_weight': None}",0.9495081100471339,0.7639933699253321,0.7956329332015466,0.7395125902632099,16.283000469207764
"{'scaling': None, 'imputation': 'mode', 'cat_age': False, 'remove_outliers': False, 'merge_capital': False, 'downsampling_method': 'random', 'target_freq': 0.8, 'generate_dummies': True, 'remove_duplicates': True}","{'n_estimators': 75, 'criterion': 'gini', 'max_depth': 40, 'max_features': 'sqrt', 'random_state': 42, 'verbose': 0, 'class_weight': 'balanced'}",0.9351094729889301,0.7638303328266394,0.7328701571363523,0.8080748996071868,19.555999755859375
"{'scaling': None, 'imputation': 'mode', 'cat_age': False, 'remove_outliers': False, 'merge_capital': False, 'downsampling_method': 'random', 'target_freq': 0.8, 'generate_dummies': True, 'remove_duplicates': True}","{'n_estimators': 100, 'criterion': 'gini', 'max_depth': 25, 'max_features': 'log2', 'random_state': 42, 'verbose': 0, 'class_weight': None}",0.9494937913487723,0.763735198006264,0.7957536684026801,0.7390852804532485,14.046998023986816
"{'scaling': None, 'imputation': 'mode', 'cat_age': False, 'remove_outliers': False, 'merge_capital': False, 'downsampling_method': 'random', 'target_freq': 0.75, 'generate_dummies': True, 'remove_duplicates': True}","{'n_estimators': 50, 'criterion': 'gini', 'max_depth': None, 'max_features': 'sqrt', 'random_state': 42, 'verbose': 0, 'class_weight': None}",0.9342287993482425,0.7626322254772407,0.7305403053561623,0.8093693323568439,13.110997200012207
"{'scaling': None, 'imputation': 'mode', 'cat_age': False, 'remove_outliers': False, 'merge_capital': False, 'downsampling_method': 'random', 'target_freq': 0.8, 'generate_dummies': True, 'remove_duplicates': True}","{'n_estimators': 50, 'criterion': 'gini', 'max_depth': None, 'max_features': 'log2', 'random_state': 42, 'verbose': 0, 'class_weight': None}",0.9421262116454846,0.7623811675946113,0.7547373438891217,0.7706487620444866,12.633000135421753
"{'scaling': None, 'imputation': 'mode', 'cat_age': False, 'remove_outliers': True, 'merge_capital': False, 'downsampling_method': 'random', 'target_freq': 0.75, 'generate_dummies': True, 'remove_duplicates': True}","{'n_estimators': 50, 'criterion': 'gini', 'max_depth': None, 'max_features': 'sqrt', 'random_state': 42, 'verbose': 0, 'class_weight': None}",0.9332407514897254,0.7623582442030321,0.7284359653357377,0.8135085682715474,13.1750009059906
"{'scaling': None, 'imputation': 'mode', 'cat_age': False, 'remove_outliers': False, 'merge_capital': False, 'downsampling_method': 'random', 'target_freq': 0.8, 'generate_dummies': True, 'remove_duplicates': True}","{'n_estimators': 125, 'criterion': 'gini', 'max_depth': None, 'max_features': 'log2', 'random_state': 42, 'verbose': 0, 'class_weight': 'balanced'}",0.941159618637721,0.7621036897411105,0.7509804849877396,0.7745830654459198,22.74400234222412
"{'scaling': None, 'imputation': 'mode', 'cat_age': False, 'remove_outliers': False, 'merge_capital': False, 'downsampling_method': 'random', 'target_freq': 0.8, 'generate_dummies': True, 'remove_duplicates': True}","{'n_estimators': 100, 'criterion': 'gini', 'max_depth': None, 'max_features': 'log2', 'random_state': 42, 'verbose': 0, 'class_weight': 'balanced'}",0.9417324132220761,0.7620803415038292,0.7532281662145349,0.7718216800956366,19.412001132965088
"{'scaling': 'minmax', 'imputation': 'mode', 'cat_age': False, 'remove_outliers': False, 'merge_capital': False, 'downsampling_method': 'random', 'target_freq': 0.75, 'generate_dummies': True, 'remove_duplicates': True}","{'n_estimators': 50, 'criterion': 'gini', 'max_depth': None, 'max_features': 'sqrt', 'random_state': 42, 'verbose': 0, 'class_weight': None}",0.9338421655285363,0.7620673612035248,0.7295235031033848,0.8098488126083658,13.563002109527588
"{'scaling': None, 'imputation': 'mode', 'cat_age': False, 'remove_outliers': False, 'merge_capital': False, 'downsampling_method': 'random', 'target_freq': 0.8, 'generate_dummies': True, 'remove_duplicates': True}","{'n_estimators': 50, 'criterion': 'gini', 'max_depth': 40, 'max_features': 'sqrt', 'random_state': 42, 'verbose': 0, 'class_weight': 'balanced'}",0.9346798764098685,0.7620161488513043,0.7314335870441101,0.8056203125393824,14.971998453140259
"{'scaling': None, 'imputation': 'mode', 'cat_age': False, 'remove_outliers': False, 'merge_capital': False, 'downsampling_method': 'random', 'target_freq': 0.8, 'generate_dummies': True, 'remove_duplicates': True}","{'n_estimators': 75, 'criterion': 'gini', 'max_depth': 25, 'max_features': 'log2', 'random_state': 42, 'verbose': 0, 'class_weight': None}",0.9488851947639922,0.7619505284651609,0.7920337831673299,0.7384925323024156,12.110999584197998
"{'scaling': None, 'imputation': 'mode', 'cat_age': False, 'remove_outliers': False, 'merge_capital': False, 'downsampling_method': 'random', 'target_freq': 0.8, 'generate_dummies': True, 'remove_duplicates': True}","{'n_estimators': 50, 'criterion': 'gini', 'max_depth': 25, 'max_features': 'log2', 'random_state': 42, 'verbose': 0, 'class_weight': None}",0.9485057150389453,0.7618441000966559,0.7892216608533846,0.7400404111141011,10.051002502441406
"{'scaling': None, 'imputation': 'mode', 'cat_age': True, 'remove_outliers': True, 'merge_capital': True, 'downsampling_method': 'random', 'target_freq': 0.8, 'generate_dummies': True, 'remove_duplicates': True}","{'n_estimators': 50, 'criterion': 'gini', 'max_depth': None, 'max_features': 'sqrt', 'random_state': 42, 'verbose': 0, 'class_weight': None}",0.9403075941843891,0.7617998779187476,0.7479158440010736,0.7779446196072692,15.631997346878052
"{'scaling': None, 'imputation': 'mode', 'cat_age': False, 'remove_outliers': False, 'merge_capital': True, 'downsampling_method': 'random', 'target_freq': 0.75, 'generate_dummies': True, 'remove_duplicates': True}","{'n_estimators': 50, 'criterion': 'gini', 'max_depth': None, 'max_features': 'sqrt', 'random_state': 42, 'verbose': 0, 'class_weight': None}",0.9334770075776682,0.7613492837309277,0.7285330980163862,0.8097943174294991,13.080999851226807
"{'scaling': 'standard', 'imputation': 'mode', 'cat_age': True, 'remove_outliers': False, 'merge_capital': False, 'downsampling_method': 'random', 'target_freq': 0.8, 'generate_dummies': True, 'remove_duplicates': True}","{'n_estimators': 50, 'criterion': 'gini', 'max_depth': None, 'max_features': 'sqrt', 'random_state': 42, 'verbose': 0, 'class_weight': None}",0.940214516365246,0.7606601303628111,0.7474357487061265,0.775984594934042,16.275999069213867
"{'scaling': None, 'imputation': 'mode', 'cat_age': True, 'remove_outliers': True, 'merge_capital': False, 'downsampling_method': 'random', 'target_freq': 0.85, 'generate_dummies': True, 'remove_duplicates': True}","{'n_estimators': 50, 'criterion': 'gini', 'max_depth': None, 'max_features': 'sqrt', 'random_state': 42, 'verbose': 0, 'class_weight': None}",0.9468732575735445,0.7605715386817927,0.7789247821150129,0.7449734691339318,19.842000722885132
"{'scaling': None, 'imputation': 'mode', 'cat_age': False, 'remove_outliers': False, 'merge_capital': False, 'downsampling_method': 'random', 'target_freq': 0.8, 'generate_dummies': True, 'remove_duplicates': True}","{'n_estimators': 75, 'criterion': 'gini', 'max_depth': None, 'max_features': 'log2', 'random_state': 42, 'verbose': 0, 'class_weight': 'balanced'}",0.9407157002844805,0.760357568424193,0.7492781510956399,0.7728211416289886,16.051515817642212
"{'scaling': None, 'imputation': 'mode', 'cat_age': False, 'remove_outliers': False, 'merge_capital': False, 'downsampling_method': 'random', 'target_freq': 0.8, 'generate_dummies': True, 'remove_duplicates': True}","{'n_estimators': 125, 'criterion': 'gini', 'max_depth': 35, 'max_features': 'sqrt', 'random_state': 42, 'verbose': 0, 'class_weight': 'balanced'}",0.9312287848226954,0.7602939603624016,0.7236366557816895,0.8180926967869018,28.73900055885315
"{'scaling': None, 'imputation': 'mode', 'cat_age': False, 'remove_outliers': False, 'merge_capital': False, 'downsampling_method': 'random', 'target_freq': 0.8, 'generate_dummies': True, 'remove_duplicates': True}","{'n_estimators': 100, 'criterion': 'gini', 'max_depth': 35, 'max_features': 'sqrt', 'random_state': 42, 'verbose': 0, 'class_weight': 'balanced'}",0.9311571803092095,0.7600607678636446,0.723422170440351,0.817841994423268,23.475001573562622
"{'scaling': 'minmax', 'imputation': 'mode', 'cat_age': False, 'remove_outliers': False, 'merge_capital': True, 'downsampling_method': 'random', 'target_freq': 0.75, 'generate_dummies': True, 'remove_duplicates': True}","{'n_estimators': 50, 'criterion': 'gini', 'max_depth': None, 'max_features': 'sqrt', 'random_state': 42, 'verbose': 0, 'class_weight': None}",0.9328039746715573,0.7600183319478059,0.7267231804781714,0.8096990607693447,13.598997354507446
"{'scaling': 'standard', 'imputation': 'mode', 'cat_age': False, 'remove_outliers': False, 'merge_capital': False, 'downsampling_method': 'random', 'target_freq': 0.75, 'generate_dummies': True, 'remove_duplicates': True}","{'n_estimators': 50, 'criterion': 'gini', 'max_depth': None, 'max_features': 'sqrt', 'random_state': 42, 'verbose': 0, 'class_weight': None}",0.932266996441441,0.7596368893192535,0.7258282877142376,0.8111359451523532,13.501999855041504
"{'scaling': None, 'imputation': 'mode', 'cat_age': True, 'remove_outliers': True, 'merge_capital': False, 'downsampling_method': 'random', 'target_freq': 0.75, 'generate_dummies': True, 'remove_duplicates': True}","{'n_estimators': 50, 'criterion': 'gini', 'max_depth': None, 'max_features': 'sqrt', 'random_state': 42, 'verbose': 0, 'class_weight': None}",0.9331333454884504,0.7592801854438951,0.72735935525579,0.8062328424180322,13.11500072479248
"{'scaling': None, 'imputation': 'mode', 'cat_age': False, 'remove_outliers': False, 'merge_capital': False, 'downsampling_method': 'random', 'target_freq': 0.8, 'generate_dummies': True, 'remove_duplicates': True}","{'n_estimators': 75, 'criterion': 'gini', 'max_depth': 35, 'max_features': 'sqrt', 'random_state': 42, 'verbose': 0, 'class_weight': 'balanced'}",0.9308349848613785,0.7591925772792851,0.7225475660240501,0.8171391438631884,19.142999410629272
"{'scaling': None, 'imputation': 'mode', 'cat_age': False, 'remove_outliers': True, 'merge_capital': True, 'downsampling_method': 'random', 'target_freq': 0.75, 'generate_dummies': True, 'remove_duplicates': True}","{'n_estimators': 50, 'criterion': 'gini', 'max_depth': None, 'max_features': 'sqrt', 'random_state': 42, 'verbose': 0, 'class_weight': None}",0.9326178315928578,0.7590922947708265,0.7261423436028511,0.8082309138750224,12.9459969997406
"{'scaling': None, 'imputation': 'mode', 'cat_age': False, 'remove_outliers': False, 'merge_capital': False, 'downsampling_method': 'random', 'target_freq': 0.8, 'generate_dummies': True, 'remove_duplicates': True}","{'n_estimators': 50, 'criterion': 'gini', 'max_depth': None, 'max_features': 'log2', 'random_state': 42, 'verbose': 0, 'class_weight': 'balanced'}",0.9411811001455577,0.7590707611130957,0.7510324069737656,0.7678792456066175,12.644999027252197
"{'scaling': None, 'imputation': 'mode', 'cat_age': True, 'remove_outliers': False, 'merge_capital': False, 'downsampling_method': 'random', 'target_freq': 0.8, 'generate_dummies': True, 'remove_duplicates': True}","{'n_estimators': 50, 'criterion': 'gini', 'max_depth': None, 'max_features': 'sqrt', 'random_state': 42, 'verbose': 0, 'class_weight': None}",0.9399997174349197,0.7589410826389253,0.7465518301791416,0.7730556711374825,15.096999645233154
"{'scaling': 'minmax', 'imputation': 'mode', 'cat_age': True, 'remove_outliers': False, 'merge_capital': False, 'downsampling_method': 'random', 'target_freq': 0.8, 'generate_dummies': True, 'remove_duplicates': True}","{'n_estimators': 50, 'criterion': 'gini', 'max_depth': None, 'max_features': 'sqrt', 'random_state': 42, 'verbose': 0, 'class_weight': None}",0.9398135589771339,0.7589091453685831,0.745879370532126,0.7738545586250564,16.33299994468689
"{'scaling': 'standard', 'imputation': 'mode', 'cat_age': False, 'remove_outliers': False, 'merge_capital': True, 'downsampling_method': 'random', 'target_freq': 0.75, 'generate_dummies': True, 'remove_duplicates': True}","{'n_estimators': 50, 'criterion': 'gini', 'max_depth': None, 'max_features': 'sqrt', 'random_state': 42, 'verbose': 0, 'class_weight': None}",0.9316297563083034,0.7587549876974615,0.7243388111592184,0.8118967874939822,13.511510610580444
"{'scaling': 'standard', 'imputation': 'mode', 'cat_age': True, 'remove_outliers': False, 'merge_capital': True, 'downsampling_method': 'random', 'target_freq': 0.8, 'generate_dummies': True, 'remove_duplicates': True}","{'n_estimators': 50, 'criterion': 'gini', 'max_depth': None, 'max_features': 'sqrt', 'random_state': 42, 'verbose': 0, 'class_weight': None}",0.93967035020648,0.7587542523793572,0.745394305718226,0.7743301704969152,16.236998081207275
"{'scaling': 'standard', 'imputation': 'mode', 'cat_age': True, 'remove_outliers': False, 'merge_capital': False, 'downsampling_method': 'random', 'target_freq': 0.85, 'generate_dummies': True, 'remove_duplicates': True}","{'n_estimators': 50, 'criterion': 'gini', 'max_depth': None, 'max_features': 'sqrt', 'random_state': 42, 'verbose': 0, 'class_weight': None}",0.9464293305054884,0.758536516025129,0.7765872575347365,0.7433162207952768,20.646002531051636
"{'scaling': None, 'imputation': 'mode', 'cat_age': True, 'remove_outliers': False, 'merge_capital': True, 'downsampling_method': 'random', 'target_freq': 0.8, 'generate_dummies': True, 'remove_duplicates': True}","{'n_estimators': 50, 'criterion': 'gini', 'max_depth': None, 'max_features': 'sqrt', 'random_state': 42, 'verbose': 0, 'class_weight': None}",0.9398063887344337,0.7585279294503401,0.7458142371545888,0.7730738114241337,15.476102828979492
"{'scaling': None, 'imputation': 'mode', 'cat_age': False, 'remove_outliers': False, 'merge_capital': False, 'downsampling_method': 'random', 'target_freq': 0.8, 'generate_dummies': True, 'remove_duplicates': True}","{'n_estimators': 50, 'criterion': 'gini', 'max_depth': 35, 'max_features': 'sqrt', 'random_state': 42, 'verbose': 0, 'class_weight': 'balanced'}",0.9304769871568045,0.758220184399325,0.7216119711578302,0.816261232950603,14.74199914932251
"{'scaling': 'minmax', 'imputation': 'mode', 'cat_age': True, 'remove_outliers': False, 'merge_capital': True, 'downsampling_method': 'random', 'target_freq': 0.8, 'generate_dummies': True, 'remove_duplicates': True}","{'n_estimators': 50, 'criterion': 'gini', 'max_depth': None, 'max_features': 'sqrt', 'random_state': 42, 'verbose': 0, 'class_weight': None}",0.939419759015817,0.7577644943738806,0.7444254936734414,0.7731826458207989,16.156996965408325
"{'scaling': None, 'imputation': 'mode', 'cat_age': True, 'remove_outliers': False, 'merge_capital': False, 'downsampling_method': 'random', 'target_freq': 0.85, 'generate_dummies': True, 'remove_duplicates': True}","{'n_estimators': 50, 'criterion': 'gini', 'max_depth': None, 'max_features': 'sqrt', 'random_state': 42, 'verbose': 0, 'class_weight': None}",0.9463219345006199,0.7573394547740603,0.776359514172149,0.7412456490201473,18.96755027770996
"{'scaling': 'minmax', 'imputation': 'mode', 'cat_age': False, 'remove_outliers': True, 'merge_capital': False, 'downsampling_method': 'random', 'target_freq': 0.8, 'generate_dummies': True, 'remove_duplicates': True}","{'n_estimators': 50, 'criterion': 'gini', 'max_depth': None, 'max_features': 'sqrt', 'random_state': 42, 'verbose': 0, 'class_weight': None}",0.9407085577241358,0.7573216416548659,0.749234636563949,0.7662884299813214,15.668001174926758
"{'scaling': 'standard', 'imputation': 'mode', 'cat_age': False, 'remove_outliers': True, 'merge_capital': False, 'downsampling_method': 'random', 'target_freq': 0.8, 'generate_dummies': True, 'remove_duplicates': True}","{'n_estimators': 50, 'criterion': 'gini', 'max_depth': None, 'max_features': 'sqrt', 'random_state': 42, 'verbose': 0, 'class_weight': None}",0.9374651043083585,0.7573090367098736,0.7382921502746195,0.7811133255613918,15.75000262260437
"{'scaling': 'minmax', 'imputation': 'mode', 'cat_age': True, 'remove_outliers': False, 'merge_capital': False, 'downsampling_method': 'random', 'target_freq': 0.85, 'generate_dummies': True, 'remove_duplicates': True}","{'n_estimators': 50, 'criterion': 'gini', 'max_depth': None, 'max_features': 'sqrt', 'random_state': 42, 'verbose': 0, 'class_weight': None}",0.9460570179473246,0.7568997399979368,0.774875238656509,0.7415779188559787,20.70899987220764
"{'scaling': None, 'imputation': 'mode', 'cat_age': True, 'remove_outliers': True, 'merge_capital': True, 'downsampling_method': 'random', 'target_freq': 0.85, 'generate_dummies': True, 'remove_duplicates': True}","{'n_estimators': 50, 'criterion': 'gini', 'max_depth': None, 'max_features': 'sqrt', 'random_state': 42, 'verbose': 0, 'class_weight': None}",0.9461286204102658,0.7566496177467765,0.775470802738503,0.7407821359507285,19.419999837875366
"{'scaling': 'standard', 'imputation': 'mode', 'cat_age': True, 'remove_outliers': False, 'merge_capital': True, 'downsampling_method': 'random', 'target_freq': 0.85, 'generate_dummies': True, 'remove_duplicates': True}","{'n_estimators': 50, 'criterion': 'gini', 'max_depth': None, 'max_features': 'sqrt', 'random_state': 42, 'verbose': 0, 'class_weight': None}",0.946121456062882,0.75632976209274,0.775551006796438,0.7403015999046438,20.28600025177002
"{'scaling': None, 'imputation': 'mode', 'cat_age': True, 'remove_outliers': False, 'merge_capital': True, 'downsampling_method': 'random', 'target_freq': 0.85, 'generate_dummies': True, 'remove_duplicates': True}","{'n_estimators': 50, 'criterion': 'gini', 'max_depth': None, 'max_features': 'sqrt', 'random_state': 42, 'verbose': 0, 'class_weight': None}",0.9462646538118573,0.7563277894177348,0.7763222405504964,0.7395702024720157,19.328001499176025
"{'scaling': 'standard', 'imputation': 'mode', 'cat_age': False, 'remove_outliers': True, 'merge_capital': True, 'downsampling_method': 'random', 'target_freq': 0.8, 'generate_dummies': True, 'remove_duplicates': True}","{'n_estimators': 50, 'criterion': 'gini', 'max_depth': None, 'max_features': 'sqrt', 'random_state': 42, 'verbose': 0, 'class_weight': None}",0.9377156983185205,0.7561976182681178,0.7388207435811949,0.777416516590711,15.675520896911621
"{'scaling': None, 'imputation': 'mode', 'cat_age': True, 'remove_outliers': True, 'merge_capital': True, 'downsampling_method': 'random', 'target_freq': 0.75, 'generate_dummies': True, 'remove_duplicates': True}","{'n_estimators': 50, 'criterion': 'gini', 'max_depth': None, 'max_features': 'sqrt', 'random_state': 42, 'verbose': 0, 'class_weight': None}",0.932216872154201,0.7561037887000582,0.7244851200182405,0.8026182836588228,13.397999048233032
"{'scaling': 'standard', 'imputation': 'mode', 'cat_age': False, 'remove_outliers': True, 'merge_capital': False, 'downsampling_method': 'random', 'target_freq': 0.85, 'generate_dummies': True, 'remove_duplicates': True}","{'n_estimators': 50, 'criterion': 'gini', 'max_depth': None, 'max_features': 'sqrt', 'random_state': 42, 'verbose': 0, 'class_weight': None}",0.9456274282888518,0.7559811500900823,0.7727520896070408,0.7416684859520789,19.851996898651123
"{'scaling': 'minmax', 'imputation': 'mode', 'cat_age': True, 'remove_outliers': False, 'merge_capital': True, 'downsampling_method': 'random', 'target_freq': 0.85, 'generate_dummies': True, 'remove_duplicates': True}","{'n_estimators': 50, 'criterion': 'gini', 'max_depth': None, 'max_features': 'sqrt', 'random_state': 42, 'verbose': 0, 'class_weight': None}",0.9458637000121989,0.7554243996531123,0.7741214759679046,0.7396212418943714,20.39400029182434
"{'scaling': 'standard', 'imputation': 'mode', 'cat_age': True, 'remove_outliers': True, 'merge_capital': False, 'downsampling_method': 'random', 'target_freq': 0.8, 'generate_dummies': True, 'remove_duplicates': True}","{'n_estimators': 50, 'criterion': 'gini', 'max_depth': None, 'max_features': 'sqrt', 'random_state': 42, 'verbose': 0, 'class_weight': None}",0.9382240396645501,0.7547849637795412,0.7402029794886669,0.7718951027920079,16.17400050163269
"{'scaling': None, 'imputation': 'mode', 'cat_age': True, 'remove_outliers': False, 'merge_capital': False, 'downsampling_method': 'random', 'target_freq': 0.75, 'generate_dummies': True, 'remove_duplicates': True}","{'n_estimators': 50, 'criterion': 'gini', 'max_depth': None, 'max_features': 'sqrt', 'random_state': 42, 'verbose': 0, 'class_weight': None}",0.9315939443114722,0.7546737842150253,0.7226731345111816,0.8020377160255237,13.219001054763794
"{'scaling': 'standard', 'imputation': 'mode', 'cat_age': True, 'remove_outliers': False, 'merge_capital': False, 'downsampling_method': 'random', 'target_freq': 0.75, 'generate_dummies': True, 'remove_duplicates': True}","{'n_estimators': 50, 'criterion': 'gini', 'max_depth': None, 'max_features': 'sqrt', 'random_state': 42, 'verbose': 0, 'class_weight': None}",0.9312073135675829,0.7546597729103363,0.7219715987190876,0.8037976189491539,13.751001358032227
"{'scaling': 'standard', 'imputation': 'mode', 'cat_age': False, 'remove_outliers': True, 'merge_capital': True, 'downsampling_method': 'random', 'target_freq': 0.85, 'generate_dummies': True, 'remove_duplicates': True}","{'n_estimators': 50, 'criterion': 'gini', 'max_depth': None, 'max_features': 'sqrt', 'random_state': 42, 'verbose': 0, 'class_weight': None}",0.9457204968805433,0.7545395461215726,0.7734994344437652,0.7385753052130661,19.43451690673828
"{'scaling': None, 'imputation': 'mode', 'cat_age': True, 'remove_outliers': False, 'merge_capital': True, 'downsampling_method': 'random', 'target_freq': 0.75, 'generate_dummies': True, 'remove_duplicates': True}","{'n_estimators': 50, 'criterion': 'gini', 'max_depth': None, 'max_features': 'sqrt', 'random_state': 42, 'verbose': 0, 'class_weight': None}",0.9319519386839108,0.754470397226474,0.7233813993448225,0.7998805410949634,13.755510807037354
"{'scaling': 'minmax', 'imputation': 'mode', 'cat_age': True, 'remove_outliers': False, 'merge_capital': False, 'downsampling_method': 'random', 'target_freq': 0.75, 'generate_dummies': True, 'remove_duplicates': True}","{'n_estimators': 50, 'criterion': 'gini', 'max_depth': None, 'max_features': 'sqrt', 'random_state': 42, 'verbose': 0, 'class_weight': None}",0.9313218680245191,0.7544023710797889,0.722031775003938,0.8026325504762861,13.717001676559448
"{'scaling': 'standard', 'imputation': 'mode', 'cat_age': True, 'remove_outliers': False, 'merge_capital': True, 'downsampling_method': 'random', 'target_freq': 0.75, 'generate_dummies': True, 'remove_duplicates': True}","{'n_estimators': 50, 'criterion': 'gini', 'max_depth': None, 'max_features': 'sqrt', 'random_state': 42, 'verbose': 0, 'class_weight': None}",0.9315509825773892,0.75402706099043,0.7224822948743743,0.8006768975197547,13.834997177124023
"{'scaling': 'minmax', 'imputation': 'mode', 'cat_age': False, 'remove_outliers': True, 'merge_capital': False, 'downsampling_method': 'random', 'target_freq': 0.75, 'generate_dummies': True, 'remove_duplicates': True}","{'n_estimators': 50, 'criterion': 'gini', 'max_depth': None, 'max_features': 'sqrt', 'random_state': 42, 'verbose': 0, 'class_weight': None}",0.9325319165831896,0.7540189799480926,0.7246725929769379,0.7960664131439199,13.492000818252563
"{'scaling': 'minmax', 'imputation': 'mode', 'cat_age': True, 'remove_outliers': False, 'merge_capital': True, 'downsampling_method': 'random', 'target_freq': 0.75, 'generate_dummies': True, 'remove_duplicates': True}","{'n_estimators': 50, 'criterion': 'gini', 'max_depth': None, 'max_features': 'sqrt', 'random_state': 42, 'verbose': 0, 'class_weight': None}",0.9313791520454167,0.7533727123755923,0.7218693749780517,0.7998355817966113,13.742999076843262
"{'scaling': 'standard', 'imputation': 'mode', 'cat_age': True, 'remove_outliers': True, 'merge_capital': True, 'downsampling_method': 'random', 'target_freq': 0.8, 'generate_dummies': True, 'remove_duplicates': True}","{'n_estimators': 50, 'criterion': 'gini', 'max_depth': None, 'max_features': 'sqrt', 'random_state': 42, 'verbose': 0, 'class_weight': None}",0.9384531590874646,0.7521815913637253,0.740714597115479,0.765249517199106,16.160516500473022
"{'scaling': 'minmax', 'imputation': 'mode', 'cat_age': True, 'remove_outliers': True, 'merge_capital': False, 'downsampling_method': 'random', 'target_freq': 0.8, 'generate_dummies': True, 'remove_duplicates': True}","{'n_estimators': 50, 'criterion': 'gini', 'max_depth': None, 'max_features': 'sqrt', 'random_state': 42, 'verbose': 0, 'class_weight': None}",0.9395557939553173,0.7514621714564589,0.7445538574027701,0.7590387702128402,16.003002643585205
"{'scaling': 'minmax', 'imputation': 'mode', 'cat_age': False, 'remove_outliers': True, 'merge_capital': False, 'downsampling_method': 'random', 'target_freq': 0.85, 'generate_dummies': True, 'remove_duplicates': True}","{'n_estimators': 50, 'criterion': 'gini', 'max_depth': None, 'max_features': 'sqrt', 'random_state': 42, 'verbose': 0, 'class_weight': None}",0.9465653846688467,0.7512631749791437,0.779931904045911,0.7289647256199734,19.826000213623047
"{'scaling': 'standard', 'imputation': 'mode', 'cat_age': True, 'remove_outliers': True, 'merge_capital': False, 'downsampling_method': 'random', 'target_freq': 0.85, 'generate_dummies': True, 'remove_duplicates': True}","{'n_estimators': 50, 'criterion': 'gini', 'max_depth': None, 'max_features': 'sqrt', 'random_state': 42, 'verbose': 0, 'class_weight': None}",0.9458207372528437,0.7501227480256244,0.7753533146631313,0.729993338125459,20.309000492095947
"{'scaling': None, 'imputation': 'mode', 'cat_age': False, 'remove_outliers': False, 'merge_capital': False, 'downsampling_method': 'random', 'target_freq': 0.8, 'generate_dummies': True, 'remove_duplicates': True}","{'n_estimators': 125, 'criterion': 'gini', 'max_depth': 30, 'max_features': 'sqrt', 'random_state': 42, 'verbose': 0, 'class_weight': 'balanced'}",0.9231953332285453,0.7499172870968038,0.7072052278942114,0.8287146215788882,26.70700192451477
"{'scaling': None, 'imputation': 'mode', 'cat_age': False, 'remove_outliers': False, 'merge_capital': False, 'downsampling_method': 'random', 'target_freq': 0.8, 'generate_dummies': True, 'remove_duplicates': True}","{'n_estimators': 100, 'criterion': 'gini', 'max_depth': 30, 'max_features': 'sqrt', 'random_state': 42, 'verbose': 0, 'class_weight': 'balanced'}",0.9231452153492581,0.7499035466582871,0.7071225967141347,0.8289418295940475,22.508999824523926
"{'scaling': 'standard', 'imputation': 'mode', 'cat_age': True, 'remove_outliers': True, 'merge_capital': False, 'downsampling_method': 'random', 'target_freq': 0.75, 'generate_dummies': True, 'remove_duplicates': True}","{'n_estimators': 50, 'criterion': 'gini', 'max_depth': None, 'max_features': 'sqrt', 'random_state': 42, 'verbose': 0, 'class_weight': None}",0.9287299795918755,0.7497292485626561,0.7157058595636198,0.8028246041516468,13.724997282028198
"{'scaling': 'minmax', 'imputation': 'mode', 'cat_age': True, 'remove_outliers': True, 'merge_capital': False, 'downsampling_method': 'random', 'target_freq': 0.75, 'generate_dummies': True, 'remove_duplicates': True}","{'n_estimators': 50, 'criterion': 'gini', 'max_depth': None, 'max_features': 'sqrt', 'random_state': 42, 'verbose': 0, 'class_weight': None}",0.9321739122143449,0.7496467172144895,0.7226056729863873,0.7873276705667083,13.666999816894531
"{'scaling': None, 'imputation': 'mode', 'cat_age': False, 'remove_outliers': False, 'merge_capital': False, 'downsampling_method': 'random', 'target_freq': 0.8, 'generate_dummies': True, 'remove_duplicates': True}","{'n_estimators': 125, 'criterion': 'gini', 'max_depth': 40, 'max_features': 'log2', 'random_state': 42, 'verbose': 0, 'class_weight': 'balanced'}",0.9262168192655229,0.7493538774727648,0.71119185399879,0.8133002905986609,20.437998294830322
"{'scaling': None, 'imputation': 'mode', 'cat_age': False, 'remove_outliers': False, 'merge_capital': False, 'downsampling_method': 'random', 'target_freq': 0.8, 'generate_dummies': True, 'remove_duplicates': True}","{'n_estimators': 100, 'criterion': 'gini', 'max_depth': 40, 'max_features': 'log2', 'random_state': 42, 'verbose': 0, 'class_weight': 'balanced'}",0.926073620234957,0.7489764878471415,0.7108360137456995,0.8129592283562849,17.61700201034546
"{'scaling': None, 'imputation': 'mode', 'cat_age': False, 'remove_outliers': False, 'merge_capital': False, 'downsampling_method': 'random', 'target_freq': 0.8, 'generate_dummies': True, 'remove_duplicates': True}","{'n_estimators': 75, 'criterion': 'gini', 'max_depth': 40, 'max_features': 'log2', 'random_state': 42, 'verbose': 0, 'class_weight': 'balanced'}",0.9259304178722557,0.7488170725281122,0.7105481322069502,0.8132029667574496,14.668999671936035
"{'scaling': None, 'imputation': 'mode', 'cat_age': False, 'remove_outliers': False, 'merge_capital': False, 'downsampling_method': 'random', 'target_freq': 0.8, 'generate_dummies': True, 'remove_duplicates': True}","{'n_estimators': 75, 'criterion': 'gini', 'max_depth': 30, 'max_features': 'sqrt', 'random_state': 42, 'verbose': 0, 'class_weight': 'balanced'}",0.9225008177893255,0.7481649115477897,0.7055664903043805,0.8271629952989134,18.455000162124634
"{'scaling': None, 'imputation': 'mode', 'cat_age': False, 'remove_outliers': False, 'merge_capital': False, 'downsampling_method': 'random', 'target_freq': 0.8, 'generate_dummies': True, 'remove_duplicates': True}","{'n_estimators': 50, 'criterion': 'gini', 'max_depth': 30, 'max_features': 'sqrt', 'random_state': 42, 'verbose': 0, 'class_weight': 'balanced'}",0.922142818546843,0.7477330387241116,0.7049512645068967,0.8276195276926801,14.337000608444214
"{'scaling': 'minmax', 'imputation': 'mode', 'cat_age': False, 'remove_outliers': True, 'merge_capital': True, 'downsampling_method': 'random', 'target_freq': 0.85, 'generate_dummies': True, 'remove_duplicates': True}","{'n_estimators': 50, 'criterion': 'gini', 'max_depth': None, 'max_features': 'sqrt', 'random_state': 42, 'verbose': 0, 'class_weight': None}",0.9365629396760642,0.7464097819758522,0.7336440002030484,0.761132948011497,19.520998001098633
"{'scaling': 'standard', 'imputation': 'mode', 'cat_age': False, 'remove_outliers': True, 'merge_capital': False, 'downsampling_method': 'random', 'target_freq': 0.75, 'generate_dummies': True, 'remove_duplicates': True}","{'n_estimators': 50, 'criterion': 'gini', 'max_depth': None, 'max_features': 'sqrt', 'random_state': 42, 'verbose': 0, 'class_weight': None}",0.9251715055846935,0.7463756898672853,0.7085919690174617,0.8102561384195693,13.51499891281128
"{'scaling': None, 'imputation': 'mode', 'cat_age': False, 'remove_outliers': False, 'merge_capital': False, 'downsampling_method': 'random', 'target_freq': 0.8, 'generate_dummies': True, 'remove_duplicates': True}","{'n_estimators': 50, 'criterion': 'gini', 'max_depth': 40, 'max_features': 'log2', 'random_state': 42, 'verbose': 0, 'class_weight': 'balanced'}",0.9250282683627298,0.7462987835849969,0.7082018536296487,0.8107614922564845,11.747998714447021
"{'scaling': 'standard', 'imputation': 'mode', 'cat_age': True, 'remove_outliers': True, 'merge_capital': True, 'downsampling_method': 'random', 'target_freq': 0.75, 'generate_dummies': True, 'remove_duplicates': True}","{'n_estimators': 50, 'criterion': 'gini', 'max_depth': None, 'max_features': 'sqrt', 'random_state': 42, 'verbose': 0, 'class_weight': None}",0.9288302099677697,0.7462746839788958,0.7145917188366686,0.7939165699402302,13.717000007629395
"{'scaling': 'standard', 'imputation': 'mode', 'cat_age': True, 'remove_outliers': True, 'merge_capital': True, 'downsampling_method': 'random', 'target_freq': 0.85, 'generate_dummies': True, 'remove_duplicates': True}","{'n_estimators': 50, 'criterion': 'gini', 'max_depth': None, 'max_features': 'sqrt', 'random_state': 42, 'verbose': 0, 'class_weight': None}",0.9455772952867963,0.7458308625575661,0.7751297959553634,0.7232544592730126,20.190999269485474
"{'scaling': 'standard', 'imputation': 'mode', 'cat_age': False, 'remove_outliers': True, 'merge_capital': True, 'downsampling_method': 'random', 'target_freq': 0.75, 'generate_dummies': True, 'remove_duplicates': True}","{'n_estimators': 50, 'criterion': 'gini', 'max_depth': None, 'max_features': 'sqrt', 'random_state': 42, 'verbose': 0, 'class_weight': None}",0.9256082562584147,0.7448590163486333,0.7086262434523375,0.8044777268992982,13.45399808883667
"{'scaling': 'minmax', 'imputation': 'mode', 'cat_age': True, 'remove_outliers': True, 'merge_capital': True, 'downsampling_method': 'random', 'target_freq': 0.85, 'generate_dummies': True, 'remove_duplicates': True}","{'n_estimators': 50, 'criterion': 'gini', 'max_depth': None, 'max_features': 'sqrt', 'random_state': 42, 'verbose': 0, 'class_weight': None}",0.9367204576613097,0.7425148120279508,0.7336237118016131,0.7525688580210205,20.26400136947632
"{'scaling': 'minmax', 'imputation': 'mode', 'cat_age': True, 'remove_outliers': True, 'merge_capital': False, 'downsampling_method': 'random', 'target_freq': 0.85, 'generate_dummies': True, 'remove_duplicates': True}","{'n_estimators': 50, 'criterion': 'gini', 'max_depth': None, 'max_features': 'sqrt', 'random_state': 42, 'verbose': 0, 'class_weight': None}",0.9447037903509002,0.7412705218386967,0.7704699996352771,0.7187481267203402,20.368999481201172
"{'scaling': 'minmax', 'imputation': 'mode', 'cat_age': False, 'remove_outliers': True, 'merge_capital': True, 'downsampling_method': 'random', 'target_freq': 0.8, 'generate_dummies': True, 'remove_duplicates': True}","{'n_estimators': 50, 'criterion': 'gini', 'max_depth': None, 'max_features': 'sqrt', 'random_state': 42, 'verbose': 0, 'class_weight': None}",0.9267395190392206,0.7408373118664079,0.7089195463182947,0.7898993350005072,15.59400224685669
"{'scaling': None, 'imputation': 'mode', 'cat_age': False, 'remove_outliers': False, 'merge_capital': False, 'downsampling_method': 'random', 'target_freq': 0.8, 'generate_dummies': True, 'remove_duplicates': True}","{'n_estimators': 125, 'criterion': 'gini', 'max_depth': 35, 'max_features': 'log2', 'random_state': 42, 'verbose': 0, 'class_weight': 'balanced'}",0.9170664220510201,0.7380585990421645,0.6948650715085058,0.8239015095548877,19.768306970596313
"{'scaling': None, 'imputation': 'mode', 'cat_age': False, 'remove_outliers': False, 'merge_capital': False, 'downsampling_method': 'random', 'target_freq': 0.8, 'generate_dummies': True, 'remove_duplicates': True}","{'n_estimators': 100, 'criterion': 'gini', 'max_depth': 35, 'max_features': 'log2', 'random_state': 42, 'verbose': 0, 'class_weight': 'balanced'}",0.9168229880308338,0.7378282045317813,0.6945276400684882,0.8243034254852241,16.6039981842041
"{'scaling': 'minmax', 'imputation': 'mode', 'cat_age': True, 'remove_outliers': True, 'merge_capital': True, 'downsampling_method': 'random', 'target_freq': 0.8, 'generate_dummies': True, 'remove_duplicates': True}","{'n_estimators': 50, 'criterion': 'gini', 'max_depth': None, 'max_features': 'sqrt', 'random_state': 42, 'verbose': 0, 'class_weight': None}",0.9253003566966338,0.7371069164986382,0.7050255888071922,0.7869918791993774,16.13599967956543
"{'scaling': None, 'imputation': 'mode', 'cat_age': False, 'remove_outliers': False, 'merge_capital': False, 'downsampling_method': 'random', 'target_freq': 0.8, 'generate_dummies': True, 'remove_duplicates': True}","{'n_estimators': 75, 'criterion': 'gini', 'max_depth': 35, 'max_features': 'log2', 'random_state': 42, 'verbose': 0, 'class_weight': 'balanced'}",0.9163074646514712,0.7368116676703493,0.6935478226179714,0.8237107065757734,14.038513660430908
"{'scaling': None, 'imputation': 'mode', 'cat_age': False, 'remove_outliers': False, 'merge_capital': False, 'downsampling_method': 'random', 'target_freq': 0.8, 'generate_dummies': True, 'remove_duplicates': True}","{'n_estimators': 50, 'criterion': 'gini', 'max_depth': 35, 'max_features': 'log2', 'random_state': 42, 'verbose': 0, 'class_weight': 'balanced'}",0.9160855065001234,0.7367157431936862,0.6932923712889167,0.8243795841661778,11.313517570495605
"{'scaling': None, 'imputation': 'mode', 'cat_age': False, 'remove_outliers': False, 'merge_capital': False, 'downsampling_method': 'random', 'target_freq': 0.8, 'generate_dummies': True, 'remove_duplicates': True}","{'n_estimators': 125, 'criterion': 'gini', 'max_depth': 25, 'max_features': 'sqrt', 'random_state': 42, 'verbose': 0, 'class_weight': 'balanced'}",0.911238235066213,0.7356020587733219,0.6887288536338446,0.842314612349529,25.116998195648193
"{'scaling': None, 'imputation': 'mode', 'cat_age': False, 'remove_outliers': False, 'merge_capital': False, 'downsampling_method': 'random', 'target_freq': 0.8, 'generate_dummies': True, 'remove_duplicates': True}","{'n_estimators': 75, 'criterion': 'gini', 'max_depth': 25, 'max_features': 'sqrt', 'random_state': 42, 'verbose': 0, 'class_weight': 'balanced'}",0.9109876441318683,0.7352223376767546,0.6883583881879356,0.8422823065858449,17.520001649856567
"{'scaling': None, 'imputation': 'mode', 'cat_age': False, 'remove_outliers': False, 'merge_capital': False, 'downsampling_method': 'random', 'target_freq': 0.8, 'generate_dummies': True, 'remove_duplicates': True}","{'n_estimators': 100, 'criterion': 'gini', 'max_depth': 25, 'max_features': 'sqrt', 'random_state': 42, 'verbose': 0, 'class_weight': 'balanced'}",0.9109017165626128,0.735075031751138,0.6882145016570311,0.8422381109679093,21.172998428344727
"{'scaling': 'minmax', 'imputation': 'mode', 'cat_age': False, 'remove_outliers': True, 'merge_capital': True, 'downsampling_method': 'random', 'target_freq': 0.75, 'generate_dummies': True, 'remove_duplicates': True}","{'n_estimators': 50, 'criterion': 'gini', 'max_depth': None, 'max_features': 'sqrt', 'random_state': 42, 'verbose': 0, 'class_weight': None}",0.9163504599632258,0.733300322979771,0.691910672140575,0.8141416307871763,13.427999258041382
"{'scaling': None, 'imputation': 'mode', 'cat_age': False, 'remove_outliers': False, 'merge_capital': False, 'downsampling_method': 'random', 'target_freq': 0.8, 'generate_dummies': True, 'remove_duplicates': True}","{'n_estimators': 50, 'criterion': 'gini', 'max_depth': 25, 'max_features': 'sqrt', 'random_state': 42, 'verbose': 0, 'class_weight': 'balanced'}",0.9097847624837625,0.733262339091137,0.6864660265948034,0.8418054035003498,13.536998271942139
"{'scaling': 'minmax', 'imputation': 'mode', 'cat_age': True, 'remove_outliers': True, 'merge_capital': True, 'downsampling_method': 'random', 'target_freq': 0.75, 'generate_dummies': True, 'remove_duplicates': True}","{'n_estimators': 50, 'criterion': 'gini', 'max_depth': None, 'max_features': 'sqrt', 'random_state': 42, 'verbose': 0, 'class_weight': None}",0.9127633803427659,0.7261903006817111,0.6852259089639274,0.8096020081714247,13.655000686645508
"{'scaling': None, 'imputation': 'mode', 'cat_age': False, 'remove_outliers': False, 'merge_capital': False, 'downsampling_method': 'random', 'target_freq': 0.8, 'generate_dummies': True, 'remove_duplicates': True}","{'n_estimators': 125, 'criterion': 'gini', 'max_depth': 30, 'max_features': 'log2', 'random_state': 42, 'verbose': 0, 'class_weight': 'balanced'}",0.9037274458233171,0.7234915366120094,0.6773494532385117,0.8388763773598041,17.951000928878784
"{'scaling': None, 'imputation': 'mode', 'cat_age': False, 'remove_outliers': False, 'merge_capital': False, 'downsampling_method': 'random', 'target_freq': 0.8, 'generate_dummies': True, 'remove_duplicates': True}","{'n_estimators': 100, 'criterion': 'gini', 'max_depth': 30, 'max_features': 'log2', 'random_state': 42, 'verbose': 0, 'class_weight': 'balanced'}",0.9035198073956032,0.7229217066021305,0.6769021085938292,0.8380777316369052,15.496997356414795
"{'scaling': None, 'imputation': 'mode', 'cat_age': False, 'remove_outliers': False, 'merge_capital': False, 'downsampling_method': 'random', 'target_freq': 0.8, 'generate_dummies': True, 'remove_duplicates': True}","{'n_estimators': 75, 'criterion': 'gini', 'max_depth': 30, 'max_features': 'log2', 'random_state': 42, 'verbose': 0, 'class_weight': 'balanced'}",0.9035341319892811,0.7228324863050851,0.6768578498923652,0.8377644932198421,13.09700083732605
"{'scaling': None, 'imputation': 'mode', 'cat_age': False, 'remove_outliers': False, 'merge_capital': False, 'downsampling_method': 'random', 'target_freq': 0.8, 'generate_dummies': True, 'remove_duplicates': True}","{'n_estimators': 50, 'criterion': 'gini', 'max_depth': 30, 'max_features': 'log2', 'random_state': 42, 'verbose': 0, 'class_weight': 'balanced'}",0.9023097867756062,0.7203188533222542,0.6747483291142122,0.8354641670634739,10.656997680664062
"{'scaling': None, 'imputation': 'mode', 'cat_age': False, 'remove_outliers': False, 'merge_capital': False, 'downsampling_method': 'random', 'target_freq': 0.8, 'generate_dummies': True, 'remove_duplicates': True}","{'n_estimators': 125, 'criterion': 'gini', 'max_depth': 25, 'max_features': 'log2', 'random_state': 42, 'verbose': 0, 'class_weight': 'balanced'}",0.8840591079190245,0.7004571997489627,0.6567755273092544,0.8461372511571813,16.196998596191406
"{'scaling': None, 'imputation': 'mode', 'cat_age': False, 'remove_outliers': False, 'merge_capital': False, 'downsampling_method': 'random', 'target_freq': 0.8, 'generate_dummies': True, 'remove_duplicates': True}","{'n_estimators': 100, 'criterion': 'gini', 'max_depth': 25, 'max_features': 'log2', 'random_state': 42, 'verbose': 0, 'class_weight': 'balanced'}",0.8838085177536339,0.69988821916993,0.6563528436785407,0.8453226615578677,14.046998023986816
"{'scaling': None, 'imputation': 'mode', 'cat_age': False, 'remove_outliers': False, 'merge_capital': False, 'downsampling_method': 'random', 'target_freq': 0.8, 'generate_dummies': True, 'remove_duplicates': True}","{'n_estimators': 75, 'criterion': 'gini', 'max_depth': 25, 'max_features': 'log2', 'random_state': 42, 'verbose': 0, 'class_weight': 'balanced'}",0.8833073156358138,0.6992944870816789,0.655878343612461,0.845316268361719,11.998001098632812
"{'scaling': None, 'imputation': 'mode', 'cat_age': False, 'remove_outliers': False, 'merge_capital': False, 'downsampling_method': 'random', 'target_freq': 0.8, 'generate_dummies': True, 'remove_duplicates': True}","{'n_estimators': 50, 'criterion': 'gini', 'max_depth': 25, 'max_features': 'log2', 'random_state': 42, 'verbose': 0, 'class_weight': 'balanced'}",0.8820113659086527,0.6978408240554345,0.6547266164959338,0.8455744424999825,10.025999069213867
