prep_param,model_param,accuracy,f1_macro,precision_macro,recall_macro,tex
"{'scaling': None, 'imputation': 'mode', 'cat_age': True, 'remove_outliers': True, 'merge_capital': False, 'downsampling_method': 'random', 'target_freq': 0.8, 'generate_dummies': True, 'remove_duplicates': True}","{'penalty': 'l2', 'dual': False, 'C': 10, 'intercept_scaling': 10, 'class_weight': None, 'max_iter': 1000, 'random_state': 42}",0.9450474749961112,0.7747738144743455,0.7663359653047489,0.7839640113146469,8.346001625061035
"{'scaling': None, 'imputation': 'mode', 'cat_age': True, 'remove_outliers': True, 'merge_capital': False, 'downsampling_method': 'random', 'target_freq': 0.8, 'generate_dummies': True, 'remove_duplicates': True}","{'penalty': 'l2', 'dual': False, 'C': 0.1, 'intercept_scaling': 10, 'class_weight': None, 'max_iter': 1000, 'random_state': 42}",0.945276595700616,0.7747112752857381,0.767393900539098,0.7826072664285457,8.252000093460083
"{'scaling': None, 'imputation': 'mode', 'cat_age': True, 'remove_outliers': True, 'merge_capital': False, 'downsampling_method': 'random', 'target_freq': 0.8, 'generate_dummies': True, 'remove_duplicates': True}","{'penalty': 'l2', 'dual': False, 'C': 1, 'intercept_scaling': 1, 'class_weight': None, 'max_iter': 1000, 'random_state': 42}",0.9449615543474448,0.774514455511917,0.7659883040407649,0.7838056991427657,8.257997512817383
"{'scaling': None, 'imputation': 'mode', 'cat_age': True, 'remove_outliers': True, 'merge_capital': False, 'downsampling_method': 'random', 'target_freq': 0.8, 'generate_dummies': True, 'remove_duplicates': True}","{'penalty': 'l2', 'dual': False, 'C': 0.1, 'intercept_scaling': 1, 'class_weight': None, 'max_iter': 1000, 'random_state': 42}",0.945133393850551,0.7744567290310028,0.7667882186755187,0.7827888531856881,8.248517036437988
"{'scaling': None, 'imputation': 'mode', 'cat_age': True, 'remove_outliers': True, 'merge_capital': False, 'downsampling_method': 'random', 'target_freq': 0.8, 'generate_dummies': True, 'remove_duplicates': True}","{'penalty': 'l1', 'dual': False, 'C': 0.1, 'intercept_scaling': 0.1, 'class_weight': None, 'max_iter': 1000, 'random_state': 42}",0.9452694339164133,0.7742227590796067,0.7674097722743571,0.7815347296280688,9.949000120162964
"{'scaling': None, 'imputation': 'mode', 'cat_age': True, 'remove_outliers': True, 'merge_capital': False, 'downsampling_method': 'random', 'target_freq': 0.8, 'generate_dummies': True, 'remove_duplicates': True}","{'penalty': 'l1', 'dual': False, 'C': 0.1, 'intercept_scaling': 0.1, 'class_weight': None, 'max_iter': 1000, 'random_state': 42}",0.9452694339164133,0.7742227590796067,0.7674097722743571,0.7815347296280688,9.673999786376953
"{'scaling': None, 'imputation': 'mode', 'cat_age': True, 'remove_outliers': True, 'merge_capital': False, 'downsampling_method': 'random', 'target_freq': 0.8, 'generate_dummies': True, 'remove_duplicates': True}","{'penalty': 'l1', 'dual': False, 'C': 0.1, 'intercept_scaling': 10, 'class_weight': None, 'max_iter': 1000, 'random_state': 42}",0.9452622739264372,0.7741808902461491,0.7673798973006334,0.7814781043442475,10.079001903533936
"{'scaling': None, 'imputation': 'mode', 'cat_age': True, 'remove_outliers': True, 'merge_capital': False, 'downsampling_method': 'random', 'target_freq': 0.8, 'generate_dummies': True, 'remove_duplicates': True}","{'penalty': 'l1', 'dual': False, 'C': 0.1, 'intercept_scaling': 1, 'class_weight': None, 'max_iter': 1000, 'random_state': 42}",0.9452336339665331,0.7740858900348575,0.7672611009567757,0.7814096205629293,9.997999668121338
"{'scaling': None, 'imputation': 'mode', 'cat_age': True, 'remove_outliers': True, 'merge_capital': False, 'downsampling_method': 'random', 'target_freq': 0.8, 'generate_dummies': True, 'remove_duplicates': True}","{'penalty': 'l2', 'dual': False, 'C': 1, 'intercept_scaling': 0.1, 'class_weight': None, 'max_iter': 1000, 'random_state': 42}",0.9450403111613633,0.7739875448527868,0.7664214686709294,0.7821549743386349,8.202998399734497
"{'scaling': None, 'imputation': 'mode', 'cat_age': True, 'remove_outliers': True, 'merge_capital': False, 'downsampling_method': 'random', 'target_freq': 0.8, 'generate_dummies': True, 'remove_duplicates': True}","{'penalty': 'l2', 'dual': False, 'C': 10, 'intercept_scaling': 0.1, 'class_weight': None, 'max_iter': 1000, 'random_state': 42}",0.9448040353369267,0.7739696357106007,0.765384169858797,0.7833492420229309,8.17652153968811
"{'scaling': None, 'imputation': 'mode', 'cat_age': True, 'remove_outliers': True, 'merge_capital': False, 'downsampling_method': 'random', 'target_freq': 0.8, 'generate_dummies': True, 'remove_duplicates': True}","{'penalty': 'l2', 'dual': False, 'C': 0.1, 'intercept_scaling': 0.1, 'class_weight': None, 'max_iter': 1000, 'random_state': 42}",0.9449400746338347,0.7738307636587818,0.7660166767782417,0.7823123227178536,8.067001342773438
"{'scaling': None, 'imputation': 'mode', 'cat_age': True, 'remove_outliers': True, 'merge_capital': False, 'downsampling_method': 'random', 'target_freq': 0.8, 'generate_dummies': True, 'remove_duplicates': True}","{'penalty': 'l2', 'dual': False, 'C': 1, 'intercept_scaling': 10, 'class_weight': None, 'max_iter': 1000, 'random_state': 42}",0.9446608355374064,0.7733605540912258,0.7648029564229806,0.782692651535068,8.429999828338623
"{'scaling': None, 'imputation': 'mode', 'cat_age': True, 'remove_outliers': True, 'merge_capital': False, 'downsampling_method': 'random', 'target_freq': 0.8, 'generate_dummies': True, 'remove_duplicates': True}","{'penalty': 'l2', 'dual': False, 'C': 10, 'intercept_scaling': 1, 'class_weight': None, 'max_iter': 1000, 'random_state': 42}",0.9445892364066004,0.7732617017931067,0.7644584274735573,0.7828675172040077,8.929000616073608
"{'scaling': None, 'imputation': 'mode', 'cat_age': True, 'remove_outliers': False, 'merge_capital': False, 'downsampling_method': 'random', 'target_freq': 0.8, 'generate_dummies': True, 'remove_duplicates': True}","{'penalty': 'l1', 'dual': False, 'C': 0.1, 'intercept_scaling': 0.1, 'class_weight': None, 'max_iter': 1000, 'random_state': 42}",0.9453983106601642,0.7723925616445348,0.7682928382198317,0.7767307757741015,8.384999752044678
"{'scaling': None, 'imputation': 'mode', 'cat_age': True, 'remove_outliers': True, 'merge_capital': False, 'downsampling_method': 'random', 'target_freq': 0.8, 'generate_dummies': True, 'remove_duplicates': True}","{'penalty': 'l1', 'dual': False, 'C': 1, 'intercept_scaling': 0.1, 'class_weight': None, 'max_iter': 1000, 'random_state': 42}",0.9441166786060922,0.7720056698574739,0.7625566826236378,0.7823994182085172,11.06400203704834
"{'scaling': None, 'imputation': 'mode', 'cat_age': True, 'remove_outliers': True, 'merge_capital': False, 'downsampling_method': 'random', 'target_freq': 0.8, 'generate_dummies': True, 'remove_duplicates': True}","{'penalty': 'l1', 'dual': False, 'C': 1, 'intercept_scaling': 1, 'class_weight': None, 'max_iter': 1000, 'random_state': 42}",0.944102358369822,0.7719253890309291,0.7625019363845746,0.7822868656120976,11.731319904327393
"{'scaling': None, 'imputation': 'mode', 'cat_age': True, 'remove_outliers': True, 'merge_capital': False, 'downsampling_method': 'random', 'target_freq': 0.8, 'generate_dummies': True, 'remove_duplicates': True}","{'penalty': 'l1', 'dual': False, 'C': 1, 'intercept_scaling': 10, 'class_weight': None, 'max_iter': 1000, 'random_state': 42}",0.9440880389025063,0.7719125507170952,0.7624434511136062,0.7823316789080124,13.037524223327637
"{'scaling': 'standard', 'imputation': 'mode', 'cat_age': True, 'remove_outliers': False, 'merge_capital': False, 'downsampling_method': 'random', 'target_freq': 0.8, 'generate_dummies': True, 'remove_duplicates': True}","{'penalty': 'l1', 'dual': False, 'C': 0.1, 'intercept_scaling': 0.1, 'class_weight': None, 'max_iter': 1000, 'random_state': 42}",0.9452407888301468,0.7717915944834889,0.7676726386704141,0.7761768670855892,12.593000173568726
"{'scaling': None, 'imputation': 'mode', 'cat_age': False, 'remove_outliers': False, 'merge_capital': False, 'downsampling_method': 'random', 'target_freq': 0.8, 'generate_dummies': True, 'remove_duplicates': True}","{'penalty': 'l2', 'dual': False, 'C': 10, 'intercept_scaling': 10, 'class_weight': None, 'max_iter': 1000, 'random_state': 42}",0.9430856533780878,0.7717478650083421,0.7583731621985125,0.787063623406231,8.252002000808716
"{'scaling': None, 'imputation': 'mode', 'cat_age': False, 'remove_outliers': True, 'merge_capital': False, 'downsampling_method': 'random', 'target_freq': 0.8, 'generate_dummies': True, 'remove_duplicates': True}","{'penalty': 'l1', 'dual': False, 'C': 0.1, 'intercept_scaling': 0.1, 'class_weight': None, 'max_iter': 1000, 'random_state': 42}",0.9430426898497781,0.7715401651793129,0.758187399788312,0.7868229362859367,9.077999830245972
"{'scaling': None, 'imputation': 'mode', 'cat_age': True, 'remove_outliers': False, 'merge_capital': False, 'downsampling_method': 'random', 'target_freq': 0.8, 'generate_dummies': True, 'remove_duplicates': True}","{'penalty': 'l2', 'dual': False, 'C': 10, 'intercept_scaling': 10, 'class_weight': None, 'max_iter': 1000, 'random_state': 42}",0.9453553512329442,0.7714274407797377,0.7682445568806421,0.7748089529589834,8.246001482009888
"{'scaling': None, 'imputation': 'mode', 'cat_age': True, 'remove_outliers': True, 'merge_capital': False, 'downsampling_method': 'random', 'target_freq': 0.8, 'generate_dummies': True, 'remove_duplicates': True}","{'penalty': 'l1', 'dual': False, 'C': 10, 'intercept_scaling': 0.1, 'class_weight': None, 'max_iter': 1000, 'random_state': 42}",0.9437873198361499,0.7713814129838388,0.7612154416910051,0.7826521577829593,8.594000339508057
"{'scaling': None, 'imputation': 'mode', 'cat_age': True, 'remove_outliers': True, 'merge_capital': False, 'downsampling_method': 'random', 'target_freq': 0.8, 'generate_dummies': True, 'remove_duplicates': True}","{'penalty': 'l1', 'dual': False, 'C': 10, 'intercept_scaling': 1, 'class_weight': None, 'max_iter': 1000, 'random_state': 42}",0.9437873198361499,0.7713799481588376,0.7612130189331255,0.7826503803085627,8.03651762008667
"{'scaling': None, 'imputation': 'mode', 'cat_age': False, 'remove_outliers': True, 'merge_capital': False, 'downsampling_method': 'random', 'target_freq': 0.8, 'generate_dummies': True, 'remove_duplicates': True}","{'penalty': 'l2', 'dual': False, 'C': 10, 'intercept_scaling': 10, 'class_weight': None, 'max_iter': 1000, 'random_state': 42}",0.9425558177083161,0.7713702333959119,0.7563407456986454,0.7888955469976189,8.7669997215271
"{'scaling': 'minmax', 'imputation': 'mode', 'cat_age': True, 'remove_outliers': False, 'merge_capital': False, 'downsampling_method': 'random', 'target_freq': 0.8, 'generate_dummies': True, 'remove_duplicates': True}","{'penalty': 'l1', 'dual': False, 'C': 0.1, 'intercept_scaling': 0.1, 'class_weight': None, 'max_iter': 1000, 'random_state': 42}",0.9451262328353025,0.7713042676099582,0.7671640742809778,0.7756856923035197,11.776999711990356
"{'scaling': None, 'imputation': 'mode', 'cat_age': True, 'remove_outliers': True, 'merge_capital': False, 'downsampling_method': 'random', 'target_freq': 0.8, 'generate_dummies': True, 'remove_duplicates': True}","{'penalty': 'l1', 'dual': False, 'C': 10, 'intercept_scaling': 10, 'class_weight': None, 'max_iter': 1000, 'random_state': 42}",0.9437729998561979,0.7713000934335121,0.7611599902907381,0.7825378310682701,8.154000282287598
"{'scaling': 'standard', 'imputation': 'mode', 'cat_age': False, 'remove_outliers': False, 'merge_capital': False, 'downsampling_method': 'random', 'target_freq': 0.8, 'generate_dummies': True, 'remove_duplicates': True}","{'penalty': 'l1', 'dual': False, 'C': 0.1, 'intercept_scaling': 0.1, 'class_weight': None, 'max_iter': 1000, 'random_state': 42}",0.9429925665878107,0.7710323766878382,0.7580302239950315,0.7858400053498266,12.882002353668213
"{'scaling': None, 'imputation': 'mode', 'cat_age': False, 'remove_outliers': True, 'merge_capital': False, 'downsampling_method': 'random', 'target_freq': 0.85, 'generate_dummies': True, 'remove_duplicates': True}","{'penalty': 'l1', 'dual': False, 'C': 0.1, 'intercept_scaling': 0.1, 'class_weight': None, 'max_iter': 1000, 'random_state': 42}",0.9493863984197211,0.7705446859010805,0.7916529013018277,0.752903274820794,14.186001777648926
"{'scaling': None, 'imputation': 'mode', 'cat_age': False, 'remove_outliers': True, 'merge_capital': False, 'downsampling_method': 'random', 'target_freq': 0.85, 'generate_dummies': True, 'remove_duplicates': True}","{'penalty': 'l2', 'dual': False, 'C': 10, 'intercept_scaling': 10, 'class_weight': None, 'max_iter': 1000, 'random_state': 42}",0.9488637214583349,0.7705104428720037,0.7881855772758989,0.7553849923976458,10.214000940322876
"{'scaling': 'standard', 'imputation': 'mode', 'cat_age': True, 'remove_outliers': False, 'merge_capital': False, 'downsampling_method': 'random', 'target_freq': 0.8, 'generate_dummies': True, 'remove_duplicates': True}","{'penalty': 'l2', 'dual': False, 'C': 10, 'intercept_scaling': 10, 'class_weight': None, 'max_iter': 1000, 'random_state': 42}",0.9440593958667849,0.7704837764976862,0.7624698416949924,0.7792073187197701,11.225995779037476
"{'scaling': None, 'imputation': 'mode', 'cat_age': False, 'remove_outliers': False, 'merge_capital': False, 'downsampling_method': 'random', 'target_freq': 0.8, 'generate_dummies': True, 'remove_duplicates': True}","{'penalty': 'l1', 'dual': False, 'C': 0.1, 'intercept_scaling': 0.1, 'class_weight': None, 'max_iter': 1000, 'random_state': 42}",0.9429281310354343,0.7703373323193243,0.7577763187459418,0.7845826220421058,9.175997495651245
"{'scaling': 'minmax', 'imputation': 'mode', 'cat_age': True, 'remove_outliers': False, 'merge_capital': False, 'downsampling_method': 'random', 'target_freq': 0.8, 'generate_dummies': True, 'remove_duplicates': True}","{'penalty': 'l2', 'dual': False, 'C': 10, 'intercept_scaling': 10, 'class_weight': None, 'max_iter': 1000, 'random_state': 42}",0.9440092782438156,0.7703255705563239,0.7622364279174191,0.7791220035077846,9.63800048828125
"{'scaling': 'minmax', 'imputation': 'mode', 'cat_age': False, 'remove_outliers': False, 'merge_capital': False, 'downsampling_method': 'random', 'target_freq': 0.8, 'generate_dummies': True, 'remove_duplicates': True}","{'penalty': 'l1', 'dual': False, 'C': 0.1, 'intercept_scaling': 0.1, 'class_weight': None, 'max_iter': 1000, 'random_state': 42}",0.9427491300044434,0.7699055077978724,0.7570784327702802,0.7844930255618048,11.938000202178955
"{'scaling': None, 'imputation': 'mode', 'cat_age': True, 'remove_outliers': True, 'merge_capital': True, 'downsampling_method': 'random', 'target_freq': 0.8, 'generate_dummies': True, 'remove_duplicates': True}","{'penalty': 'l1', 'dual': False, 'C': 0.1, 'intercept_scaling': 0.1, 'class_weight': None, 'max_iter': 1000, 'random_state': 42}",0.9439305206609425,0.7698553978100335,0.7619013445783607,0.778479183889502,9.403999090194702
"{'scaling': 'minmax', 'imputation': 'mode', 'cat_age': True, 'remove_outliers': True, 'merge_capital': False, 'downsampling_method': 'random', 'target_freq': 0.8, 'generate_dummies': True, 'remove_duplicates': True}","{'penalty': 'l1', 'dual': False, 'C': 0.1, 'intercept_scaling': 0.1, 'class_weight': None, 'max_iter': 1000, 'random_state': 42}",0.9458279057013173,0.7695781683750045,0.7707672857234812,0.7684679094038023,11.597999334335327
"{'scaling': 'standard', 'imputation': 'mode', 'cat_age': True, 'remove_outliers': True, 'merge_capital': False, 'downsampling_method': 'random', 'target_freq': 0.8, 'generate_dummies': True, 'remove_duplicates': True}","{'penalty': 'l1', 'dual': False, 'C': 0.1, 'intercept_scaling': 0.1, 'class_weight': None, 'max_iter': 1000, 'random_state': 42}",0.9457276627658358,0.7692668496529235,0.7703204353685302,0.7682538825597407,12.638000726699829
"{'scaling': None, 'imputation': 'mode', 'cat_age': True, 'remove_outliers': True, 'merge_capital': False, 'downsampling_method': 'random', 'target_freq': 0.75, 'generate_dummies': True, 'remove_duplicates': True}","{'penalty': 'l1', 'dual': False, 'C': 0.1, 'intercept_scaling': 0.1, 'class_weight': None, 'max_iter': 1000, 'random_state': 42}",0.9375223803833951,0.7688581396334846,0.7400046563336289,0.8085515858108201,7.8180015087127686
"{'scaling': None, 'imputation': 'mode', 'cat_age': True, 'remove_outliers': True, 'merge_capital': True, 'downsampling_method': 'random', 'target_freq': 0.8, 'generate_dummies': True, 'remove_duplicates': True}","{'penalty': 'l2', 'dual': False, 'C': 10, 'intercept_scaling': 10, 'class_weight': None, 'max_iter': 1000, 'random_state': 42}",0.9431500873925553,0.768699026725622,0.7586642484533292,0.7797994992901527,8.228999614715576
"{'scaling': 'standard', 'imputation': 'mode', 'cat_age': True, 'remove_outliers': False, 'merge_capital': True, 'downsampling_method': 'random', 'target_freq': 0.8, 'generate_dummies': True, 'remove_duplicates': True}","{'penalty': 'l1', 'dual': False, 'C': 0.1, 'intercept_scaling': 0.1, 'class_weight': None, 'max_iter': 1000, 'random_state': 42}",0.9441954364452835,0.7684139873437673,0.7632321564681815,0.7739113370593563,12.013002157211304
"{'scaling': None, 'imputation': 'mode', 'cat_age': True, 'remove_outliers': False, 'merge_capital': True, 'downsampling_method': 'random', 'target_freq': 0.8, 'generate_dummies': True, 'remove_duplicates': True}","{'penalty': 'l1', 'dual': False, 'C': 0.1, 'intercept_scaling': 0.1, 'class_weight': None, 'max_iter': 1000, 'random_state': 42}",0.9440951976108918,0.7684066134333223,0.7627417846312239,0.7744382626524604,7.984999418258667
"{'scaling': None, 'imputation': 'mode', 'cat_age': True, 'remove_outliers': False, 'merge_capital': False, 'downsampling_method': 'random', 'target_freq': 0.75, 'generate_dummies': True, 'remove_duplicates': True}","{'penalty': 'l1', 'dual': False, 'C': 0.1, 'intercept_scaling': 0.1, 'class_weight': None, 'max_iter': 1000, 'random_state': 42}",0.9379018578015789,0.7683251959514127,0.7409660596893083,0.8052644283153014,7.310001850128174
"{'scaling': 'minmax', 'imputation': 'mode', 'cat_age': False, 'remove_outliers': False, 'merge_capital': False, 'downsampling_method': 'random', 'target_freq': 0.8, 'generate_dummies': True, 'remove_duplicates': True}","{'penalty': 'l2', 'dual': False, 'C': 10, 'intercept_scaling': 10, 'class_weight': None, 'max_iter': 1000, 'random_state': 42}",0.9414173828905834,0.7683172275181444,0.7520805050810986,0.7874934382929646,9.669997215270996
"{'scaling': 'standard', 'imputation': 'mode', 'cat_age': False, 'remove_outliers': True, 'merge_capital': False, 'downsampling_method': 'random', 'target_freq': 0.8, 'generate_dummies': True, 'remove_duplicates': True}","{'penalty': 'l1', 'dual': False, 'C': 0.1, 'intercept_scaling': 0.1, 'class_weight': None, 'max_iter': 1000, 'random_state': 42}",0.9438374387407095,0.7681886788572065,0.761630356722758,0.7752134807101096,12.828001260757446
"{'scaling': None, 'imputation': 'mode', 'cat_age': True, 'remove_outliers': True, 'merge_capital': False, 'downsampling_method': 'random', 'target_freq': 0.85, 'generate_dummies': True, 'remove_duplicates': True}","{'penalty': 'l1', 'dual': False, 'C': 0.1, 'intercept_scaling': 0.1, 'class_weight': None, 'max_iter': 1000, 'random_state': 42}",0.9503887862510025,0.7681352544987952,0.8001178368824068,0.7433157260234105,14.664000034332275
"{'scaling': 'standard', 'imputation': 'mode', 'cat_age': False, 'remove_outliers': False, 'merge_capital': False, 'downsampling_method': 'random', 'target_freq': 0.8, 'generate_dummies': True, 'remove_duplicates': True}","{'penalty': 'l2', 'dual': False, 'C': 10, 'intercept_scaling': 10, 'class_weight': None, 'max_iter': 1000, 'random_state': 42}",0.9413887372916809,0.7681303453104557,0.7520132555737328,0.7871632136246979,10.659999370574951
"{'scaling': 'standard', 'imputation': 'mode', 'cat_age': True, 'remove_outliers': False, 'merge_capital': False, 'downsampling_method': 'random', 'target_freq': 0.75, 'generate_dummies': True, 'remove_duplicates': True}","{'penalty': 'l1', 'dual': False, 'C': 0.1, 'intercept_scaling': 0.1, 'class_weight': None, 'max_iter': 1000, 'random_state': 42}",0.9378588922227244,0.7680734090868411,0.7408362918110635,0.8048210777468316,10.729997158050537
"{'scaling': None, 'imputation': 'mode', 'cat_age': True, 'remove_outliers': True, 'merge_capital': False, 'downsampling_method': 'random', 'target_freq': 0.75, 'generate_dummies': True, 'remove_duplicates': True}","{'penalty': 'l2', 'dual': False, 'C': 10, 'intercept_scaling': 10, 'class_weight': None, 'max_iter': 1000, 'random_state': 42}",0.936877986411916,0.7678947780680846,0.7381162209806231,0.8094216020335662,7.617518901824951
"{'scaling': 'minmax', 'imputation': 'mode', 'cat_age': True, 'remove_outliers': False, 'merge_capital': False, 'downsampling_method': 'random', 'target_freq': 0.75, 'generate_dummies': True, 'remove_duplicates': True}","{'penalty': 'l1', 'dual': False, 'C': 0.1, 'intercept_scaling': 0.1, 'class_weight': None, 'max_iter': 1000, 'random_state': 42}",0.9377085398664533,0.7677647758882207,0.7403449743351349,0.8048420187627213,10.003998756408691
"{'scaling': 'minmax', 'imputation': 'mode', 'cat_age': False, 'remove_outliers': True, 'merge_capital': False, 'downsampling_method': 'random', 'target_freq': 0.8, 'generate_dummies': True, 'remove_duplicates': True}","{'penalty': 'l1', 'dual': False, 'C': 0.1, 'intercept_scaling': 0.1, 'class_weight': None, 'max_iter': 1000, 'random_state': 42}",0.943815962615553,0.7677221781027427,0.7615801436657528,0.7743466782768522,12.069000005722046
"{'scaling': 'minmax', 'imputation': 'mode', 'cat_age': True, 'remove_outliers': True, 'merge_capital': False, 'downsampling_method': 'random', 'target_freq': 0.8, 'generate_dummies': True, 'remove_duplicates': True}","{'penalty': 'l2', 'dual': False, 'C': 10, 'intercept_scaling': 10, 'class_weight': None, 'max_iter': 1000, 'random_state': 42}",0.9444531945465113,0.7676889982065364,0.7644262809248886,0.7711314434790569,9.868998527526855
"{'scaling': 'minmax', 'imputation': 'mode', 'cat_age': True, 'remove_outliers': False, 'merge_capital': True, 'downsampling_method': 'random', 'target_freq': 0.8, 'generate_dummies': True, 'remove_duplicates': True}","{'penalty': 'l1', 'dual': False, 'C': 0.1, 'intercept_scaling': 0.1, 'class_weight': None, 'max_iter': 1000, 'random_state': 42}",0.9441596370080395,0.7675377017207923,0.763140690129061,0.7721889508025004,11.862998723983765
"{'scaling': None, 'imputation': 'mode', 'cat_age': False, 'remove_outliers': True, 'merge_capital': True, 'downsampling_method': 'random', 'target_freq': 0.8, 'generate_dummies': True, 'remove_duplicates': True}","{'penalty': 'l1', 'dual': False, 'C': 0.1, 'intercept_scaling': 0.1, 'class_weight': None, 'max_iter': 1000, 'random_state': 42}",0.9415892213684172,0.7675113245648179,0.7526667524201338,0.784823416517176,10.719999313354492
"{'scaling': 'standard', 'imputation': 'mode', 'cat_age': False, 'remove_outliers': False, 'merge_capital': False, 'downsampling_method': 'random', 'target_freq': 0.85, 'generate_dummies': True, 'remove_duplicates': True}","{'penalty': 'l1', 'dual': False, 'C': 0.1, 'intercept_scaling': 0.1, 'class_weight': None, 'max_iter': 1000, 'random_state': 42}",0.9491357941568346,0.7673751059300671,0.7912366694643473,0.7477810768961473,17.60999846458435
"{'scaling': None, 'imputation': 'mode', 'cat_age': True, 'remove_outliers': False, 'merge_capital': True, 'downsampling_method': 'random', 'target_freq': 0.8, 'generate_dummies': True, 'remove_duplicates': True}","{'penalty': 'l2', 'dual': False, 'C': 10, 'intercept_scaling': 10, 'class_weight': None, 'max_iter': 1000, 'random_state': 42}",0.9432932851415309,0.7672387461020561,0.7593671274071188,0.7757548830027067,8.16300082206726
"{'scaling': 'standard', 'imputation': 'mode', 'cat_age': True, 'remove_outliers': True, 'merge_capital': False, 'downsampling_method': 'random', 'target_freq': 0.8, 'generate_dummies': True, 'remove_duplicates': True}","{'penalty': 'l2', 'dual': False, 'C': 10, 'intercept_scaling': 10, 'class_weight': None, 'max_iter': 1000, 'random_state': 42}",0.9443243103695353,0.7672378941075026,0.7638954636281949,0.7707441673236044,11.70199728012085
"{'scaling': 'standard', 'imputation': 'mode', 'cat_age': True, 'remove_outliers': True, 'merge_capital': False, 'downsampling_method': 'random', 'target_freq': 0.75, 'generate_dummies': True, 'remove_duplicates': True}","{'penalty': 'l1', 'dual': False, 'C': 0.1, 'intercept_scaling': 0.1, 'class_weight': None, 'max_iter': 1000, 'random_state': 42}",0.9384961262042276,0.7670637232740865,0.7424503634637436,0.7991618881083195,10.531999588012695
"{'scaling': None, 'imputation': 'mode', 'cat_age': False, 'remove_outliers': False, 'merge_capital': False, 'downsampling_method': 'random', 'target_freq': 0.85, 'generate_dummies': True, 'remove_duplicates': True}","{'penalty': 'l1', 'dual': False, 'C': 0.1, 'intercept_scaling': 0.1, 'class_weight': None, 'max_iter': 1000, 'random_state': 42}",0.9490570393934605,0.7668876381071131,0.7908850754091168,0.747205361889853,13.142999649047852
"{'scaling': 'minmax', 'imputation': 'mode', 'cat_age': True, 'remove_outliers': True, 'merge_capital': False, 'downsampling_method': 'random', 'target_freq': 0.75, 'generate_dummies': True, 'remove_duplicates': True}","{'penalty': 'l1', 'dual': False, 'C': 0.1, 'intercept_scaling': 0.1, 'class_weight': None, 'max_iter': 1000, 'random_state': 42}",0.9384889731348405,0.7668169650816113,0.7423946659114631,0.7986155945761132,10.127000570297241
"{'scaling': 'standard', 'imputation': 'mode', 'cat_age': True, 'remove_outliers': True, 'merge_capital': True, 'downsampling_method': 'random', 'target_freq': 0.8, 'generate_dummies': True, 'remove_duplicates': True}","{'penalty': 'l1', 'dual': False, 'C': 0.1, 'intercept_scaling': 0.1, 'class_weight': None, 'max_iter': 1000, 'random_state': 42}",0.9444818293800534,0.7667594099099373,0.7646705415949387,0.7689160747970482,12.10599970817566
"{'scaling': 'standard', 'imputation': 'mode', 'cat_age': False, 'remove_outliers': False, 'merge_capital': True, 'downsampling_method': 'random', 'target_freq': 0.8, 'generate_dummies': True, 'remove_duplicates': True}","{'penalty': 'l1', 'dual': False, 'C': 0.1, 'intercept_scaling': 0.1, 'class_weight': None, 'max_iter': 1000, 'random_state': 42}",0.941560578589014,0.7666387447716222,0.752613131223009,0.782845010515018,12.697998762130737
"{'scaling': 'minmax', 'imputation': 'mode', 'cat_age': False, 'remove_outliers': False, 'merge_capital': False, 'downsampling_method': 'random', 'target_freq': 0.85, 'generate_dummies': True, 'remove_duplicates': True}","{'penalty': 'l1', 'dual': False, 'C': 0.1, 'intercept_scaling': 0.1, 'class_weight': None, 'max_iter': 1000, 'random_state': 42}",0.9490212399562168,0.7663863099604986,0.7908632061133891,0.7463933123663283,15.772001504898071
"{'scaling': None, 'imputation': 'mode', 'cat_age': False, 'remove_outliers': False, 'merge_capital': True, 'downsampling_method': 'random', 'target_freq': 0.8, 'generate_dummies': True, 'remove_duplicates': True}","{'penalty': 'l1', 'dual': False, 'C': 0.1, 'intercept_scaling': 0.1, 'class_weight': None, 'max_iter': 1000, 'random_state': 42}",0.9414889802271625,0.7663237664349408,0.7522751492847259,0.7825469997912202,8.482999086380005
"{'scaling': 'minmax', 'imputation': 'mode', 'cat_age': False, 'remove_outliers': False, 'merge_capital': True, 'downsampling_method': 'random', 'target_freq': 0.8, 'generate_dummies': True, 'remove_duplicates': True}","{'penalty': 'l1', 'dual': False, 'C': 0.1, 'intercept_scaling': 0.1, 'class_weight': None, 'max_iter': 1000, 'random_state': 42}",0.9416679761317912,0.7660253152314113,0.7529773279724153,0.7809387550847326,12.017000198364258
"{'scaling': 'standard', 'imputation': 'mode', 'cat_age': True, 'remove_outliers': False, 'merge_capital': True, 'downsampling_method': 'random', 'target_freq': 0.8, 'generate_dummies': True, 'remove_duplicates': True}","{'penalty': 'l2', 'dual': False, 'C': 10, 'intercept_scaling': 10, 'class_weight': None, 'max_iter': 1000, 'random_state': 42}",0.9426345665763739,0.7660091534106689,0.7567405745654762,0.7762151985253385,11.30299997329712
"{'scaling': 'minmax', 'imputation': 'mode', 'cat_age': True, 'remove_outliers': True, 'merge_capital': True, 'downsampling_method': 'random', 'target_freq': 0.75, 'generate_dummies': True, 'remove_duplicates': True}","{'penalty': 'l1', 'dual': False, 'C': 0.1, 'intercept_scaling': 0.1, 'class_weight': None, 'max_iter': 1000, 'random_state': 42}",0.9448040309795189,0.7660031686485717,0.766259831612272,0.7658826101587765,10.035999298095703
"{'scaling': 'standard', 'imputation': 'mode', 'cat_age': True, 'remove_outliers': False, 'merge_capital': False, 'downsampling_method': 'random', 'target_freq': 0.85, 'generate_dummies': True, 'remove_duplicates': True}","{'penalty': 'l1', 'dual': False, 'C': 0.1, 'intercept_scaling': 0.1, 'class_weight': None, 'max_iter': 1000, 'random_state': 42}",0.950553466789405,0.7653687670366863,0.8030707382259255,0.7373068624650644,16.103000164031982
"{'scaling': None, 'imputation': 'mode', 'cat_age': True, 'remove_outliers': True, 'merge_capital': True, 'downsampling_method': 'random', 'target_freq': 0.75, 'generate_dummies': True, 'remove_duplicates': True}","{'penalty': 'l1', 'dual': False, 'C': 0.1, 'intercept_scaling': 0.1, 'class_weight': None, 'max_iter': 1000, 'random_state': 42}",0.9359543502681913,0.7652465144494551,0.7352520612093879,0.8073906210462442,7.531998157501221
"{'scaling': 'standard', 'imputation': 'mode', 'cat_age': False, 'remove_outliers': True, 'merge_capital': True, 'downsampling_method': 'random', 'target_freq': 0.8, 'generate_dummies': True, 'remove_duplicates': True}","{'penalty': 'l1', 'dual': False, 'C': 0.1, 'intercept_scaling': 0.1, 'class_weight': None, 'max_iter': 1000, 'random_state': 42}",0.942383971028303,0.7650276383215041,0.7557096900483252,0.7752793566048939,12.173997640609741
"{'scaling': 'minmax', 'imputation': 'mode', 'cat_age': False, 'remove_outliers': True, 'merge_capital': True, 'downsampling_method': 'random', 'target_freq': 0.75, 'generate_dummies': True, 'remove_duplicates': True}","{'penalty': 'l1', 'dual': False, 'C': 0.1, 'intercept_scaling': 0.1, 'class_weight': None, 'max_iter': 1000, 'random_state': 42}",0.9431286122926712,0.7648758989980894,0.7588814542769768,0.7715799577134927,10.460000038146973
"{'scaling': None, 'imputation': 'mode', 'cat_age': False, 'remove_outliers': True, 'merge_capital': False, 'downsampling_method': 'random', 'target_freq': 0.75, 'generate_dummies': True, 'remove_duplicates': True}","{'penalty': 'l1', 'dual': False, 'C': 0.1, 'intercept_scaling': 0.1, 'class_weight': None, 'max_iter': 1000, 'random_state': 42}",0.9346655618125966,0.7648459069797815,0.7320833982868354,0.8128745730813882,7.537998914718628
"{'scaling': None, 'imputation': 'mode', 'cat_age': False, 'remove_outliers': True, 'merge_capital': True, 'downsampling_method': 'random', 'target_freq': 0.85, 'generate_dummies': True, 'remove_duplicates': True}","{'penalty': 'l1', 'dual': False, 'C': 0.1, 'intercept_scaling': 0.1, 'class_weight': None, 'max_iter': 1000, 'random_state': 42}",0.9480689702605405,0.7646105927440834,0.7851986756637752,0.7474206976580628,14.585000276565552
"{'scaling': None, 'imputation': 'mode', 'cat_age': True, 'remove_outliers': False, 'merge_capital': False, 'downsampling_method': 'random', 'target_freq': 0.85, 'generate_dummies': True, 'remove_duplicates': True}","{'penalty': 'l1', 'dual': False, 'C': 0.1, 'intercept_scaling': 0.1, 'class_weight': None, 'max_iter': 1000, 'random_state': 42}",0.9504031087941355,0.7645899753546015,0.8022880033234238,0.7365285085268635,11.805002689361572
"{'scaling': 'standard', 'imputation': 'mode', 'cat_age': False, 'remove_outliers': False, 'merge_capital': False, 'downsampling_method': 'random', 'target_freq': 0.75, 'generate_dummies': True, 'remove_duplicates': True}","{'penalty': 'l1', 'dual': False, 'C': 0.1, 'intercept_scaling': 0.1, 'class_weight': None, 'max_iter': 1000, 'random_state': 42}",0.9344149590876188,0.7642111623631571,0.7314253316604601,0.8123743347606103,10.913999795913696
"{'scaling': 'standard', 'imputation': 'mode', 'cat_age': True, 'remove_outliers': False, 'merge_capital': True, 'downsampling_method': 'random', 'target_freq': 0.75, 'generate_dummies': True, 'remove_duplicates': True}","{'penalty': 'l1', 'dual': False, 'C': 0.1, 'intercept_scaling': 0.1, 'class_weight': None, 'max_iter': 1000, 'random_state': 42}",0.9362837036554531,0.7641407155280604,0.7358901279165011,0.8029676273054512,10.539999723434448
"{'scaling': None, 'imputation': 'mode', 'cat_age': False, 'remove_outliers': False, 'merge_capital': False, 'downsampling_method': 'random', 'target_freq': 0.75, 'generate_dummies': True, 'remove_duplicates': True}","{'penalty': 'l1', 'dual': False, 'C': 0.1, 'intercept_scaling': 0.1, 'class_weight': None, 'max_iter': 1000, 'random_state': 42}",0.9343505263547417,0.76413547889387,0.7312176327635834,0.8125439211468963,7.524998903274536
"{'scaling': None, 'imputation': 'mode', 'cat_age': True, 'remove_outliers': False, 'merge_capital': True, 'downsampling_method': 'random', 'target_freq': 0.75, 'generate_dummies': True, 'remove_duplicates': True}","{'penalty': 'l1', 'dual': False, 'C': 0.1, 'intercept_scaling': 0.1, 'class_weight': None, 'max_iter': 1000, 'random_state': 42}",0.9362264239919632,0.7640436530307058,0.7357078151981628,0.8030373038470902,6.988999605178833
"{'scaling': 'minmax', 'imputation': 'mode', 'cat_age': True, 'remove_outliers': False, 'merge_capital': False, 'downsampling_method': 'random', 'target_freq': 0.85, 'generate_dummies': True, 'remove_duplicates': True}","{'penalty': 'l1', 'dual': False, 'C': 0.1, 'intercept_scaling': 0.1, 'class_weight': None, 'max_iter': 1000, 'random_state': 42}",0.9503171891707416,0.763955775891577,0.8019380697202163,0.7357439583797919,15.34600019454956
"{'scaling': 'minmax', 'imputation': 'mode', 'cat_age': True, 'remove_outliers': False, 'merge_capital': True, 'downsampling_method': 'random', 'target_freq': 0.75, 'generate_dummies': True, 'remove_duplicates': True}","{'penalty': 'l1', 'dual': False, 'C': 0.1, 'intercept_scaling': 0.1, 'class_weight': None, 'max_iter': 1000, 'random_state': 42}",0.9363123425900849,0.76387586295325,0.7359063372184966,0.80218195938291,10.248997449874878
"{'scaling': 'standard', 'imputation': 'mode', 'cat_age': False, 'remove_outliers': True, 'merge_capital': False, 'downsampling_method': 'random', 'target_freq': 0.75, 'generate_dummies': True, 'remove_duplicates': True}","{'penalty': 'l1', 'dual': False, 'C': 0.1, 'intercept_scaling': 0.1, 'class_weight': None, 'max_iter': 1000, 'random_state': 42}",0.9358755878152738,0.7638726960961673,0.7347869306076011,0.8043466974104403,10.918999910354614
"{'scaling': 'standard', 'imputation': 'mode', 'cat_age': True, 'remove_outliers': True, 'merge_capital': True, 'downsampling_method': 'random', 'target_freq': 0.75, 'generate_dummies': True, 'remove_duplicates': True}","{'penalty': 'l1', 'dual': False, 'C': 0.1, 'intercept_scaling': 0.1, 'class_weight': None, 'max_iter': 1000, 'random_state': 42}",0.936670340807295,0.7636274111936724,0.7367990163486973,0.7998196374181233,10.79200005531311
"{'scaling': 'minmax', 'imputation': 'mode', 'cat_age': False, 'remove_outliers': False, 'merge_capital': False, 'downsampling_method': 'random', 'target_freq': 0.75, 'generate_dummies': True, 'remove_duplicates': True}","{'penalty': 'l1', 'dual': False, 'C': 0.1, 'intercept_scaling': 0.1, 'class_weight': None, 'max_iter': 1000, 'random_state': 42}",0.9342574487919165,0.7635592584468851,0.7308623420529103,0.81153533877723,10.506999969482422
"{'scaling': 'minmax', 'imputation': 'mode', 'cat_age': False, 'remove_outliers': True, 'merge_capital': False, 'downsampling_method': 'random', 'target_freq': 0.75, 'generate_dummies': True, 'remove_duplicates': True}","{'penalty': 'l1', 'dual': False, 'C': 0.1, 'intercept_scaling': 0.1, 'class_weight': None, 'max_iter': 1000, 'random_state': 42}",0.9358039945797845,0.7633003441811528,0.7344799215225514,0.803353178219757,10.114999532699585
"{'scaling': 'standard', 'imputation': 'mode', 'cat_age': False, 'remove_outliers': False, 'merge_capital': True, 'downsampling_method': 'random', 'target_freq': 0.85, 'generate_dummies': True, 'remove_duplicates': True}","{'penalty': 'l1', 'dual': False, 'C': 0.1, 'intercept_scaling': 0.1, 'class_weight': None, 'max_iter': 1000, 'random_state': 42}",0.948004524711758,0.7626719326705768,0.7854277251428392,0.7438857552366573,16.758999824523926
"{'scaling': 'standard', 'imputation': 'mode', 'cat_age': False, 'remove_outliers': True, 'merge_capital': False, 'downsampling_method': 'random', 'target_freq': 0.85, 'generate_dummies': True, 'remove_duplicates': True}","{'penalty': 'l1', 'dual': False, 'C': 0.1, 'intercept_scaling': 0.1, 'class_weight': None, 'max_iter': 1000, 'random_state': 42}",0.94956539022326,0.7626526362204565,0.7966095494081425,0.7367738440255109,16.504997491836548
"{'scaling': None, 'imputation': 'mode', 'cat_age': False, 'remove_outliers': False, 'merge_capital': True, 'downsampling_method': 'random', 'target_freq': 0.85, 'generate_dummies': True, 'remove_duplicates': True}","{'penalty': 'l1', 'dual': False, 'C': 0.1, 'intercept_scaling': 0.1, 'class_weight': None, 'max_iter': 1000, 'random_state': 42}",0.9479758862897626,0.7625098904253224,0.7852359528485298,0.7437572560813555,13.540000438690186
"{'scaling': None, 'imputation': 'mode', 'cat_age': True, 'remove_outliers': True, 'merge_capital': True, 'downsampling_method': 'random', 'target_freq': 0.85, 'generate_dummies': True, 'remove_duplicates': True}","{'penalty': 'l1', 'dual': False, 'C': 0.1, 'intercept_scaling': 0.1, 'class_weight': None, 'max_iter': 1000, 'random_state': 42}",0.9493291179872767,0.7624493668280812,0.7949775653068756,0.7374325361876639,11.706998348236084
"{'scaling': 'minmax', 'imputation': 'mode', 'cat_age': False, 'remove_outliers': True, 'merge_capital': False, 'downsampling_method': 'random', 'target_freq': 0.85, 'generate_dummies': True, 'remove_duplicates': True}","{'penalty': 'l1', 'dual': False, 'C': 0.1, 'intercept_scaling': 0.1, 'class_weight': None, 'max_iter': 1000, 'random_state': 42}",0.9495295941181514,0.7622976018438407,0.7965357908783041,0.736326361586835,15.429999828338623
"{'scaling': 'standard', 'imputation': 'mode', 'cat_age': False, 'remove_outliers': False, 'merge_capital': True, 'downsampling_method': 'random', 'target_freq': 0.75, 'generate_dummies': True, 'remove_duplicates': True}","{'penalty': 'l1', 'dual': False, 'C': 0.1, 'intercept_scaling': 0.1, 'class_weight': None, 'max_iter': 1000, 'random_state': 42}",0.9329758082793471,0.7613177663140677,0.7275040664306232,0.8120766089885827,10.719000339508057
"{'scaling': None, 'imputation': 'mode', 'cat_age': False, 'remove_outliers': True, 'merge_capital': True, 'downsampling_method': 'random', 'target_freq': 0.75, 'generate_dummies': True, 'remove_duplicates': True}","{'penalty': 'l1', 'dual': False, 'C': 0.1, 'intercept_scaling': 0.1, 'class_weight': None, 'max_iter': 1000, 'random_state': 42}",0.9328182977273265,0.7611705101486084,0.7270803708356717,0.8125671987907342,7.901000499725342
"{'scaling': None, 'imputation': 'mode', 'cat_age': False, 'remove_outliers': False, 'merge_capital': True, 'downsampling_method': 'random', 'target_freq': 0.75, 'generate_dummies': True, 'remove_duplicates': True}","{'penalty': 'l1', 'dual': False, 'C': 0.1, 'intercept_scaling': 0.1, 'class_weight': None, 'max_iter': 1000, 'random_state': 42}",0.9328254579736207,0.7609914636165567,0.7270494200679731,0.8120445988566857,7.33100152015686
"{'scaling': 'minmax', 'imputation': 'mode', 'cat_age': False, 'remove_outliers': False, 'merge_capital': True, 'downsampling_method': 'random', 'target_freq': 0.75, 'generate_dummies': True, 'remove_duplicates': True}","{'penalty': 'l1', 'dual': False, 'C': 0.1, 'intercept_scaling': 0.1, 'class_weight': None, 'max_iter': 1000, 'random_state': 42}",0.9330832106921683,0.7609435382616667,0.7276285613961997,0.8105939368920902,10.112998962402344
"{'scaling': 'minmax', 'imputation': 'mode', 'cat_age': False, 'remove_outliers': False, 'merge_capital': True, 'downsampling_method': 'random', 'target_freq': 0.85, 'generate_dummies': True, 'remove_duplicates': True}","{'penalty': 'l1', 'dual': False, 'C': 0.1, 'intercept_scaling': 0.1, 'class_weight': None, 'max_iter': 1000, 'random_state': 42}",0.9478971240931635,0.7607970789865958,0.7853901459397307,0.7407978320675105,16.055000066757202
"{'scaling': None, 'imputation': 'mode', 'cat_age': True, 'remove_outliers': False, 'merge_capital': True, 'downsampling_method': 'random', 'target_freq': 0.85, 'generate_dummies': True, 'remove_duplicates': True}","{'penalty': 'l1', 'dual': False, 'C': 0.1, 'intercept_scaling': 0.1, 'class_weight': None, 'max_iter': 1000, 'random_state': 42}",0.9495439161486484,0.7605329166658665,0.7976360541918478,0.7329386369932224,9.8989999294281
"{'scaling': 'standard', 'imputation': 'mode', 'cat_age': True, 'remove_outliers': False, 'merge_capital': True, 'downsampling_method': 'random', 'target_freq': 0.85, 'generate_dummies': True, 'remove_duplicates': True}","{'penalty': 'l1', 'dual': False, 'C': 0.1, 'intercept_scaling': 0.1, 'class_weight': None, 'max_iter': 1000, 'random_state': 42}",0.949479478033091,0.7603974276628453,0.7972661803962747,0.7329604406153584,15.725999116897583
"{'scaling': 'minmax', 'imputation': 'mode', 'cat_age': False, 'remove_outliers': True, 'merge_capital': True, 'downsampling_method': 'random', 'target_freq': 0.8, 'generate_dummies': True, 'remove_duplicates': True}","{'penalty': 'l1', 'dual': False, 'C': 0.1, 'intercept_scaling': 0.1, 'class_weight': None, 'max_iter': 1000, 'random_state': 42}",0.9480045283002116,0.7599537298378272,0.7864717240547652,0.7389441856779453,12.151000499725342
"{'scaling': 'minmax', 'imputation': 'mode', 'cat_age': True, 'remove_outliers': True, 'merge_capital': False, 'downsampling_method': 'random', 'target_freq': 0.85, 'generate_dummies': True, 'remove_duplicates': True}","{'penalty': 'l1', 'dual': False, 'C': 0.1, 'intercept_scaling': 0.1, 'class_weight': None, 'max_iter': 1000, 'random_state': 42}",0.9506465394821865,0.7598077922902909,0.8072984212076799,0.7267485207689562,14.897000551223755
"{'scaling': 'standard', 'imputation': 'mode', 'cat_age': False, 'remove_outliers': True, 'merge_capital': True, 'downsampling_method': 'random', 'target_freq': 0.75, 'generate_dummies': True, 'remove_duplicates': True}","{'penalty': 'l1', 'dual': False, 'C': 0.1, 'intercept_scaling': 0.1, 'class_weight': None, 'max_iter': 1000, 'random_state': 42}",0.9336774855027696,0.759800026936208,0.7286315843909298,0.8048680144753171,10.776999711990356
"{'scaling': 'standard', 'imputation': 'mode', 'cat_age': True, 'remove_outliers': True, 'merge_capital': False, 'downsampling_method': 'random', 'target_freq': 0.85, 'generate_dummies': True, 'remove_duplicates': True}","{'penalty': 'l1', 'dual': False, 'C': 0.1, 'intercept_scaling': 0.1, 'class_weight': None, 'max_iter': 1000, 'random_state': 42}",0.9506250577180315,0.7594879495565391,0.8073392470020112,0.7262633510284229,15.378000497817993
"{'scaling': 'minmax', 'imputation': 'mode', 'cat_age': True, 'remove_outliers': True, 'merge_capital': True, 'downsampling_method': 'random', 'target_freq': 0.8, 'generate_dummies': True, 'remove_duplicates': True}","{'penalty': 'l1', 'dual': False, 'C': 0.1, 'intercept_scaling': 0.1, 'class_weight': None, 'max_iter': 1000, 'random_state': 42}",0.9492360345291349,0.759158091963509,0.7957483610122231,0.7319498211987492,11.71999979019165
"{'scaling': 'minmax', 'imputation': 'mode', 'cat_age': True, 'remove_outliers': False, 'merge_capital': True, 'downsampling_method': 'random', 'target_freq': 0.85, 'generate_dummies': True, 'remove_duplicates': True}","{'penalty': 'l1', 'dual': False, 'C': 0.1, 'intercept_scaling': 0.1, 'class_weight': None, 'max_iter': 1000, 'random_state': 42}",0.9493792379171087,0.75898131414589,0.7972035993907081,0.7308355107803833,14.720996856689453
"{'scaling': 'standard', 'imputation': 'mode', 'cat_age': False, 'remove_outliers': True, 'merge_capital': True, 'downsampling_method': 'random', 'target_freq': 0.85, 'generate_dummies': True, 'remove_duplicates': True}","{'penalty': 'l1', 'dual': False, 'C': 0.1, 'intercept_scaling': 0.1, 'class_weight': None, 'max_iter': 1000, 'random_state': 42}",0.9483768441905109,0.758645035928577,0.7896679639213293,0.734647955183467,15.91199803352356
"{'scaling': 'standard', 'imputation': 'mode', 'cat_age': True, 'remove_outliers': True, 'merge_capital': True, 'downsampling_method': 'random', 'target_freq': 0.85, 'generate_dummies': True, 'remove_duplicates': True}","{'penalty': 'l1', 'dual': False, 'C': 0.1, 'intercept_scaling': 0.1, 'class_weight': None, 'max_iter': 1000, 'random_state': 42}",0.9494937921177267,0.7554075741313925,0.8000210556314011,0.723948557840534,15.053998231887817
"{'scaling': 'minmax', 'imputation': 'mode', 'cat_age': False, 'remove_outliers': True, 'merge_capital': True, 'downsampling_method': 'random', 'target_freq': 0.85, 'generate_dummies': True, 'remove_duplicates': True}","{'penalty': 'l1', 'dual': False, 'C': 0.1, 'intercept_scaling': 0.1, 'class_weight': None, 'max_iter': 1000, 'random_state': 42}",0.9507252960397871,0.7427581772143207,0.8212727239922548,0.698374205365064,15.60699987411499
"{'scaling': 'minmax', 'imputation': 'mode', 'cat_age': True, 'remove_outliers': True, 'merge_capital': True, 'downsampling_method': 'random', 'target_freq': 0.85, 'generate_dummies': True, 'remove_duplicates': True}","{'penalty': 'l1', 'dual': False, 'C': 0.1, 'intercept_scaling': 0.1, 'class_weight': None, 'max_iter': 1000, 'random_state': 42}",0.950725293476606,0.7336548018895181,0.8300957993342604,0.6848596688335368,14.909000396728516
"{'scaling': None, 'imputation': 'mode', 'cat_age': True, 'remove_outliers': True, 'merge_capital': False, 'downsampling_method': 'random', 'target_freq': 0.8, 'generate_dummies': True, 'remove_duplicates': True}","{'penalty': 'l2', 'dual': False, 'C': 0.1, 'intercept_scaling': 1, 'class_weight': 'balanced', 'max_iter': 1000, 'random_state': 42}",0.877665282495067,0.7005685959564685,0.6564694055319061,0.8702744726841493,8.053000450134277
"{'scaling': None, 'imputation': 'mode', 'cat_age': True, 'remove_outliers': True, 'merge_capital': False, 'downsampling_method': 'random', 'target_freq': 0.8, 'generate_dummies': True, 'remove_duplicates': True}","{'penalty': 'l2', 'dual': False, 'C': 10, 'intercept_scaling': 1, 'class_weight': 'balanced', 'max_iter': 1000, 'random_state': 42}",0.8773502467808939,0.7003347237594987,0.6563036447109988,0.8706957060387929,8.14599871635437
"{'scaling': None, 'imputation': 'mode', 'cat_age': True, 'remove_outliers': True, 'merge_capital': False, 'downsampling_method': 'random', 'target_freq': 0.8, 'generate_dummies': True, 'remove_duplicates': True}","{'penalty': 'l2', 'dual': False, 'C': 1, 'intercept_scaling': 0.1, 'class_weight': 'balanced', 'max_iter': 1000, 'random_state': 42}",0.8771712465188573,0.6998533558344656,0.6559489918818555,0.8698117402184099,8.128000259399414
"{'scaling': None, 'imputation': 'mode', 'cat_age': True, 'remove_outliers': True, 'merge_capital': False, 'downsampling_method': 'random', 'target_freq': 0.8, 'generate_dummies': True, 'remove_duplicates': True}","{'penalty': 'l1', 'dual': False, 'C': 0.1, 'intercept_scaling': 10, 'class_weight': 'balanced', 'max_iter': 1000, 'random_state': 42}",0.8769421253017162,0.6997349917530319,0.6558636980880113,0.8702629368512783,8.99299955368042
"{'scaling': None, 'imputation': 'mode', 'cat_age': True, 'remove_outliers': True, 'merge_capital': False, 'downsampling_method': 'random', 'target_freq': 0.8, 'generate_dummies': True, 'remove_duplicates': True}","{'penalty': 'l1', 'dual': False, 'C': 0.1, 'intercept_scaling': 0.1, 'class_weight': 'balanced', 'max_iter': 1000, 'random_state': 42}",0.876892005371884,0.6996838141364302,0.6558253343705941,0.870289665034529,8.656999826431274
"{'scaling': None, 'imputation': 'mode', 'cat_age': True, 'remove_outliers': True, 'merge_capital': False, 'downsampling_method': 'random', 'target_freq': 0.8, 'generate_dummies': True, 'remove_duplicates': True}","{'penalty': 'l1', 'dual': False, 'C': 0.1, 'intercept_scaling': 1, 'class_weight': 'balanced', 'max_iter': 1000, 'random_state': 42}",0.87686336541198,0.6996136198808515,0.6557736958925142,0.8701691934155378,8.312000274658203
"{'scaling': None, 'imputation': 'mode', 'cat_age': True, 'remove_outliers': True, 'merge_capital': False, 'downsampling_method': 'random', 'target_freq': 0.8, 'generate_dummies': True, 'remove_duplicates': True}","{'penalty': 'l2', 'dual': False, 'C': 1, 'intercept_scaling': 1, 'class_weight': 'balanced', 'max_iter': 1000, 'random_state': 42}",0.876999404708888,0.69959121007124,0.6557619268318272,0.8695637218205547,8.038997650146484
"{'scaling': None, 'imputation': 'mode', 'cat_age': True, 'remove_outliers': True, 'merge_capital': False, 'downsampling_method': 'random', 'target_freq': 0.8, 'generate_dummies': True, 'remove_duplicates': True}","{'penalty': 'l2', 'dual': False, 'C': 10, 'intercept_scaling': 0.1, 'class_weight': 'balanced', 'max_iter': 1000, 'random_state': 42}",0.8767846116738784,0.6994080744629046,0.6556207834217264,0.869818184688597,8.119000434875488
"{'scaling': None, 'imputation': 'mode', 'cat_age': True, 'remove_outliers': True, 'merge_capital': False, 'downsampling_method': 'random', 'target_freq': 0.8, 'generate_dummies': True, 'remove_duplicates': True}","{'penalty': 'l2', 'dual': False, 'C': 0.1, 'intercept_scaling': 10, 'class_weight': 'balanced', 'max_iter': 1000, 'random_state': 42}",0.8768705271961827,0.6993202996376688,0.655561893357947,0.8691688965632028,8.627044677734375
"{'scaling': None, 'imputation': 'mode', 'cat_age': True, 'remove_outliers': True, 'merge_capital': False, 'downsampling_method': 'random', 'target_freq': 0.8, 'generate_dummies': True, 'remove_duplicates': True}","{'penalty': 'l2', 'dual': False, 'C': 1, 'intercept_scaling': 10, 'class_weight': 'balanced', 'max_iter': 1000, 'random_state': 42}",0.8766628849236973,0.6992806424605424,0.6555274332414036,0.8698446028166288,8.458000183105469
"{'scaling': None, 'imputation': 'mode', 'cat_age': True, 'remove_outliers': True, 'merge_capital': False, 'downsampling_method': 'random', 'target_freq': 0.8, 'generate_dummies': True, 'remove_duplicates': True}","{'penalty': 'l1', 'dual': False, 'C': 1, 'intercept_scaling': 10, 'class_weight': 'balanced', 'max_iter': 1000, 'random_state': 42}",0.876641407004314,0.6989475463115593,0.655285937927561,0.8688313797267295,9.972999572753906
"{'scaling': None, 'imputation': 'mode', 'cat_age': True, 'remove_outliers': True, 'merge_capital': False, 'downsampling_method': 'random', 'target_freq': 0.8, 'generate_dummies': True, 'remove_duplicates': True}","{'penalty': 'l1', 'dual': False, 'C': 1, 'intercept_scaling': 0.1, 'class_weight': 'balanced', 'max_iter': 1000, 'random_state': 42}",0.8766414070043143,0.6989468367470393,0.6552847324398574,0.8688313680496187,10.39263916015625
"{'scaling': None, 'imputation': 'mode', 'cat_age': True, 'remove_outliers': True, 'merge_capital': False, 'downsampling_method': 'random', 'target_freq': 0.8, 'generate_dummies': True, 'remove_duplicates': True}","{'penalty': 'l1', 'dual': False, 'C': 1, 'intercept_scaling': 1, 'class_weight': 'balanced', 'max_iter': 1000, 'random_state': 42}",0.8766056078233884,0.6988832129246227,0.6552382883015939,0.8687594592451007,9.337998151779175
"{'scaling': None, 'imputation': 'mode', 'cat_age': True, 'remove_outliers': True, 'merge_capital': False, 'downsampling_method': 'random', 'target_freq': 0.8, 'generate_dummies': True, 'remove_duplicates': True}","{'penalty': 'l2', 'dual': False, 'C': 0.1, 'intercept_scaling': 0.1, 'class_weight': 'balanced', 'max_iter': 1000, 'random_state': 42}",0.8763406902448206,0.6988583241042029,0.6552205324277807,0.8696814450935626,8.09399938583374
"{'scaling': None, 'imputation': 'mode', 'cat_age': True, 'remove_outliers': True, 'merge_capital': False, 'downsampling_method': 'random', 'target_freq': 0.8, 'generate_dummies': True, 'remove_duplicates': True}","{'penalty': 'l1', 'dual': False, 'C': 10, 'intercept_scaling': 10, 'class_weight': 'balanced', 'max_iter': 1000, 'random_state': 42}",0.876462407511232,0.6985832288876195,0.6550196669366561,0.8683116216359489,8.286507368087769
"{'scaling': None, 'imputation': 'mode', 'cat_age': True, 'remove_outliers': True, 'merge_capital': False, 'downsampling_method': 'random', 'target_freq': 0.8, 'generate_dummies': True, 'remove_duplicates': True}","{'penalty': 'l1', 'dual': False, 'C': 10, 'intercept_scaling': 1, 'class_weight': 'balanced', 'max_iter': 1000, 'random_state': 42}",0.8764480875312799,0.6985642031457828,0.6550055883408842,0.8683039784212128,8.068000078201294
"{'scaling': None, 'imputation': 'mode', 'cat_age': True, 'remove_outliers': True, 'merge_capital': False, 'downsampling_method': 'random', 'target_freq': 0.8, 'generate_dummies': True, 'remove_duplicates': True}","{'penalty': 'l1', 'dual': False, 'C': 10, 'intercept_scaling': 0.1, 'class_weight': 'balanced', 'max_iter': 1000, 'random_state': 42}",0.8764480870186437,0.6985484172297715,0.654993956335144,0.8682515186961801,8.18152928352356
"{'scaling': None, 'imputation': 'mode', 'cat_age': True, 'remove_outliers': True, 'merge_capital': False, 'downsampling_method': 'random', 'target_freq': 0.8, 'generate_dummies': True, 'remove_duplicates': True}","{'penalty': 'l2', 'dual': False, 'C': 10, 'intercept_scaling': 10, 'class_weight': 'balanced', 'max_iter': 1000, 'random_state': 42}",0.8758753124271008,0.6977850392290483,0.6544434179552856,0.8678996501680123,8.166999340057373
