prep_param,model_param,accuracy,f1_macro,precision_macro,recall_macro,tex
"{'scaling': None, 'imputation': 'mode', 'cat_age': True, 'remove_outliers': False, 'merge_capital': True, 'downsampling_method': 'random', 'target_freq': 0.9, 'generate_dummies': True, 'remove_duplicates': True}","{'priors': None, 'reg_param': 0.2, 'store_covariance': True, 'tol': 0.01}",0.9306846419888771,0.7429223212904826,0.7172692042476921,0.7781654153171077,33.16855788230896
"{'scaling': None, 'imputation': 'mode', 'cat_age': True, 'remove_outliers': False, 'merge_capital': True, 'downsampling_method': 'random', 'target_freq': 0.9, 'generate_dummies': True, 'remove_duplicates': True}","{'priors': None, 'reg_param': 0.2, 'store_covariance': False, 'tol': 0.001}",0.9306846419888771,0.7429223212904826,0.7172692042476921,0.7781654153171077,34.05546569824219
"{'scaling': None, 'imputation': 'mode', 'cat_age': True, 'remove_outliers': False, 'merge_capital': True, 'downsampling_method': 'random', 'target_freq': 0.9, 'generate_dummies': True, 'remove_duplicates': True}","{'priors': None, 'reg_param': 0.2, 'store_covariance': False, 'tol': 0.0001}",0.9306846419888771,0.7429223212904826,0.7172692042476921,0.7781654153171077,30.61617136001587
"{'scaling': None, 'imputation': 'mode', 'cat_age': True, 'remove_outliers': False, 'merge_capital': True, 'downsampling_method': 'random', 'target_freq': 0.9, 'generate_dummies': True, 'remove_duplicates': True}","{'priors': None, 'reg_param': 0.2, 'store_covariance': True, 'tol': 0.0001}",0.9306846419888771,0.7429223212904826,0.7172692042476921,0.7781654153171077,32.296019315719604
"{'scaling': None, 'imputation': 'mode', 'cat_age': True, 'remove_outliers': False, 'merge_capital': True, 'downsampling_method': 'random', 'target_freq': 0.9, 'generate_dummies': True, 'remove_duplicates': True}","{'priors': None, 'reg_param': 0.2, 'store_covariance': True, 'tol': 0.001}",0.9306846419888771,0.7429223212904826,0.7172692042476921,0.7781654153171077,34.591755867004395
"{'scaling': None, 'imputation': 'mode', 'cat_age': True, 'remove_outliers': False, 'merge_capital': True, 'downsampling_method': 'random', 'target_freq': 0.9, 'generate_dummies': True, 'remove_duplicates': True}","{'priors': None, 'reg_param': 0.2, 'store_covariance': False, 'tol': 0.01}",0.9306846419888771,0.7429223212904826,0.7172692042476921,0.7781654153171077,31.75210189819336
"{'scaling': None, 'imputation': 'mode', 'cat_age': True, 'remove_outliers': False, 'merge_capital': True, 'downsampling_method': 'random', 'target_freq': 0.85, 'generate_dummies': True, 'remove_duplicates': True}","{'priors': None, 'reg_param': 0.2, 'store_covariance': False, 'tol': 0.01}",0.9247562189891777,0.7408343730566134,0.70566471744371,0.7982262147207992,15.290689468383789
"{'scaling': None, 'imputation': 'mode', 'cat_age': True, 'remove_outliers': False, 'merge_capital': True, 'downsampling_method': 'random', 'target_freq': 0.85, 'generate_dummies': True, 'remove_duplicates': True}","{'priors': None, 'reg_param': 0.2, 'store_covariance': True, 'tol': 0.01}",0.9247562189891777,0.7408343730566134,0.70566471744371,0.7982262147207992,18.87997603416443
"{'scaling': None, 'imputation': 'mode', 'cat_age': False, 'remove_outliers': False, 'merge_capital': True, 'downsampling_method': 'random', 'target_freq': 0.85, 'generate_dummies': True, 'remove_duplicates': True}","{'priors': None, 'reg_param': 0.2, 'store_covariance': False, 'tol': 0.01}",0.9277776934918405,0.7405853009303867,0.7106293199754896,0.7849691541203266,17.869900703430176
"{'scaling': None, 'imputation': 'mode', 'cat_age': False, 'remove_outliers': False, 'merge_capital': True, 'downsampling_method': 'random', 'target_freq': 0.85, 'generate_dummies': True, 'remove_duplicates': True}","{'priors': None, 'reg_param': 0.2, 'store_covariance': True, 'tol': 0.01}",0.9277776934918405,0.7405853009303867,0.7106293199754896,0.7849691541203266,16.8708598613739
"{'scaling': None, 'imputation': 'mode', 'cat_age': False, 'remove_outliers': False, 'merge_capital': True, 'downsampling_method': 'random', 'target_freq': 0.9, 'generate_dummies': True, 'remove_duplicates': True}","{'priors': None, 'reg_param': 0.2, 'store_covariance': False, 'tol': 0.01}",0.9318373898659731,0.7372994328820424,0.7183444490800935,0.7611622506800122,30.55520534515381
"{'scaling': None, 'imputation': 'mode', 'cat_age': False, 'remove_outliers': False, 'merge_capital': True, 'downsampling_method': 'random', 'target_freq': 0.9, 'generate_dummies': True, 'remove_duplicates': True}","{'priors': None, 'reg_param': 0.2, 'store_covariance': True, 'tol': 0.01}",0.9318373898659731,0.7372994328820424,0.7183444490800935,0.7611622506800122,32.674256563186646
"{'scaling': None, 'imputation': 'mode', 'cat_age': False, 'remove_outliers': False, 'merge_capital': True, 'downsampling_method': 'random', 'target_freq': 0.8, 'generate_dummies': True, 'remove_duplicates': True}","{'priors': None, 'reg_param': 0.2, 'store_covariance': False, 'tol': 0.01}",0.9226082191768743,0.7370751952832266,0.7010042746959985,0.7978964598123668,11.974857091903687
"{'scaling': None, 'imputation': 'mode', 'cat_age': False, 'remove_outliers': False, 'merge_capital': True, 'downsampling_method': 'random', 'target_freq': 0.8, 'generate_dummies': True, 'remove_duplicates': True}","{'priors': None, 'reg_param': 0.2, 'store_covariance': True, 'tol': 0.01}",0.9226082191768743,0.7370751952832266,0.7010042746959985,0.7978964598123668,11.742676734924316
"{'scaling': None, 'imputation': 'mode', 'cat_age': True, 'remove_outliers': False, 'merge_capital': True, 'downsampling_method': 'random', 'target_freq': 0.8, 'generate_dummies': True, 'remove_duplicates': True}","{'priors': None, 'reg_param': 0.2, 'store_covariance': True, 'tol': 0.01}",0.9187848242589893,0.736391415843735,0.6958463337314248,0.8122528980314812,11.149244546890259
"{'scaling': None, 'imputation': 'mode', 'cat_age': True, 'remove_outliers': False, 'merge_capital': True, 'downsampling_method': 'random', 'target_freq': 0.8, 'generate_dummies': True, 'remove_duplicates': True}","{'priors': None, 'reg_param': 0.2, 'store_covariance': False, 'tol': 0.01}",0.9187848242589893,0.736391415843735,0.6958463337314248,0.8122528980314812,11.763888359069824
"{'scaling': None, 'imputation': 'mode', 'cat_age': False, 'remove_outliers': True, 'merge_capital': True, 'downsampling_method': 'random', 'target_freq': 0.9, 'generate_dummies': True, 'remove_duplicates': True}","{'priors': None, 'reg_param': 0.2, 'store_covariance': True, 'tol': 0.01}",0.9185055815741074,0.7318852685048592,0.693366546557128,0.8018026247014604,30.92805004119873
"{'scaling': None, 'imputation': 'mode', 'cat_age': False, 'remove_outliers': True, 'merge_capital': True, 'downsampling_method': 'random', 'target_freq': 0.9, 'generate_dummies': True, 'remove_duplicates': True}","{'priors': None, 'reg_param': 0.2, 'store_covariance': False, 'tol': 0.01}",0.9185055815741074,0.7318852685048592,0.693366546557128,0.8018026247014604,27.988909006118774
"{'scaling': None, 'imputation': 'mode', 'cat_age': True, 'remove_outliers': True, 'merge_capital': True, 'downsampling_method': 'random', 'target_freq': 0.9, 'generate_dummies': True, 'remove_duplicates': True}","{'priors': None, 'reg_param': 0.2, 'store_covariance': True, 'tol': 0.01}",0.9149614198573343,0.7310249268051352,0.6892908421235968,0.8140098286122269,31.283631324768066
"{'scaling': None, 'imputation': 'mode', 'cat_age': True, 'remove_outliers': True, 'merge_capital': True, 'downsampling_method': 'random', 'target_freq': 0.9, 'generate_dummies': True, 'remove_duplicates': True}","{'priors': None, 'reg_param': 0.2, 'store_covariance': False, 'tol': 0.01}",0.9149614198573343,0.7310249268051352,0.6892908421235968,0.8140098286122269,30.896955251693726
"{'scaling': None, 'imputation': 'mode', 'cat_age': True, 'remove_outliers': False, 'merge_capital': True, 'downsampling_method': 'random', 'target_freq': 0.75, 'generate_dummies': True, 'remove_duplicates': True}","{'priors': None, 'reg_param': 0.2, 'store_covariance': True, 'tol': 0.01}",0.9125628280854137,0.7302026267258539,0.686792323053886,0.8216377108164554,10.175754308700562
"{'scaling': None, 'imputation': 'mode', 'cat_age': True, 'remove_outliers': False, 'merge_capital': True, 'downsampling_method': 'random', 'target_freq': 0.75, 'generate_dummies': True, 'remove_duplicates': True}","{'priors': None, 'reg_param': 0.2, 'store_covariance': False, 'tol': 0.0001}",0.9125628280854137,0.7302026267258539,0.686792323053886,0.8216377108164554,9.535303592681885
"{'scaling': None, 'imputation': 'mode', 'cat_age': True, 'remove_outliers': False, 'merge_capital': True, 'downsampling_method': 'random', 'target_freq': 0.75, 'generate_dummies': True, 'remove_duplicates': True}","{'priors': None, 'reg_param': 0.2, 'store_covariance': True, 'tol': 0.0001}",0.9125628280854137,0.7302026267258539,0.686792323053886,0.8216377108164554,10.456663608551025
"{'scaling': None, 'imputation': 'mode', 'cat_age': True, 'remove_outliers': False, 'merge_capital': True, 'downsampling_method': 'random', 'target_freq': 0.75, 'generate_dummies': True, 'remove_duplicates': True}","{'priors': None, 'reg_param': 0.2, 'store_covariance': True, 'tol': 0.001}",0.9125628280854137,0.7302026267258539,0.686792323053886,0.8216377108164554,9.938030481338501
"{'scaling': None, 'imputation': 'mode', 'cat_age': True, 'remove_outliers': False, 'merge_capital': True, 'downsampling_method': 'random', 'target_freq': 0.75, 'generate_dummies': True, 'remove_duplicates': True}","{'priors': None, 'reg_param': 0.2, 'store_covariance': False, 'tol': 0.01}",0.9125628280854137,0.7302026267258539,0.686792323053886,0.8216377108164554,9.759460926055908
"{'scaling': None, 'imputation': 'mode', 'cat_age': True, 'remove_outliers': False, 'merge_capital': True, 'downsampling_method': 'random', 'target_freq': 0.75, 'generate_dummies': True, 'remove_duplicates': True}","{'priors': None, 'reg_param': 0.2, 'store_covariance': False, 'tol': 0.001}",0.9125628280854137,0.7302026267258539,0.686792323053886,0.8216377108164554,10.830436944961548
"{'scaling': None, 'imputation': 'mode', 'cat_age': False, 'remove_outliers': True, 'merge_capital': True, 'downsampling_method': 'random', 'target_freq': 0.85, 'generate_dummies': True, 'remove_duplicates': True}","{'priors': None, 'reg_param': 0.2, 'store_covariance': True, 'tol': 0.01}",0.910228697753998,0.7251992036466713,0.6822616549949923,0.8175721159934304,15.885467529296875
"{'scaling': None, 'imputation': 'mode', 'cat_age': False, 'remove_outliers': True, 'merge_capital': True, 'downsampling_method': 'random', 'target_freq': 0.85, 'generate_dummies': True, 'remove_duplicates': True}","{'priors': None, 'reg_param': 0.2, 'store_covariance': False, 'tol': 0.01}",0.910228697753998,0.7251992036466713,0.6822616549949923,0.8175721159934304,15.637085676193237
"{'scaling': None, 'imputation': 'mode', 'cat_age': True, 'remove_outliers': False, 'merge_capital': True, 'downsampling_method': 'random', 'target_freq': 0.75, 'generate_dummies': True, 'remove_duplicates': True}","{'priors': None, 'reg_param': 0.3, 'store_covariance': False, 'tol': 0.001}",0.9309209231959942,0.7249385793043939,0.712591232957777,0.7393894769631209,9.557702779769897
"{'scaling': None, 'imputation': 'mode', 'cat_age': True, 'remove_outliers': False, 'merge_capital': True, 'downsampling_method': 'random', 'target_freq': 0.75, 'generate_dummies': True, 'remove_duplicates': True}","{'priors': None, 'reg_param': 0.3, 'store_covariance': True, 'tol': 0.0001}",0.9309209231959942,0.7249385793043939,0.712591232957777,0.7393894769631209,10.315996646881104
"{'scaling': None, 'imputation': 'mode', 'cat_age': True, 'remove_outliers': False, 'merge_capital': True, 'downsampling_method': 'random', 'target_freq': 0.75, 'generate_dummies': True, 'remove_duplicates': True}","{'priors': None, 'reg_param': 0.3, 'store_covariance': False, 'tol': 0.01}",0.9309209231959942,0.7249385793043939,0.712591232957777,0.7393894769631209,9.546159744262695
"{'scaling': None, 'imputation': 'mode', 'cat_age': True, 'remove_outliers': False, 'merge_capital': True, 'downsampling_method': 'random', 'target_freq': 0.75, 'generate_dummies': True, 'remove_duplicates': True}","{'priors': None, 'reg_param': 0.3, 'store_covariance': False, 'tol': 0.0001}",0.9309209231959942,0.7249385793043939,0.712591232957777,0.7393894769631209,10.032682657241821
"{'scaling': None, 'imputation': 'mode', 'cat_age': True, 'remove_outliers': False, 'merge_capital': True, 'downsampling_method': 'random', 'target_freq': 0.75, 'generate_dummies': True, 'remove_duplicates': True}","{'priors': None, 'reg_param': 0.3, 'store_covariance': True, 'tol': 0.001}",0.9309209231959942,0.7249385793043939,0.712591232957777,0.7393894769631209,10.428085327148438
"{'scaling': None, 'imputation': 'mode', 'cat_age': True, 'remove_outliers': False, 'merge_capital': True, 'downsampling_method': 'random', 'target_freq': 0.75, 'generate_dummies': True, 'remove_duplicates': True}","{'priors': None, 'reg_param': 0.3, 'store_covariance': True, 'tol': 0.01}",0.9309209231959942,0.7249385793043939,0.712591232957777,0.7393894769631209,9.754637956619263
"{'scaling': None, 'imputation': 'mode', 'cat_age': True, 'remove_outliers': True, 'merge_capital': True, 'downsampling_method': 'random', 'target_freq': 0.75, 'generate_dummies': True, 'remove_duplicates': True}","{'priors': None, 'reg_param': 0.3, 'store_covariance': True, 'tol': 0.0001}",0.9162573657397237,0.7228689336930655,0.6864562661461264,0.7883871320081421,10.772594690322876
"{'scaling': None, 'imputation': 'mode', 'cat_age': True, 'remove_outliers': True, 'merge_capital': True, 'downsampling_method': 'random', 'target_freq': 0.85, 'generate_dummies': True, 'remove_duplicates': True}","{'priors': None, 'reg_param': 0.2, 'store_covariance': False, 'tol': 0.01}",0.9051952547900786,0.7224327595961194,0.6774686572541239,0.8299984689373099,15.125600099563599
"{'scaling': None, 'imputation': 'mode', 'cat_age': True, 'remove_outliers': True, 'merge_capital': True, 'downsampling_method': 'random', 'target_freq': 0.85, 'generate_dummies': True, 'remove_duplicates': True}","{'priors': None, 'reg_param': 0.2, 'store_covariance': True, 'tol': 0.01}",0.9051952547900786,0.7224327595961194,0.6774686572541239,0.8299984689373099,16.595394611358643
"{'scaling': None, 'imputation': 'mode', 'cat_age': True, 'remove_outliers': True, 'merge_capital': True, 'downsampling_method': 'random', 'target_freq': 0.8, 'generate_dummies': True, 'remove_duplicates': True}","{'priors': None, 'reg_param': 0.3, 'store_covariance': True, 'tol': 0.0001}",0.9198731286378476,0.721568397261868,0.6902216820036601,0.7719223123613818,11.328619241714478
"{'scaling': None, 'imputation': 'mode', 'cat_age': False, 'remove_outliers': True, 'merge_capital': True, 'downsampling_method': 'random', 'target_freq': 0.8, 'generate_dummies': True, 'remove_duplicates': True}","{'priors': None, 'reg_param': 0.3, 'store_covariance': True, 'tol': 0.0001}",0.9203958168772303,0.7199498630750385,0.6902476179039458,0.7664080318550377,11.945477724075317
"{'scaling': None, 'imputation': 'mode', 'cat_age': False, 'remove_outliers': True, 'merge_capital': True, 'downsampling_method': 'random', 'target_freq': 0.8, 'generate_dummies': True, 'remove_duplicates': True}","{'priors': None, 'reg_param': 0.2, 'store_covariance': False, 'tol': 0.01}",0.9034195934240679,0.7197434965149587,0.6749313517406337,0.8294711455336596,11.926998853683472
"{'scaling': None, 'imputation': 'mode', 'cat_age': False, 'remove_outliers': True, 'merge_capital': True, 'downsampling_method': 'random', 'target_freq': 0.8, 'generate_dummies': True, 'remove_duplicates': True}","{'priors': None, 'reg_param': 0.2, 'store_covariance': True, 'tol': 0.01}",0.9034195934240679,0.7197434965149587,0.6749313517406337,0.8294711455336596,11.307708263397217
"{'scaling': None, 'imputation': 'mode', 'cat_age': False, 'remove_outliers': True, 'merge_capital': True, 'downsampling_method': 'random', 'target_freq': 0.75, 'generate_dummies': True, 'remove_duplicates': True}","{'priors': None, 'reg_param': 0.3, 'store_covariance': False, 'tol': 0.0001}",0.9164005701529699,0.7195462916743848,0.6849690091982815,0.7799469178669919,9.934175252914429
"{'scaling': None, 'imputation': 'mode', 'cat_age': False, 'remove_outliers': True, 'merge_capital': True, 'downsampling_method': 'random', 'target_freq': 0.75, 'generate_dummies': True, 'remove_duplicates': True}","{'priors': None, 'reg_param': 0.3, 'store_covariance': True, 'tol': 0.001}",0.9164005701529699,0.7195462916743848,0.6849690091982815,0.7799469178669919,9.808196544647217
"{'scaling': None, 'imputation': 'mode', 'cat_age': False, 'remove_outliers': True, 'merge_capital': True, 'downsampling_method': 'random', 'target_freq': 0.75, 'generate_dummies': True, 'remove_duplicates': True}","{'priors': None, 'reg_param': 0.3, 'store_covariance': True, 'tol': 0.0001}",0.9164005701529699,0.7195462916743848,0.6849690091982815,0.7799469178669919,9.893717288970947
"{'scaling': None, 'imputation': 'mode', 'cat_age': False, 'remove_outliers': True, 'merge_capital': True, 'downsampling_method': 'random', 'target_freq': 0.75, 'generate_dummies': True, 'remove_duplicates': True}","{'priors': None, 'reg_param': 0.3, 'store_covariance': False, 'tol': 0.01}",0.9164005701529699,0.7195462916743848,0.6849690091982815,0.7799469178669919,9.286729335784912
"{'scaling': None, 'imputation': 'mode', 'cat_age': False, 'remove_outliers': True, 'merge_capital': True, 'downsampling_method': 'random', 'target_freq': 0.75, 'generate_dummies': True, 'remove_duplicates': True}","{'priors': None, 'reg_param': 0.3, 'store_covariance': False, 'tol': 0.001}",0.9164005701529699,0.7195462916743848,0.6849690091982815,0.7799469178669919,10.228202819824219
"{'scaling': None, 'imputation': 'mode', 'cat_age': False, 'remove_outliers': True, 'merge_capital': True, 'downsampling_method': 'random', 'target_freq': 0.75, 'generate_dummies': True, 'remove_duplicates': True}","{'priors': None, 'reg_param': 0.3, 'store_covariance': True, 'tol': 0.01}",0.9164005701529699,0.7195462916743848,0.6849690091982815,0.7799469178669919,9.426713705062866
"{'scaling': None, 'imputation': 'mode', 'cat_age': True, 'remove_outliers': True, 'merge_capital': True, 'downsampling_method': 'random', 'target_freq': 0.85, 'generate_dummies': True, 'remove_duplicates': True}","{'priors': None, 'reg_param': 0.3, 'store_covariance': True, 'tol': 0.0001}",0.923968622398679,0.71941712933185,0.6956649271864661,0.7526406436090888,16.450338125228882
"{'scaling': None, 'imputation': 'mode', 'cat_age': True, 'remove_outliers': False, 'merge_capital': True, 'downsampling_method': 'random', 'target_freq': 0.8, 'generate_dummies': True, 'remove_duplicates': True}","{'priors': None, 'reg_param': 0.3, 'store_covariance': True, 'tol': 0.0001}",0.9328898963454962,0.7186143441510282,0.7165181201983144,0.7208503317037837,12.250963926315308
"{'scaling': None, 'imputation': 'mode', 'cat_age': False, 'remove_outliers': True, 'merge_capital': True, 'downsampling_method': 'random', 'target_freq': 0.85, 'generate_dummies': True, 'remove_duplicates': True}","{'priors': None, 'reg_param': 0.3, 'store_covariance': True, 'tol': 0.0001}",0.923002037593095,0.714037730583191,0.6917715825714075,0.7448033821878335,15.46569561958313
"{'scaling': None, 'imputation': 'mode', 'cat_age': True, 'remove_outliers': True, 'merge_capital': True, 'downsampling_method': 'random', 'target_freq': 0.8, 'generate_dummies': True, 'remove_duplicates': True}","{'priors': None, 'reg_param': 0.2, 'store_covariance': True, 'tol': 0.01}",0.896309760031375,0.7129494896504543,0.6677950778303574,0.8375659305315066,10.874022960662842
"{'scaling': None, 'imputation': 'mode', 'cat_age': True, 'remove_outliers': True, 'merge_capital': True, 'downsampling_method': 'random', 'target_freq': 0.8, 'generate_dummies': True, 'remove_duplicates': True}","{'priors': None, 'reg_param': 0.2, 'store_covariance': False, 'tol': 0.01}",0.896309760031375,0.7129494896504543,0.6677950778303574,0.8375659305315066,12.612265586853027
"{'scaling': None, 'imputation': 'mode', 'cat_age': False, 'remove_outliers': True, 'merge_capital': True, 'downsampling_method': 'random', 'target_freq': 0.75, 'generate_dummies': True, 'remove_duplicates': True}","{'priors': None, 'reg_param': 0.2, 'store_covariance': False, 'tol': 0.0001}",0.8964386529231666,0.7124554577538401,0.6675112807834946,0.8356643329586964,9.824567556381226
"{'scaling': None, 'imputation': 'mode', 'cat_age': False, 'remove_outliers': True, 'merge_capital': True, 'downsampling_method': 'random', 'target_freq': 0.75, 'generate_dummies': True, 'remove_duplicates': True}","{'priors': None, 'reg_param': 0.2, 'store_covariance': True, 'tol': 0.01}",0.8964386529231666,0.7124554577538401,0.6675112807834946,0.8356643329586964,9.968312501907349
"{'scaling': None, 'imputation': 'mode', 'cat_age': False, 'remove_outliers': True, 'merge_capital': True, 'downsampling_method': 'random', 'target_freq': 0.75, 'generate_dummies': True, 'remove_duplicates': True}","{'priors': None, 'reg_param': 0.2, 'store_covariance': True, 'tol': 0.0001}",0.8964386529231666,0.7124554577538401,0.6675112807834946,0.8356643329586964,9.778808355331421
"{'scaling': None, 'imputation': 'mode', 'cat_age': False, 'remove_outliers': True, 'merge_capital': True, 'downsampling_method': 'random', 'target_freq': 0.75, 'generate_dummies': True, 'remove_duplicates': True}","{'priors': None, 'reg_param': 0.2, 'store_covariance': False, 'tol': 0.01}",0.8964386529231666,0.7124554577538401,0.6675112807834946,0.8356643329586964,10.318223476409912
"{'scaling': None, 'imputation': 'mode', 'cat_age': False, 'remove_outliers': True, 'merge_capital': True, 'downsampling_method': 'random', 'target_freq': 0.75, 'generate_dummies': True, 'remove_duplicates': True}","{'priors': None, 'reg_param': 0.2, 'store_covariance': False, 'tol': 0.001}",0.8964386529231666,0.7124554577538401,0.6675112807834946,0.8356643329586964,10.349012851715088
"{'scaling': None, 'imputation': 'mode', 'cat_age': False, 'remove_outliers': True, 'merge_capital': True, 'downsampling_method': 'random', 'target_freq': 0.75, 'generate_dummies': True, 'remove_duplicates': True}","{'priors': None, 'reg_param': 0.2, 'store_covariance': True, 'tol': 0.001}",0.8964386529231666,0.7124554577538401,0.6675112807834946,0.8356643329586964,10.70967960357666
"{'scaling': None, 'imputation': 'mode', 'cat_age': True, 'remove_outliers': True, 'merge_capital': True, 'downsampling_method': 'random', 'target_freq': 0.9, 'generate_dummies': True, 'remove_duplicates': True}","{'priors': None, 'reg_param': 0.3, 'store_covariance': True, 'tol': 0.0001}",0.9274626723877997,0.7115899391063409,0.6997817137814979,0.725517318818146,27.342754364013672
"{'scaling': None, 'imputation': 'mode', 'cat_age': False, 'remove_outliers': False, 'merge_capital': True, 'downsampling_method': 'random', 'target_freq': 0.8, 'generate_dummies': True, 'remove_duplicates': True}","{'priors': None, 'reg_param': 0.3, 'store_covariance': True, 'tol': 0.0001}",0.9310068384619805,0.709955359714632,0.7084757041438885,0.7115479182491183,11.020706415176392
"{'scaling': None, 'imputation': 'mode', 'cat_age': True, 'remove_outliers': False, 'merge_capital': True, 'downsampling_method': 'random', 'target_freq': 0.85, 'generate_dummies': True, 'remove_duplicates': True}","{'priors': None, 'reg_param': 0.3, 'store_covariance': True, 'tol': 0.0001}",0.9342073278368119,0.7081679610405851,0.7187966398601129,0.6988241514758219,17.01485300064087
"{'scaling': None, 'imputation': 'mode', 'cat_age': True, 'remove_outliers': True, 'merge_capital': True, 'downsampling_method': 'random', 'target_freq': 0.75, 'generate_dummies': True, 'remove_duplicates': True}","{'priors': None, 'reg_param': 0.2, 'store_covariance': False, 'tol': 0.01}",0.8885913513283048,0.7050433198675602,0.6606263780625302,0.8433104363098503,10.190154075622559
"{'scaling': None, 'imputation': 'mode', 'cat_age': True, 'remove_outliers': True, 'merge_capital': True, 'downsampling_method': 'random', 'target_freq': 0.75, 'generate_dummies': True, 'remove_duplicates': True}","{'priors': None, 'reg_param': 0.2, 'store_covariance': True, 'tol': 0.01}",0.8885913513283048,0.7050433198675602,0.6606263780625302,0.8433104363098503,9.530302286148071
"{'scaling': None, 'imputation': 'mode', 'cat_age': False, 'remove_outliers': True, 'merge_capital': True, 'downsampling_method': 'random', 'target_freq': 0.9, 'generate_dummies': True, 'remove_duplicates': True}","{'priors': None, 'reg_param': 0.3, 'store_covariance': True, 'tol': 0.0001}",0.9256368905793204,0.7049532659067432,0.6931660161495231,0.71891490077813,31.245235443115234
"{'scaling': None, 'imputation': 'mode', 'cat_age': False, 'remove_outliers': False, 'merge_capital': True, 'downsampling_method': 'random', 'target_freq': 0.85, 'generate_dummies': True, 'remove_duplicates': True}","{'priors': None, 'reg_param': 0.3, 'store_covariance': True, 'tol': 0.0001}",0.9325820178018001,0.7006920568566075,0.7110582144928543,0.6915468313572178,17.332627534866333
"{'scaling': None, 'imputation': 'mode', 'cat_age': False, 'remove_outliers': True, 'merge_capital': True, 'downsampling_method': 'random', 'target_freq': 0.75, 'generate_dummies': True, 'remove_duplicates': True}","{'priors': None, 'reg_param': 0.4, 'store_covariance': False, 'tol': 0.0001}",0.9186416429143727,0.6992126662971012,0.6779924550745602,0.7290023147067326,9.86450743675232
"{'scaling': None, 'imputation': 'mode', 'cat_age': False, 'remove_outliers': True, 'merge_capital': True, 'downsampling_method': 'random', 'target_freq': 0.75, 'generate_dummies': True, 'remove_duplicates': True}","{'priors': None, 'reg_param': 0.4, 'store_covariance': False, 'tol': 0.01}",0.9186416429143727,0.6992126662971012,0.6779924550745602,0.7290023147067326,10.318257093429565
"{'scaling': None, 'imputation': 'mode', 'cat_age': False, 'remove_outliers': True, 'merge_capital': True, 'downsampling_method': 'random', 'target_freq': 0.75, 'generate_dummies': True, 'remove_duplicates': True}","{'priors': None, 'reg_param': 0.4, 'store_covariance': True, 'tol': 0.001}",0.9186416429143727,0.6992126662971012,0.6779924550745602,0.7290023147067326,9.962047100067139
"{'scaling': None, 'imputation': 'mode', 'cat_age': False, 'remove_outliers': True, 'merge_capital': True, 'downsampling_method': 'random', 'target_freq': 0.75, 'generate_dummies': True, 'remove_duplicates': True}","{'priors': None, 'reg_param': 0.4, 'store_covariance': False, 'tol': 0.001}",0.9186416429143727,0.6992126662971012,0.6779924550745602,0.7290023147067326,9.614818096160889
"{'scaling': None, 'imputation': 'mode', 'cat_age': False, 'remove_outliers': True, 'merge_capital': True, 'downsampling_method': 'random', 'target_freq': 0.75, 'generate_dummies': True, 'remove_duplicates': True}","{'priors': None, 'reg_param': 0.4, 'store_covariance': True, 'tol': 0.0001}",0.9186416429143727,0.6992126662971012,0.6779924550745602,0.7290023147067326,9.421478033065796
"{'scaling': None, 'imputation': 'mode', 'cat_age': False, 'remove_outliers': True, 'merge_capital': True, 'downsampling_method': 'random', 'target_freq': 0.75, 'generate_dummies': True, 'remove_duplicates': True}","{'priors': None, 'reg_param': 0.4, 'store_covariance': True, 'tol': 0.01}",0.9186416429143727,0.6992126662971012,0.6779924550745602,0.7290023147067326,9.462362289428711
"{'scaling': None, 'imputation': 'mode', 'cat_age': True, 'remove_outliers': False, 'merge_capital': True, 'downsampling_method': 'random', 'target_freq': 0.9, 'generate_dummies': True, 'remove_duplicates': True}","{'priors': None, 'reg_param': 0.3, 'store_covariance': True, 'tol': 0.01}",0.9344006501293454,0.6901412717766806,0.716086650312092,0.6708711032969982,33.06771969795227
"{'scaling': None, 'imputation': 'mode', 'cat_age': True, 'remove_outliers': False, 'merge_capital': True, 'downsampling_method': 'random', 'target_freq': 0.9, 'generate_dummies': True, 'remove_duplicates': True}","{'priors': None, 'reg_param': 0.3, 'store_covariance': True, 'tol': 0.001}",0.9344006501293454,0.6901412717766806,0.716086650312092,0.6708711032969982,31.68269991874695
"{'scaling': None, 'imputation': 'mode', 'cat_age': True, 'remove_outliers': False, 'merge_capital': True, 'downsampling_method': 'random', 'target_freq': 0.9, 'generate_dummies': True, 'remove_duplicates': True}","{'priors': None, 'reg_param': 0.3, 'store_covariance': False, 'tol': 0.01}",0.9344006501293454,0.6901412717766806,0.716086650312092,0.6708711032969982,32.65902400016785
"{'scaling': None, 'imputation': 'mode', 'cat_age': True, 'remove_outliers': False, 'merge_capital': True, 'downsampling_method': 'random', 'target_freq': 0.9, 'generate_dummies': True, 'remove_duplicates': True}","{'priors': None, 'reg_param': 0.3, 'store_covariance': False, 'tol': 0.0001}",0.9344006501293454,0.6901412717766806,0.716086650312092,0.6708711032969982,31.53613042831421
"{'scaling': None, 'imputation': 'mode', 'cat_age': True, 'remove_outliers': False, 'merge_capital': True, 'downsampling_method': 'random', 'target_freq': 0.9, 'generate_dummies': True, 'remove_duplicates': True}","{'priors': None, 'reg_param': 0.3, 'store_covariance': False, 'tol': 0.001}",0.9344006501293454,0.6901412717766806,0.716086650312092,0.6708711032969982,30.520631313323975
"{'scaling': None, 'imputation': 'mode', 'cat_age': True, 'remove_outliers': False, 'merge_capital': True, 'downsampling_method': 'random', 'target_freq': 0.9, 'generate_dummies': True, 'remove_duplicates': True}","{'priors': None, 'reg_param': 0.3, 'store_covariance': True, 'tol': 0.0001}",0.9344006501293454,0.6901412717766806,0.716086650312092,0.6708711032969982,29.829720497131348
"{'scaling': None, 'imputation': 'mode', 'cat_age': False, 'remove_outliers': False, 'merge_capital': True, 'downsampling_method': 'random', 'target_freq': 0.9, 'generate_dummies': True, 'remove_duplicates': True}","{'priors': None, 'reg_param': 0.3, 'store_covariance': True, 'tol': 0.0001}",0.932245504937198,0.6828369628133186,0.7052471948066114,0.6657394427976254,31.560604095458984
"{'scaling': None, 'imputation': 'mode', 'cat_age': True, 'remove_outliers': False, 'merge_capital': True, 'downsampling_method': 'random', 'target_freq': 0.75, 'generate_dummies': True, 'remove_duplicates': True}","{'priors': None, 'reg_param': 0.4, 'store_covariance': False, 'tol': 0.01}",0.9295390541017573,0.6821152439613063,0.6952300066034969,0.6710752674027282,9.97250485420227
"{'scaling': None, 'imputation': 'mode', 'cat_age': True, 'remove_outliers': False, 'merge_capital': True, 'downsampling_method': 'random', 'target_freq': 0.75, 'generate_dummies': True, 'remove_duplicates': True}","{'priors': None, 'reg_param': 0.4, 'store_covariance': False, 'tol': 0.001}",0.9295390541017573,0.6821152439613063,0.6952300066034969,0.6710752674027282,9.84253191947937
"{'scaling': None, 'imputation': 'mode', 'cat_age': True, 'remove_outliers': False, 'merge_capital': True, 'downsampling_method': 'random', 'target_freq': 0.75, 'generate_dummies': True, 'remove_duplicates': True}","{'priors': None, 'reg_param': 0.4, 'store_covariance': False, 'tol': 0.0001}",0.9295390541017573,0.6821152439613063,0.6952300066034969,0.6710752674027282,9.825735807418823
"{'scaling': None, 'imputation': 'mode', 'cat_age': False, 'remove_outliers': True, 'merge_capital': True, 'downsampling_method': 'random', 'target_freq': 0.75, 'generate_dummies': True, 'remove_duplicates': True}","{'priors': None, 'reg_param': 0.5, 'store_covariance': False, 'tol': 0.0001}",0.9159423454046373,0.6801099100370132,0.6643258737217492,0.7009070336488996,10.482925415039062
"{'scaling': None, 'imputation': 'mode', 'cat_age': False, 'remove_outliers': True, 'merge_capital': True, 'downsampling_method': 'random', 'target_freq': 0.75, 'generate_dummies': True, 'remove_duplicates': True}","{'priors': None, 'reg_param': 0.5, 'store_covariance': False, 'tol': 0.01}",0.9159423454046373,0.6801099100370132,0.6643258737217492,0.7009070336488996,9.790275573730469
"{'scaling': None, 'imputation': 'mode', 'cat_age': False, 'remove_outliers': True, 'merge_capital': True, 'downsampling_method': 'random', 'target_freq': 0.75, 'generate_dummies': True, 'remove_duplicates': True}","{'priors': None, 'reg_param': 0.5, 'store_covariance': False, 'tol': 0.001}",0.9159423454046373,0.6801099100370132,0.6643258737217492,0.7009070336488996,10.015887022018433
"{'scaling': None, 'imputation': 'mode', 'cat_age': False, 'remove_outliers': True, 'merge_capital': True, 'downsampling_method': 'random', 'target_freq': 0.75, 'generate_dummies': True, 'remove_duplicates': True}","{'priors': None, 'reg_param': 0.5, 'store_covariance': True, 'tol': 0.0001}",0.9159423454046373,0.6801099100370132,0.6643258737217492,0.7009070336488996,10.482789754867554
"{'scaling': None, 'imputation': 'mode', 'cat_age': False, 'remove_outliers': True, 'merge_capital': True, 'downsampling_method': 'random', 'target_freq': 0.75, 'generate_dummies': True, 'remove_duplicates': True}","{'priors': None, 'reg_param': 0.5, 'store_covariance': True, 'tol': 0.01}",0.9159423454046373,0.6801099100370132,0.6643258737217492,0.7009070336488996,10.50262713432312
"{'scaling': None, 'imputation': 'mode', 'cat_age': False, 'remove_outliers': True, 'merge_capital': True, 'downsampling_method': 'random', 'target_freq': 0.75, 'generate_dummies': True, 'remove_duplicates': True}","{'priors': None, 'reg_param': 0.5, 'store_covariance': True, 'tol': 0.001}",0.9159423454046373,0.6801099100370132,0.6643258737217492,0.7009070336488996,10.48160433769226
"{'scaling': None, 'imputation': 'mode', 'cat_age': False, 'remove_outliers': True, 'merge_capital': True, 'downsampling_method': 'random', 'target_freq': 0.75, 'generate_dummies': True, 'remove_duplicates': True}","{'priors': None, 'reg_param': 0.1, 'store_covariance': False, 'tol': 0.001}",0.8465625174945117,0.6637717775456724,0.6315366200317938,0.8560150660905297,11.483344316482544
"{'scaling': None, 'imputation': 'mode', 'cat_age': False, 'remove_outliers': True, 'merge_capital': True, 'downsampling_method': 'random', 'target_freq': 0.75, 'generate_dummies': True, 'remove_duplicates': True}","{'priors': None, 'reg_param': 0.1, 'store_covariance': True, 'tol': 0.01}",0.8465625174945117,0.6637717775456724,0.6315366200317938,0.8560150660905297,10.939107656478882
"{'scaling': None, 'imputation': 'mode', 'cat_age': False, 'remove_outliers': True, 'merge_capital': True, 'downsampling_method': 'random', 'target_freq': 0.75, 'generate_dummies': True, 'remove_duplicates': True}","{'priors': None, 'reg_param': 0.1, 'store_covariance': False, 'tol': 0.0001}",0.8465625174945117,0.6637717775456724,0.6315366200317938,0.8560150660905297,9.564947128295898
"{'scaling': None, 'imputation': 'mode', 'cat_age': False, 'remove_outliers': True, 'merge_capital': True, 'downsampling_method': 'random', 'target_freq': 0.75, 'generate_dummies': True, 'remove_duplicates': True}","{'priors': None, 'reg_param': 0.1, 'store_covariance': True, 'tol': 0.001}",0.8465625174945117,0.6637717775456724,0.6315366200317938,0.8560150660905297,9.597661018371582
"{'scaling': None, 'imputation': 'mode', 'cat_age': False, 'remove_outliers': True, 'merge_capital': True, 'downsampling_method': 'random', 'target_freq': 0.75, 'generate_dummies': True, 'remove_duplicates': True}","{'priors': None, 'reg_param': 0.1, 'store_covariance': True, 'tol': 0.0001}",0.8465625174945117,0.6637717775456724,0.6315366200317938,0.8560150660905297,10.654409646987915
"{'scaling': None, 'imputation': 'mode', 'cat_age': False, 'remove_outliers': True, 'merge_capital': True, 'downsampling_method': 'random', 'target_freq': 0.75, 'generate_dummies': True, 'remove_duplicates': True}","{'priors': None, 'reg_param': 0.1, 'store_covariance': False, 'tol': 0.01}",0.8465625174945117,0.6637717775456724,0.6315366200317938,0.8560150660905297,9.800082921981812
"{'scaling': None, 'imputation': 'mode', 'cat_age': True, 'remove_outliers': False, 'merge_capital': True, 'downsampling_method': 'random', 'target_freq': 0.9, 'generate_dummies': True, 'remove_duplicates': True}","{'priors': None, 'reg_param': 0.4, 'store_covariance': False, 'tol': 0.0001}",0.9310354786782028,0.6600510960543048,0.6935502006122781,0.6382589413303877,32.30377173423767
"{'scaling': None, 'imputation': 'mode', 'cat_age': True, 'remove_outliers': False, 'merge_capital': True, 'downsampling_method': 'random', 'target_freq': 0.9, 'generate_dummies': True, 'remove_duplicates': True}","{'priors': None, 'reg_param': 0.4, 'store_covariance': False, 'tol': 0.01}",0.9310354786782028,0.6600510960543048,0.6935502006122781,0.6382589413303877,31.202329635620117
"{'scaling': None, 'imputation': 'mode', 'cat_age': True, 'remove_outliers': False, 'merge_capital': True, 'downsampling_method': 'random', 'target_freq': 0.9, 'generate_dummies': True, 'remove_duplicates': True}","{'priors': None, 'reg_param': 0.4, 'store_covariance': False, 'tol': 0.001}",0.9310354786782028,0.6600510960543048,0.6935502006122781,0.6382589413303877,31.570440769195557
"{'scaling': None, 'imputation': 'mode', 'cat_age': True, 'remove_outliers': False, 'merge_capital': True, 'downsampling_method': 'random', 'target_freq': 0.9, 'generate_dummies': True, 'remove_duplicates': True}","{'priors': None, 'reg_param': 0.4, 'store_covariance': True, 'tol': 0.01}",0.9310354786782028,0.6600510960543048,0.6935502006122781,0.6382589413303877,30.45655608177185
"{'scaling': None, 'imputation': 'mode', 'cat_age': True, 'remove_outliers': False, 'merge_capital': True, 'downsampling_method': 'random', 'target_freq': 0.9, 'generate_dummies': True, 'remove_duplicates': True}","{'priors': None, 'reg_param': 0.4, 'store_covariance': True, 'tol': 0.001}",0.9310354786782028,0.6600510960543048,0.6935502006122781,0.6382589413303877,30.471779584884644
"{'scaling': None, 'imputation': 'mode', 'cat_age': False, 'remove_outliers': True, 'merge_capital': True, 'downsampling_method': 'random', 'target_freq': 0.75, 'generate_dummies': True, 'remove_duplicates': True}","{'priors': None, 'reg_param': 0.0, 'store_covariance': False, 'tol': 0.0001}",0.8050125307385965,0.5131714817321926,0.5568173767856333,0.5837196896428422,10.398114681243896
"{'scaling': None, 'imputation': 'mode', 'cat_age': False, 'remove_outliers': True, 'merge_capital': True, 'downsampling_method': 'random', 'target_freq': 0.75, 'generate_dummies': True, 'remove_duplicates': True}","{'priors': None, 'reg_param': 0.0, 'store_covariance': True, 'tol': 0.0001}",0.8050125307385965,0.5131714817321926,0.5568173767856333,0.5837196896428422,10.397444486618042
"{'scaling': None, 'imputation': 'mode', 'cat_age': False, 'remove_outliers': True, 'merge_capital': True, 'downsampling_method': 'random', 'target_freq': 0.75, 'generate_dummies': True, 'remove_duplicates': True}","{'priors': None, 'reg_param': 0.0, 'store_covariance': False, 'tol': 0.001}",0.8050125307385965,0.5131714817321926,0.5568173767856333,0.5837196896428422,11.29734754562378
"{'scaling': None, 'imputation': 'mode', 'cat_age': False, 'remove_outliers': True, 'merge_capital': True, 'downsampling_method': 'random', 'target_freq': 0.75, 'generate_dummies': True, 'remove_duplicates': True}","{'priors': None, 'reg_param': 0.0, 'store_covariance': False, 'tol': 0.01}",0.8050125307385965,0.5131714817321926,0.5568173767856333,0.5837196896428422,11.066978693008423
"{'scaling': None, 'imputation': 'mode', 'cat_age': False, 'remove_outliers': True, 'merge_capital': True, 'downsampling_method': 'random', 'target_freq': 0.75, 'generate_dummies': True, 'remove_duplicates': True}","{'priors': None, 'reg_param': 0.0, 'store_covariance': True, 'tol': 0.01}",0.8050125307385965,0.5131714817321926,0.5568173767856333,0.5837196896428422,10.114839315414429
"{'scaling': None, 'imputation': 'mode', 'cat_age': False, 'remove_outliers': True, 'merge_capital': True, 'downsampling_method': 'random', 'target_freq': 0.75, 'generate_dummies': True, 'remove_duplicates': True}","{'priors': None, 'reg_param': 0.0, 'store_covariance': True, 'tol': 0.001}",0.8050125307385965,0.5131714817321926,0.5568173767856333,0.5837196896428422,9.687858819961548
"{'scaling': None, 'imputation': 'mode', 'cat_age': False, 'remove_outliers': True, 'merge_capital': True, 'downsampling_method': 'random', 'target_freq': 0.75, 'generate_dummies': True, 'remove_duplicates': True}","{'priors': None, 'reg_param': 0.0, 'store_covariance': True, 'tol': 0.0001}",0.8050125307385965,0.5131714817321926,0.5568173767856333,0.5837196896428422,9.95812177658081
"{'scaling': None, 'imputation': 'mode', 'cat_age': False, 'remove_outliers': True, 'merge_capital': True, 'downsampling_method': 'random', 'target_freq': 0.85, 'generate_dummies': True, 'remove_duplicates': True}","{'priors': None, 'reg_param': 0.0, 'store_covariance': True, 'tol': 0.0001}",0.8044253485063091,0.4878784521335346,0.5205552767828829,0.5754488956733792,15.19453763961792
"{'scaling': None, 'imputation': 'mode', 'cat_age': False, 'remove_outliers': True, 'merge_capital': True, 'downsampling_method': 'random', 'target_freq': 0.8, 'generate_dummies': True, 'remove_duplicates': True}","{'priors': None, 'reg_param': 0.0, 'store_covariance': True, 'tol': 0.0001}",0.8025781718255132,0.48425265628331493,0.5262194704613457,0.5530260557176723,11.65969467163086
"{'scaling': None, 'imputation': 'mode', 'cat_age': False, 'remove_outliers': True, 'merge_capital': True, 'downsampling_method': 'random', 'target_freq': 0.9, 'generate_dummies': True, 'remove_duplicates': True}","{'priors': None, 'reg_param': 0.0, 'store_covariance': True, 'tol': 0.0001}",0.8084850625663911,0.4736876436859365,0.5106900599236983,0.5457223270469297,28.830864429473877
"{'scaling': None, 'imputation': 'mode', 'cat_age': True, 'remove_outliers': True, 'merge_capital': True, 'downsampling_method': 'random', 'target_freq': 0.75, 'generate_dummies': True, 'remove_duplicates': True}","{'priors': None, 'reg_param': 0.0, 'store_covariance': True, 'tol': 0.0001}",0.6752824035356868,0.47110972370076765,0.5458765335847297,0.5964852708816542,9.713941097259521
"{'scaling': None, 'imputation': 'mode', 'cat_age': True, 'remove_outliers': False, 'merge_capital': True, 'downsampling_method': 'random', 'target_freq': 0.85, 'generate_dummies': True, 'remove_duplicates': True}","{'priors': None, 'reg_param': 0.0, 'store_covariance': True, 'tol': 0.0001}",0.8282323528553175,0.47043861544928955,0.5445539878311213,0.5404152112758768,20.382715463638306
"{'scaling': None, 'imputation': 'mode', 'cat_age': True, 'remove_outliers': False, 'merge_capital': True, 'downsampling_method': 'random', 'target_freq': 0.75, 'generate_dummies': True, 'remove_duplicates': True}","{'priors': None, 'reg_param': 0.0, 'store_covariance': True, 'tol': 0.0001}",0.8309388288099328,0.46933485463555014,0.5446305225876603,0.5405344324103203,9.659985780715942
"{'scaling': None, 'imputation': 'mode', 'cat_age': True, 'remove_outliers': False, 'merge_capital': True, 'downsampling_method': 'random', 'target_freq': 0.8, 'generate_dummies': True, 'remove_duplicates': True}","{'priors': None, 'reg_param': 0.0, 'store_covariance': True, 'tol': 0.0001}",0.8280963135584093,0.46749158622995807,0.543634235642336,0.5392282977484752,12.15382194519043
"{'scaling': None, 'imputation': 'mode', 'cat_age': True, 'remove_outliers': False, 'merge_capital': True, 'downsampling_method': 'random', 'target_freq': 0.9, 'generate_dummies': True, 'remove_duplicates': True}","{'priors': None, 'reg_param': 0.0, 'store_covariance': True, 'tol': 0.0001}",0.8267645572170974,0.4673864267599388,0.5444325909505832,0.5386841845244303,28.038260459899902
"{'scaling': None, 'imputation': 'mode', 'cat_age': True, 'remove_outliers': True, 'merge_capital': True, 'downsampling_method': 'random', 'target_freq': 0.8, 'generate_dummies': True, 'remove_duplicates': True}","{'priors': None, 'reg_param': 0.0, 'store_covariance': True, 'tol': 0.0001}",0.6755258906137208,0.46117377919554176,0.5468414298914269,0.57866339383277,10.800597190856934
"{'scaling': None, 'imputation': 'mode', 'cat_age': True, 'remove_outliers': True, 'merge_capital': True, 'downsampling_method': 'random', 'target_freq': 0.85, 'generate_dummies': True, 'remove_duplicates': True}","{'priors': None, 'reg_param': 0.0, 'store_covariance': True, 'tol': 0.0001}",0.6749888567625756,0.45611365328230047,0.5412189976857104,0.5767971205152096,16.15927791595459
"{'scaling': None, 'imputation': 'mode', 'cat_age': True, 'remove_outliers': True, 'merge_capital': True, 'downsampling_method': 'random', 'target_freq': 0.9, 'generate_dummies': True, 'remove_duplicates': True}","{'priors': None, 'reg_param': 0.0, 'store_covariance': True, 'tol': 0.0001}",0.6711869477099349,0.45362917878594844,0.5330744140890868,0.576883824973421,32.469128131866455
"{'scaling': None, 'imputation': 'mode', 'cat_age': False, 'remove_outliers': False, 'merge_capital': True, 'downsampling_method': 'random', 'target_freq': 0.8, 'generate_dummies': True, 'remove_duplicates': True}","{'priors': None, 'reg_param': 0.0, 'store_covariance': True, 'tol': 0.0001}",0.732979149129542,0.45165481281091074,0.5335023523823186,0.5661231997553174,11.585902214050293
"{'scaling': None, 'imputation': 'mode', 'cat_age': False, 'remove_outliers': False, 'merge_capital': True, 'downsampling_method': 'random', 'target_freq': 0.85, 'generate_dummies': True, 'remove_duplicates': True}","{'priors': None, 'reg_param': 0.0, 'store_covariance': True, 'tol': 0.0001}",0.7288264392721108,0.4477878609506744,0.5300188960777007,0.5638080179446388,13.885367631912231
"{'scaling': None, 'imputation': 'mode', 'cat_age': False, 'remove_outliers': False, 'merge_capital': True, 'downsampling_method': 'random', 'target_freq': 0.9, 'generate_dummies': True, 'remove_duplicates': True}","{'priors': None, 'reg_param': 0.0, 'store_covariance': True, 'tol': 0.0001}",0.7257834653193439,0.44670435466548464,0.5303579175046831,0.5631413600200533,26.95222306251526
"{'scaling': None, 'imputation': 'mode', 'cat_age': False, 'remove_outliers': False, 'merge_capital': True, 'downsampling_method': 'random', 'target_freq': 0.75, 'generate_dummies': True, 'remove_duplicates': True}","{'priors': None, 'reg_param': 0.0, 'store_covariance': True, 'tol': 0.0001}",0.7200414783699391,0.44250747935282836,0.5317582449443339,0.5661318938251885,9.48505187034607
"{'scaling': None, 'imputation': 'mode', 'cat_age': False, 'remove_outliers': True, 'merge_capital': False, 'downsampling_method': 'random', 'target_freq': 0.75, 'generate_dummies': True, 'remove_duplicates': True}","{'priors': None, 'reg_param': 0.0, 'store_covariance': True, 'tol': 0.0001}",0.49818195746041677,0.40098272877335167,0.5425282058829148,0.6478183915472118,9.317028045654297
"{'scaling': None, 'imputation': 'mode', 'cat_age': False, 'remove_outliers': True, 'merge_capital': False, 'downsampling_method': 'random', 'target_freq': 0.8, 'generate_dummies': True, 'remove_duplicates': True}","{'priors': None, 'reg_param': 0.0, 'store_covariance': True, 'tol': 0.0001}",0.49691468280874024,0.3991287728918163,0.5386510076930972,0.6324517013517684,13.05684208869934
"{'scaling': None, 'imputation': 'mode', 'cat_age': False, 'remove_outliers': True, 'merge_capital': False, 'downsampling_method': 'random', 'target_freq': 0.9, 'generate_dummies': True, 'remove_duplicates': True}","{'priors': None, 'reg_param': 0.0, 'store_covariance': True, 'tol': 0.0001}",0.49113623589033234,0.39386263920300124,0.5310093303544572,0.612331747577074,26.621200561523438
"{'scaling': None, 'imputation': 'mode', 'cat_age': False, 'remove_outliers': True, 'merge_capital': False, 'downsampling_method': 'random', 'target_freq': 0.85, 'generate_dummies': True, 'remove_duplicates': True}","{'priors': None, 'reg_param': 0.0, 'store_covariance': True, 'tol': 0.0001}",0.45250090870535775,0.37350887711640945,0.5274001569323759,0.6098143761770605,14.015856981277466
"{'scaling': None, 'imputation': 'mode', 'cat_age': False, 'remove_outliers': False, 'merge_capital': False, 'downsampling_method': 'random', 'target_freq': 0.75, 'generate_dummies': True, 'remove_duplicates': True}","{'priors': None, 'reg_param': 0.0, 'store_covariance': True, 'tol': 0.0001}",0.4382241570582428,0.3717190319772411,0.5391915499405084,0.655849938171363,12.6660475730896
"{'scaling': None, 'imputation': 'mode', 'cat_age': False, 'remove_outliers': False, 'merge_capital': False, 'downsampling_method': 'random', 'target_freq': 0.8, 'generate_dummies': True, 'remove_duplicates': True}","{'priors': None, 'reg_param': 0.0, 'store_covariance': True, 'tol': 0.0001}",0.4304842947860096,0.36568965191413577,0.5359347740269941,0.6426658275815257,12.628191471099854
"{'scaling': None, 'imputation': 'mode', 'cat_age': True, 'remove_outliers': False, 'merge_capital': False, 'downsampling_method': 'random', 'target_freq': 0.75, 'generate_dummies': True, 'remove_duplicates': True}","{'priors': None, 'reg_param': 0.0, 'store_covariance': True, 'tol': 0.0001}",0.4231523745702798,0.3651476502384058,0.544207737454008,0.6734073210904935,9.582727193832397
"{'scaling': None, 'imputation': 'mode', 'cat_age': True, 'remove_outliers': False, 'merge_capital': False, 'downsampling_method': 'random', 'target_freq': 0.85, 'generate_dummies': True, 'remove_duplicates': True}","{'priors': None, 'reg_param': 0.0, 'store_covariance': True, 'tol': 0.0001}",0.41578483305838987,0.3604482628582768,0.544312402882725,0.6721889071363273,15.16256833076477
"{'scaling': None, 'imputation': 'mode', 'cat_age': True, 'remove_outliers': False, 'merge_capital': False, 'downsampling_method': 'random', 'target_freq': 0.8, 'generate_dummies': True, 'remove_duplicates': True}","{'priors': None, 'reg_param': 0.0, 'store_covariance': True, 'tol': 0.0001}",0.4156201837907962,0.3603210518365404,0.5442672308861956,0.6720047890130572,11.180290699005127
"{'scaling': None, 'imputation': 'mode', 'cat_age': True, 'remove_outliers': False, 'merge_capital': False, 'downsampling_method': 'random', 'target_freq': 0.9, 'generate_dummies': True, 'remove_duplicates': True}","{'priors': None, 'reg_param': 0.0, 'store_covariance': True, 'tol': 0.0001}",0.4096774154356522,0.35625734811253534,0.5437826489115573,0.6688318330830038,30.03163766860962
"{'scaling': None, 'imputation': 'mode', 'cat_age': True, 'remove_outliers': True, 'merge_capital': False, 'downsampling_method': 'random', 'target_freq': 0.75, 'generate_dummies': True, 'remove_duplicates': True}","{'priors': None, 'reg_param': 0.0, 'store_covariance': True, 'tol': 0.0001}",0.4076297029018626,0.3556965342816144,0.5457681797916191,0.6755793451894236,9.297080755233765
"{'scaling': None, 'imputation': 'mode', 'cat_age': True, 'remove_outliers': True, 'merge_capital': False, 'downsampling_method': 'random', 'target_freq': 0.8, 'generate_dummies': True, 'remove_duplicates': True}","{'priors': None, 'reg_param': 0.0, 'store_covariance': True, 'tol': 0.0001}",0.4030115191074216,0.3524609011552452,0.5452772125521202,0.6726424660112794,11.445690870285034
"{'scaling': None, 'imputation': 'mode', 'cat_age': True, 'remove_outliers': True, 'merge_capital': False, 'downsampling_method': 'random', 'target_freq': 0.85, 'generate_dummies': True, 'remove_duplicates': True}","{'priors': None, 'reg_param': 0.0, 'store_covariance': True, 'tol': 0.0001}",0.4017155622033536,0.35153286449569743,0.5450878168591717,0.6716339450597715,17.146109580993652
"{'scaling': None, 'imputation': 'mode', 'cat_age': True, 'remove_outliers': True, 'merge_capital': False, 'downsampling_method': 'random', 'target_freq': 0.9, 'generate_dummies': True, 'remove_duplicates': True}","{'priors': None, 'reg_param': 0.0, 'store_covariance': True, 'tol': 0.0001}",0.39862248780093057,0.34918025978979117,0.5443007116342997,0.6680020430374703,24.703245401382446
"{'scaling': None, 'imputation': 'mode', 'cat_age': False, 'remove_outliers': False, 'merge_capital': False, 'downsampling_method': 'random', 'target_freq': 0.85, 'generate_dummies': True, 'remove_duplicates': True}","{'priors': None, 'reg_param': 0.0, 'store_covariance': True, 'tol': 0.0001}",0.40482296760740716,0.3479899279102752,0.5347431142741078,0.6317621279832857,14.976936101913452
"{'scaling': None, 'imputation': 'mode', 'cat_age': False, 'remove_outliers': False, 'merge_capital': False, 'downsampling_method': 'random', 'target_freq': 0.9, 'generate_dummies': True, 'remove_duplicates': True}","{'priors': None, 'reg_param': 0.0, 'store_covariance': True, 'tol': 0.0001}",0.39056028833695383,0.34079484403939453,0.5378921542795262,0.6418391707930827,24.533896923065186
