prep_param,model_param,accuracy,f1_macro,precision_macro,recall_macro,tex
"{'scaling': 'standard', 'imputation': 'mode', 'cat_age': True, 'remove_outliers': False, 'merge_capital': False, 'downsampling_method': 'random', 'target_freq': 0.8, 'generate_dummies': True, 'remove_duplicates': True}","{'penalty': 'l2', 'C': 0.1, 'class_weight': None, 'intercept_scaling': 1, 'max_iter': 1000, 'random_state': 42, 'solver': 'newton-cg'}",0.9449830327794639,0.7748222081609301,0.7661589897849173,0.7843671542192853,35.96029305458069
"{'scaling': 'standard', 'imputation': 'mode', 'cat_age': True, 'remove_outliers': False, 'merge_capital': False, 'downsampling_method': 'random', 'target_freq': 0.8, 'generate_dummies': True, 'remove_duplicates': True}","{'penalty': 'l2', 'C': 0.1, 'class_weight': None, 'intercept_scaling': 10, 'max_iter': 1000, 'random_state': 42, 'solver': 'newton-cg'}",0.9449830327794639,0.7748222081609301,0.7661589897849173,0.7843671542192853,35.129658937454224
"{'scaling': 'standard', 'imputation': 'mode', 'cat_age': True, 'remove_outliers': False, 'merge_capital': False, 'downsampling_method': 'random', 'target_freq': 0.8, 'generate_dummies': True, 'remove_duplicates': True}","{'penalty': 'l2', 'C': 0.1, 'class_weight': None, 'intercept_scaling': 0.1, 'max_iter': 1000, 'random_state': 42, 'solver': 'newton-cg'}",0.9449830327794639,0.7748222081609301,0.7661589897849173,0.7843671542192853,34.525028228759766
"{'scaling': 'standard', 'imputation': 'mode', 'cat_age': True, 'remove_outliers': False, 'merge_capital': False, 'downsampling_method': 'random', 'target_freq': 0.8, 'generate_dummies': True, 'remove_duplicates': True}","{'penalty': 'l1', 'C': 0.1, 'class_weight': None, 'intercept_scaling': 0.1, 'max_iter': 1000, 'random_state': 42, 'solver': 'saga'}",0.9453338730572429,0.7741022096162374,0.7678126935209733,0.7808936837759639,313.16726756095886
"{'scaling': 'standard', 'imputation': 'mode', 'cat_age': True, 'remove_outliers': False, 'merge_capital': False, 'downsampling_method': 'random', 'target_freq': 0.8, 'generate_dummies': True, 'remove_duplicates': True}","{'penalty': 'l1', 'C': 0.1, 'class_weight': None, 'intercept_scaling': 10, 'max_iter': 1000, 'random_state': 42, 'solver': 'saga'}",0.9453338730572429,0.7741022096162374,0.7678126935209733,0.7808936837759639,293.65032172203064
"{'scaling': 'standard', 'imputation': 'mode', 'cat_age': True, 'remove_outliers': False, 'merge_capital': False, 'downsampling_method': 'random', 'target_freq': 0.8, 'generate_dummies': True, 'remove_duplicates': True}","{'penalty': 'l1', 'C': 0.1, 'class_weight': None, 'intercept_scaling': 1, 'max_iter': 1000, 'random_state': 42, 'solver': 'saga'}",0.9453338730572429,0.7741022096162374,0.7678126935209733,0.7808936837759639,292.9679560661316
"{'scaling': 'standard', 'imputation': 'mode', 'cat_age': True, 'remove_outliers': False, 'merge_capital': False, 'downsampling_method': 'random', 'target_freq': 0.8, 'generate_dummies': True, 'remove_duplicates': True}","{'penalty': 'l1', 'C': 1, 'class_weight': None, 'intercept_scaling': 10, 'max_iter': 1000, 'random_state': 42, 'solver': 'saga'}",0.9440164423348815,0.7733938653024713,0.7621100181228607,0.7860755107159502,310.9081528186798
"{'scaling': 'standard', 'imputation': 'mode', 'cat_age': True, 'remove_outliers': False, 'merge_capital': False, 'downsampling_method': 'random', 'target_freq': 0.8, 'generate_dummies': True, 'remove_duplicates': True}","{'penalty': 'l1', 'C': 1, 'class_weight': None, 'intercept_scaling': 1, 'max_iter': 1000, 'random_state': 42, 'solver': 'saga'}",0.9440164423348815,0.7733938653024713,0.7621100181228607,0.7860755107159502,308.74937081336975
"{'scaling': 'standard', 'imputation': 'mode', 'cat_age': True, 'remove_outliers': False, 'merge_capital': False, 'downsampling_method': 'random', 'target_freq': 0.8, 'generate_dummies': True, 'remove_duplicates': True}","{'penalty': 'l1', 'C': 1, 'class_weight': None, 'intercept_scaling': 0.1, 'max_iter': 1000, 'random_state': 42, 'solver': 'saga'}",0.9440164423348815,0.7733938653024713,0.7621100181228607,0.7860755107159502,318.8193242549896
"{'scaling': 'standard', 'imputation': 'mode', 'cat_age': False, 'remove_outliers': False, 'merge_capital': False, 'downsampling_method': 'random', 'target_freq': 0.8, 'generate_dummies': True, 'remove_duplicates': True}","{'penalty': 'l2', 'C': 0.1, 'class_weight': None, 'intercept_scaling': 0.1, 'max_iter': 1000, 'random_state': 42, 'solver': 'newton-cg'}",0.9426059322554681,0.7729693218826615,0.7565487111643876,0.7923716941002384,33.33800196647644
"{'scaling': 'standard', 'imputation': 'mode', 'cat_age': True, 'remove_outliers': False, 'merge_capital': False, 'downsampling_method': 'random', 'target_freq': 0.8, 'generate_dummies': True, 'remove_duplicates': True}","{'penalty': 'l1', 'C': 10, 'class_weight': None, 'intercept_scaling': 1, 'max_iter': 1000, 'random_state': 42, 'solver': 'saga'}",0.9435940031826148,0.7726022556463958,0.7604026872098792,0.7864287121431759,310.8066897392273
"{'scaling': 'standard', 'imputation': 'mode', 'cat_age': True, 'remove_outliers': False, 'merge_capital': False, 'downsampling_method': 'random', 'target_freq': 0.8, 'generate_dummies': True, 'remove_duplicates': True}","{'penalty': 'l1', 'C': 10, 'class_weight': None, 'intercept_scaling': 10, 'max_iter': 1000, 'random_state': 42, 'solver': 'saga'}",0.9435940031826148,0.7726022556463958,0.7604026872098792,0.7864287121431759,309.95346903800964
"{'scaling': 'standard', 'imputation': 'mode', 'cat_age': True, 'remove_outliers': False, 'merge_capital': False, 'downsampling_method': 'random', 'target_freq': 0.8, 'generate_dummies': True, 'remove_duplicates': True}","{'penalty': 'l1', 'C': 10, 'class_weight': None, 'intercept_scaling': 0.1, 'max_iter': 1000, 'random_state': 42, 'solver': 'saga'}",0.9435940031826148,0.7726022556463958,0.7604026872098792,0.7864287121431759,317.49494075775146
"{'scaling': 'standard', 'imputation': 'mode', 'cat_age': True, 'remove_outliers': False, 'merge_capital': False, 'downsampling_method': 'random', 'target_freq': 0.8, 'generate_dummies': True, 'remove_duplicates': True}","{'penalty': 'l2', 'C': 1, 'class_weight': None, 'intercept_scaling': 1, 'max_iter': 1000, 'random_state': 42, 'solver': 'newton-cg'}",0.9436870822833485,0.7725345371268061,0.7607834695108348,0.7857886265646057,61.920050382614136
"{'scaling': 'standard', 'imputation': 'mode', 'cat_age': True, 'remove_outliers': False, 'merge_capital': False, 'downsampling_method': 'random', 'target_freq': 0.8, 'generate_dummies': True, 'remove_duplicates': True}","{'penalty': 'l2', 'C': 1, 'class_weight': None, 'intercept_scaling': 10, 'max_iter': 1000, 'random_state': 42, 'solver': 'newton-cg'}",0.9436870822833485,0.7725345371268061,0.7607834695108348,0.7857886265646057,61.84310793876648
"{'scaling': 'standard', 'imputation': 'mode', 'cat_age': True, 'remove_outliers': False, 'merge_capital': False, 'downsampling_method': 'random', 'target_freq': 0.8, 'generate_dummies': True, 'remove_duplicates': True}","{'penalty': 'l2', 'C': 1, 'class_weight': None, 'intercept_scaling': 0.1, 'max_iter': 1000, 'random_state': 42, 'solver': 'newton-cg'}",0.9436870822833485,0.7725345371268061,0.7607834695108348,0.7857886265646057,61.88110041618347
"{'scaling': 'standard', 'imputation': 'mode', 'cat_age': False, 'remove_outliers': False, 'merge_capital': False, 'downsampling_method': 'random', 'target_freq': 0.8, 'generate_dummies': True, 'remove_duplicates': True}","{'penalty': 'l1', 'C': 0.1, 'class_weight': None, 'intercept_scaling': 0.1, 'max_iter': 1000, 'random_state': 42, 'solver': 'saga'}",0.9430784864675228,0.7724483303790011,0.7583466896679856,0.7886994261040853,283.6919996738434
"{'scaling': 'standard', 'imputation': 'mode', 'cat_age': True, 'remove_outliers': False, 'merge_capital': False, 'downsampling_method': 'random', 'target_freq': 0.8, 'generate_dummies': True, 'remove_duplicates': True}","{'penalty': 'l2', 'C': 10, 'class_weight': None, 'intercept_scaling': 1, 'max_iter': 1000, 'random_state': 42, 'solver': 'newton-cg'}",0.9433076069157096,0.7718599871310776,0.7592953323114514,0.7861709408509772,154.00978016853333
"{'scaling': 'standard', 'imputation': 'mode', 'cat_age': True, 'remove_outliers': False, 'merge_capital': False, 'downsampling_method': 'random', 'target_freq': 0.8, 'generate_dummies': True, 'remove_duplicates': True}","{'penalty': 'l2', 'C': 10, 'class_weight': None, 'intercept_scaling': 10, 'max_iter': 1000, 'random_state': 42, 'solver': 'newton-cg'}",0.9433076069157096,0.7718599871310776,0.7592953323114514,0.7861709408509772,153.85954189300537
"{'scaling': 'standard', 'imputation': 'mode', 'cat_age': True, 'remove_outliers': False, 'merge_capital': False, 'downsampling_method': 'random', 'target_freq': 0.8, 'generate_dummies': True, 'remove_duplicates': True}","{'penalty': 'l2', 'C': 10, 'class_weight': None, 'intercept_scaling': 0.1, 'max_iter': 1000, 'random_state': 42, 'solver': 'newton-cg'}",0.9433076069157096,0.7718599871310776,0.7592953323114514,0.7861709408509772,153.79203391075134
"{'scaling': 'standard', 'imputation': 'mode', 'cat_age': False, 'remove_outliers': False, 'merge_capital': False, 'downsampling_method': 'random', 'target_freq': 0.85, 'generate_dummies': True, 'remove_duplicates': True}","{'penalty': 'l2', 'C': 0.1, 'class_weight': None, 'intercept_scaling': 0.1, 'max_iter': 1000, 'random_state': 42, 'solver': 'newton-cg'}",0.9485272024420984,0.7718091545993732,0.7854450224544743,0.7597043882029919,45.561997413635254
"{'scaling': 'standard', 'imputation': 'mode', 'cat_age': False, 'remove_outliers': False, 'merge_capital': False, 'downsampling_method': 'random', 'target_freq': 0.85, 'generate_dummies': True, 'remove_duplicates': True}","{'penalty': 'l1', 'C': 0.1, 'class_weight': None, 'intercept_scaling': 0.1, 'max_iter': 1000, 'random_state': 42, 'solver': 'saga'}",0.9488207597242522,0.771437883842341,0.7874904851600222,0.7574842824865945,376.01900267601013
"{'scaling': 'minmax', 'imputation': 'mode', 'cat_age': True, 'remove_outliers': False, 'merge_capital': False, 'downsampling_method': 'random', 'target_freq': 0.8, 'generate_dummies': True, 'remove_duplicates': True}","{'penalty': 'l1', 'C': 0.1, 'class_weight': None, 'intercept_scaling': 0.1, 'max_iter': 1000, 'random_state': 42, 'solver': 'saga'}",0.944668001935335,0.7711610616292093,0.7651371687282198,0.7776646982890438,26.830000162124634
"{'scaling': 'standard', 'imputation': 'mode', 'cat_age': True, 'remove_outliers': True, 'merge_capital': False, 'downsampling_method': 'random', 'target_freq': 0.8, 'generate_dummies': True, 'remove_duplicates': True}","{'penalty': 'l2', 'C': 0.1, 'class_weight': None, 'intercept_scaling': 0.1, 'max_iter': 1000, 'random_state': 42, 'solver': 'newton-cg'}",0.9450116691509146,0.7707748427470779,0.7666955601926375,0.7750929615802659,35.02499961853027
"{'scaling': 'standard', 'imputation': 'mode', 'cat_age': True, 'remove_outliers': False, 'merge_capital': False, 'downsampling_method': 'random', 'target_freq': 0.85, 'generate_dummies': True, 'remove_duplicates': True}","{'penalty': 'l2', 'C': 0.1, 'class_weight': None, 'intercept_scaling': 0.1, 'max_iter': 1000, 'random_state': 42, 'solver': 'newton-cg'}",0.9498374754813469,0.7703888151598183,0.7948843396497534,0.7503829852667586,48.14800000190735
"{'scaling': 'standard', 'imputation': 'mode', 'cat_age': True, 'remove_outliers': False, 'merge_capital': False, 'downsampling_method': 'random', 'target_freq': 0.75, 'generate_dummies': True, 'remove_duplicates': True}","{'penalty': 'l2', 'C': 0.1, 'class_weight': None, 'intercept_scaling': 0.1, 'max_iter': 1000, 'random_state': 42, 'solver': 'newton-cg'}",0.9379090159973282,0.7702788954964758,0.741357071530714,0.8100942788374119,26.67899751663208
"{'scaling': 'standard', 'imputation': 'mode', 'cat_age': True, 'remove_outliers': True, 'merge_capital': False, 'downsampling_method': 'random', 'target_freq': 0.8, 'generate_dummies': True, 'remove_duplicates': True}","{'penalty': 'l1', 'C': 0.1, 'class_weight': None, 'intercept_scaling': 0.1, 'max_iter': 1000, 'random_state': 42, 'solver': 'saga'}",0.9452837521021384,0.7700981581005532,0.7680847136601043,0.7722161979247485,210.4076633453369
"{'scaling': 'standard', 'imputation': 'mode', 'cat_age': True, 'remove_outliers': False, 'merge_capital': False, 'downsampling_method': 'random', 'target_freq': 0.85, 'generate_dummies': True, 'remove_duplicates': True}","{'penalty': 'l1', 'C': 0.1, 'class_weight': None, 'intercept_scaling': 0.1, 'max_iter': 1000, 'random_state': 42, 'solver': 'saga'}",0.9500952320446661,0.76977872843858,0.7970941304874009,0.7479316439997122,395.0862514972687
"{'scaling': 'standard', 'imputation': 'mode', 'cat_age': True, 'remove_outliers': False, 'merge_capital': True, 'downsampling_method': 'random', 'target_freq': 0.8, 'generate_dummies': True, 'remove_duplicates': True}","{'penalty': 'l2', 'C': 0.1, 'class_weight': None, 'intercept_scaling': 0.1, 'max_iter': 1000, 'random_state': 42, 'solver': 'newton-cg'}",0.9433863678307182,0.7696488739242069,0.7596986988484831,0.7806862948444324,32.35099983215332
"{'scaling': 'standard', 'imputation': 'mode', 'cat_age': False, 'remove_outliers': True, 'merge_capital': False, 'downsampling_method': 'random', 'target_freq': 0.8, 'generate_dummies': True, 'remove_duplicates': True}","{'penalty': 'l2', 'C': 0.1, 'class_weight': None, 'intercept_scaling': 0.1, 'max_iter': 1000, 'random_state': 42, 'solver': 'newton-cg'}",0.943128608960536,0.7696203236567527,0.758618738558553,0.781942409025088,32.460999965667725
"{'scaling': 'standard', 'imputation': 'mode', 'cat_age': False, 'remove_outliers': True, 'merge_capital': False, 'downsampling_method': 'random', 'target_freq': 0.8, 'generate_dummies': True, 'remove_duplicates': True}","{'penalty': 'l1', 'C': 0.1, 'class_weight': None, 'intercept_scaling': 0.1, 'max_iter': 1000, 'random_state': 42, 'solver': 'saga'}",0.9436512833587409,0.7693781278236216,0.760786298091867,0.7787685301887152,275.9139997959137
"{'scaling': 'standard', 'imputation': 'mode', 'cat_age': True, 'remove_outliers': False, 'merge_capital': False, 'downsampling_method': 'random', 'target_freq': 0.75, 'generate_dummies': True, 'remove_duplicates': True}","{'penalty': 'l1', 'C': 0.1, 'class_weight': None, 'intercept_scaling': 0.1, 'max_iter': 1000, 'random_state': 42, 'solver': 'saga'}",0.9384316886013065,0.7692915724469245,0.7426661379031219,0.8049075685824707,235.0866243839264
"{'scaling': 'minmax', 'imputation': 'mode', 'cat_age': False, 'remove_outliers': False, 'merge_capital': False, 'downsampling_method': 'random', 'target_freq': 0.8, 'generate_dummies': True, 'remove_duplicates': True}","{'penalty': 'l1', 'C': 0.1, 'class_weight': None, 'intercept_scaling': 0.1, 'max_iter': 1000, 'random_state': 42, 'solver': 'saga'}",0.9422980580691795,0.7691243463067323,0.7553821223028756,0.7849219876083049,32.609782218933105
"{'scaling': 'standard', 'imputation': 'mode', 'cat_age': True, 'remove_outliers': False, 'merge_capital': True, 'downsampling_method': 'random', 'target_freq': 0.8, 'generate_dummies': True, 'remove_duplicates': True}","{'penalty': 'l1', 'C': 0.1, 'class_weight': None, 'intercept_scaling': 0.1, 'max_iter': 1000, 'random_state': 42, 'solver': 'saga'}",0.9439090468426491,0.7691218197587767,0.7619748803202435,0.7768847292157955,292.3156638145447
"{'scaling': 'minmax', 'imputation': 'mode', 'cat_age': False, 'remove_outliers': False, 'merge_capital': False, 'downsampling_method': 'random', 'target_freq': 0.85, 'generate_dummies': True, 'remove_duplicates': True}","{'penalty': 'l1', 'C': 0.1, 'class_weight': None, 'intercept_scaling': 0.1, 'max_iter': 1000, 'random_state': 42, 'solver': 'saga'}",0.9485844844124512,0.7689587430024858,0.7869028374928797,0.7535824337790549,35.78208017349243
"{'scaling': 'minmax', 'imputation': 'mode', 'cat_age': True, 'remove_outliers': True, 'merge_capital': False, 'downsampling_method': 'random', 'target_freq': 0.8, 'generate_dummies': True, 'remove_duplicates': True}","{'penalty': 'l1', 'C': 0.1, 'class_weight': None, 'intercept_scaling': 0.1, 'max_iter': 1000, 'random_state': 42, 'solver': 'saga'}",0.9450761175191962,0.7688546044459762,0.7672488756828485,0.7705581339553443,26.898999214172363
"{'scaling': 'minmax', 'imputation': 'mode', 'cat_age': False, 'remove_outliers': True, 'merge_capital': False, 'downsampling_method': 'random', 'target_freq': 0.8, 'generate_dummies': True, 'remove_duplicates': True}","{'penalty': 'l1', 'C': 0.1, 'class_weight': None, 'intercept_scaling': 0.1, 'max_iter': 1000, 'random_state': 42, 'solver': 'saga'}",0.9434293326406182,0.7679363642763718,0.7599327010748139,0.7766728833413379,25.571000576019287
"{'scaling': 'minmax', 'imputation': 'mode', 'cat_age': True, 'remove_outliers': False, 'merge_capital': False, 'downsampling_method': 'random', 'target_freq': 0.85, 'generate_dummies': True, 'remove_duplicates': True}","{'penalty': 'l1', 'C': 0.1, 'class_weight': None, 'intercept_scaling': 0.1, 'max_iter': 1000, 'random_state': 42, 'solver': 'saga'}",0.9499448714862154,0.7679247983474822,0.7969059810458676,0.7450457937464428,38.271000146865845
"{'scaling': 'minmax', 'imputation': 'mode', 'cat_age': True, 'remove_outliers': False, 'merge_capital': True, 'downsampling_method': 'random', 'target_freq': 0.8, 'generate_dummies': True, 'remove_duplicates': True}","{'penalty': 'l1', 'C': 0.1, 'class_weight': None, 'intercept_scaling': 0.1, 'max_iter': 1000, 'random_state': 42, 'solver': 'saga'}",0.9436584507819422,0.7673069982455958,0.7610205018076479,0.7740879575904553,27.078999757766724
"{'scaling': 'standard', 'imputation': 'mode', 'cat_age': False, 'remove_outliers': False, 'merge_capital': True, 'downsampling_method': 'random', 'target_freq': 0.8, 'generate_dummies': True, 'remove_duplicates': True}","{'penalty': 'l1', 'C': 0.1, 'class_weight': None, 'intercept_scaling': 0.1, 'max_iter': 1000, 'random_state': 42, 'solver': 'saga'}",0.9412097442065515,0.766622001428084,0.751350040384694,0.7845055080060064,283.455997467041
"{'scaling': 'standard', 'imputation': 'mode', 'cat_age': False, 'remove_outliers': False, 'merge_capital': True, 'downsampling_method': 'random', 'target_freq': 0.85, 'generate_dummies': True, 'remove_duplicates': True}","{'penalty': 'l1', 'C': 0.1, 'class_weight': None, 'intercept_scaling': 0.1, 'max_iter': 1000, 'random_state': 42, 'solver': 'saga'}",0.9477467686610751,0.7665634518692135,0.7824502882482731,0.7527580467200545,375.44799995422363
"{'scaling': 'standard', 'imputation': 'mode', 'cat_age': True, 'remove_outliers': True, 'merge_capital': False, 'downsampling_method': 'random', 'target_freq': 0.75, 'generate_dummies': True, 'remove_duplicates': True}","{'penalty': 'l1', 'C': 0.1, 'class_weight': None, 'intercept_scaling': 0.1, 'max_iter': 1000, 'random_state': 42, 'solver': 'saga'}",0.9384030517172197,0.7664774981458228,0.7421430231499576,0.7981581594172257,158.35777854919434
"{'scaling': 'standard', 'imputation': 'mode', 'cat_age': True, 'remove_outliers': True, 'merge_capital': True, 'downsampling_method': 'random', 'target_freq': 0.8, 'generate_dummies': True, 'remove_duplicates': True}","{'penalty': 'l1', 'C': 0.1, 'class_weight': None, 'intercept_scaling': 0.1, 'max_iter': 1000, 'random_state': 42, 'solver': 'saga'}",0.9438947209673806,0.7663335841473796,0.7620481997668775,0.7708227600972737,211.22416591644287
"{'scaling': 'standard', 'imputation': 'mode', 'cat_age': True, 'remove_outliers': False, 'merge_capital': True, 'downsampling_method': 'random', 'target_freq': 0.85, 'generate_dummies': True, 'remove_duplicates': True}","{'penalty': 'l1', 'C': 0.1, 'class_weight': None, 'intercept_scaling': 0.1, 'max_iter': 1000, 'random_state': 42, 'solver': 'saga'}",0.9493291174746405,0.7662844064611821,0.7931847258598222,0.7447583370629272,399.28150725364685
"{'scaling': 'minmax', 'imputation': 'mode', 'cat_age': True, 'remove_outliers': True, 'merge_capital': False, 'downsampling_method': 'random', 'target_freq': 0.75, 'generate_dummies': True, 'remove_duplicates': True}","{'penalty': 'l1', 'C': 0.1, 'class_weight': None, 'intercept_scaling': 0.1, 'max_iter': 1000, 'random_state': 42, 'solver': 'saga'}",0.9383099736417583,0.7660118134303592,0.7417869255870873,0.7975128599515426,22.51799988746643
"{'scaling': 'minmax', 'imputation': 'mode', 'cat_age': True, 'remove_outliers': False, 'merge_capital': False, 'downsampling_method': 'random', 'target_freq': 0.75, 'generate_dummies': True, 'remove_duplicates': True}","{'penalty': 'l1', 'C': 0.1, 'class_weight': None, 'intercept_scaling': 0.1, 'max_iter': 1000, 'random_state': 42, 'solver': 'saga'}",0.9373863405738507,0.7659954247612738,0.739187258571474,0.8020572799666811,23.77199935913086
"{'scaling': 'standard', 'imputation': 'mode', 'cat_age': False, 'remove_outliers': True, 'merge_capital': False, 'downsampling_method': 'random', 'target_freq': 0.85, 'generate_dummies': True, 'remove_duplicates': True}","{'penalty': 'l1', 'C': 0.1, 'class_weight': None, 'intercept_scaling': 0.1, 'max_iter': 1000, 'random_state': 42, 'solver': 'saga'}",0.9489997563978351,0.7653011576031314,0.7911976003010702,0.7444312336485872,365.5670008659363
"{'scaling': 'standard', 'imputation': 'mode', 'cat_age': False, 'remove_outliers': False, 'merge_capital': False, 'downsampling_method': 'random', 'target_freq': 0.75, 'generate_dummies': True, 'remove_duplicates': True}","{'penalty': 'l1', 'C': 0.1, 'class_weight': None, 'intercept_scaling': 0.1, 'max_iter': 1000, 'random_state': 42, 'solver': 'saga'}",0.934873196908175,0.7650847674240684,0.7326585285790221,0.8123526463726536,224.70899963378906
"{'scaling': 'minmax', 'imputation': 'mode', 'cat_age': False, 'remove_outliers': True, 'merge_capital': False, 'downsampling_method': 'random', 'target_freq': 0.85, 'generate_dummies': True, 'remove_duplicates': True}","{'penalty': 'l1', 'C': 0.1, 'class_weight': None, 'intercept_scaling': 0.1, 'max_iter': 1000, 'random_state': 42, 'solver': 'saga'}",0.9489496374932754,0.7647886871542343,0.7910875459075573,0.7437170417066884,30.99699854850769
"{'scaling': 'minmax', 'imputation': 'mode', 'cat_age': False, 'remove_outliers': False, 'merge_capital': True, 'downsampling_method': 'random', 'target_freq': 0.8, 'generate_dummies': True, 'remove_duplicates': True}","{'penalty': 'l1', 'C': 0.1, 'class_weight': None, 'intercept_scaling': 0.1, 'max_iter': 1000, 'random_state': 42, 'solver': 'saga'}",0.9410522267339421,0.7645864780231286,0.7506768209046202,0.7806465457845243,28.188997745513916
"{'scaling': 'minmax', 'imputation': 'mode', 'cat_age': True, 'remove_outliers': True, 'merge_capital': True, 'downsampling_method': 'random', 'target_freq': 0.75, 'generate_dummies': True, 'remove_duplicates': True}","{'penalty': 'l1', 'C': 0.1, 'class_weight': None, 'intercept_scaling': 0.1, 'max_iter': 1000, 'random_state': 42, 'solver': 'saga'}",0.9444388804618757,0.7643871026033586,0.7647985944498149,0.7641480589377746,22.407000064849854
"{'scaling': 'standard', 'imputation': 'mode', 'cat_age': False, 'remove_outliers': True, 'merge_capital': True, 'downsampling_method': 'random', 'target_freq': 0.8, 'generate_dummies': True, 'remove_duplicates': True}","{'penalty': 'l1', 'C': 0.1, 'class_weight': None, 'intercept_scaling': 0.1, 'max_iter': 1000, 'random_state': 42, 'solver': 'saga'}",0.941682302519696,0.7643491899358374,0.7529968764379598,0.7771222139279599,274.60600066185
"{'scaling': 'standard', 'imputation': 'mode', 'cat_age': True, 'remove_outliers': False, 'merge_capital': True, 'downsampling_method': 'random', 'target_freq': 0.75, 'generate_dummies': True, 'remove_duplicates': True}","{'penalty': 'l1', 'C': 0.1, 'class_weight': None, 'intercept_scaling': 0.1, 'max_iter': 1000, 'random_state': 42, 'solver': 'saga'}",0.936498499509962,0.7643129243385854,0.7365199811242665,0.8022727527567544,182.19498705863953
"{'scaling': 'standard', 'imputation': 'mode', 'cat_age': True, 'remove_outliers': True, 'merge_capital': False, 'downsampling_method': 'random', 'target_freq': 0.85, 'generate_dummies': True, 'remove_duplicates': True}","{'penalty': 'l1', 'C': 0.1, 'class_weight': None, 'intercept_scaling': 0.1, 'max_iter': 1000, 'random_state': 42, 'solver': 'saga'}",0.9501596619580441,0.7639124256451122,0.8006223010276259,0.7364132947604232,379.0415885448456
"{'scaling': 'standard', 'imputation': 'mode', 'cat_age': False, 'remove_outliers': True, 'merge_capital': False, 'downsampling_method': 'random', 'target_freq': 0.75, 'generate_dummies': True, 'remove_duplicates': True}","{'penalty': 'l1', 'C': 0.1, 'class_weight': None, 'intercept_scaling': 0.1, 'max_iter': 1000, 'random_state': 42, 'solver': 'saga'}",0.9358899147158148,0.7638678574421696,0.7348817826208127,0.8041926681074306,219.58900046348572
"{'scaling': 'minmax', 'imputation': 'mode', 'cat_age': True, 'remove_outliers': True, 'merge_capital': False, 'downsampling_method': 'random', 'target_freq': 0.8, 'generate_dummies': True, 'remove_duplicates': True}","{'penalty': 'l2', 'C': 0.1, 'class_weight': None, 'intercept_scaling': 0.1, 'max_iter': 1000, 'random_state': 42, 'solver': 'newton-cg'}",0.9428565275472206,0.7636742311628679,0.7576796496328145,0.7700642367604285,28.80099654197693
"{'scaling': 'minmax', 'imputation': 'mode', 'cat_age': True, 'remove_outliers': True, 'merge_capital': False, 'downsampling_method': 'random', 'target_freq': 0.85, 'generate_dummies': True, 'remove_duplicates': True}","{'penalty': 'l1', 'C': 0.1, 'class_weight': None, 'intercept_scaling': 0.1, 'max_iter': 1000, 'random_state': 42, 'solver': 'saga'}",0.9500665843952187,0.7631876884800566,0.8002739844345692,0.7355135689153022,31.621000051498413
"{'scaling': 'minmax', 'imputation': 'mode', 'cat_age': False, 'remove_outliers': True, 'merge_capital': True, 'downsampling_method': 'random', 'target_freq': 0.75, 'generate_dummies': True, 'remove_duplicates': True}","{'penalty': 'l1', 'C': 0.1, 'class_weight': None, 'intercept_scaling': 0.1, 'max_iter': 1000, 'random_state': 42, 'solver': 'saga'}",0.9425773012666976,0.7630851595453683,0.7566544648699972,0.7702674729447822,22.44100046157837
"{'scaling': 'minmax', 'imputation': 'mode', 'cat_age': False, 'remove_outliers': False, 'merge_capital': True, 'downsampling_method': 'random', 'target_freq': 0.85, 'generate_dummies': True, 'remove_duplicates': True}","{'penalty': 'l1', 'C': 0.1, 'class_weight': None, 'intercept_scaling': 0.1, 'max_iter': 1000, 'random_state': 42, 'solver': 'saga'}",0.9474317283331761,0.7630569168358283,0.7815892656487705,0.7472911390200488,32.739999532699585
"{'scaling': 'minmax', 'imputation': 'mode', 'cat_age': True, 'remove_outliers': False, 'merge_capital': True, 'downsampling_method': 'random', 'target_freq': 0.85, 'generate_dummies': True, 'remove_duplicates': True}","{'penalty': 'l1', 'C': 0.1, 'class_weight': None, 'intercept_scaling': 0.1, 'max_iter': 1000, 'random_state': 42, 'solver': 'saga'}",0.9490283994335563,0.7630305210500172,0.792478264520396,0.7399282437400009,32.23300004005432
"{'scaling': 'minmax', 'imputation': 'mode', 'cat_age': True, 'remove_outliers': False, 'merge_capital': False, 'downsampling_method': 'random', 'target_freq': 0.8, 'generate_dummies': True, 'remove_duplicates': True}","{'penalty': 'l2', 'C': 0.1, 'class_weight': None, 'intercept_scaling': 0.1, 'max_iter': 1000, 'random_state': 42, 'solver': 'newton-cg'}",0.9418254979618084,0.7629285671990947,0.7535631189005205,0.7732892808144162,31.206000328063965
"{'scaling': 'minmax', 'imputation': 'mode', 'cat_age': False, 'remove_outliers': True, 'merge_capital': False, 'downsampling_method': 'random', 'target_freq': 0.75, 'generate_dummies': True, 'remove_duplicates': True}","{'penalty': 'l1', 'C': 0.1, 'class_weight': None, 'intercept_scaling': 0.1, 'max_iter': 1000, 'random_state': 42, 'solver': 'saga'}",0.9357109221433214,0.762901641687951,0.7342430331478681,0.8027142808347525,22.224998474121094
"{'scaling': 'standard', 'imputation': 'mode', 'cat_age': False, 'remove_outliers': True, 'merge_capital': True, 'downsampling_method': 'random', 'target_freq': 0.85, 'generate_dummies': True, 'remove_duplicates': True}","{'penalty': 'l1', 'C': 0.1, 'class_weight': None, 'intercept_scaling': 0.1, 'max_iter': 1000, 'random_state': 42, 'solver': 'saga'}",0.9481119253303527,0.7627447615350708,0.7861692707724297,0.7435818467572634,369.15200686454773
"{'scaling': 'minmax', 'imputation': 'mode', 'cat_age': False, 'remove_outliers': True, 'merge_capital': False, 'downsampling_method': 'random', 'target_freq': 0.8, 'generate_dummies': True, 'remove_duplicates': True}","{'penalty': 'l2', 'C': 0.1, 'class_weight': None, 'intercept_scaling': 0.1, 'max_iter': 1000, 'random_state': 42, 'solver': 'newton-cg'}",0.9410021065477918,0.762379754097806,0.7503644500554684,0.7760354079542369,30.340999841690063
"{'scaling': 'standard', 'imputation': 'mode', 'cat_age': True, 'remove_outliers': True, 'merge_capital': True, 'downsampling_method': 'random', 'target_freq': 0.75, 'generate_dummies': True, 'remove_duplicates': True}","{'penalty': 'l1', 'C': 0.1, 'class_weight': None, 'intercept_scaling': 0.1, 'max_iter': 1000, 'random_state': 42, 'solver': 'saga'}",0.9363839447967081,0.7616936510991353,0.7356918557322378,0.796476674593451,227.00087571144104
"{'scaling': 'minmax', 'imputation': 'mode', 'cat_age': False, 'remove_outliers': False, 'merge_capital': False, 'downsampling_method': 'random', 'target_freq': 0.8, 'generate_dummies': True, 'remove_duplicates': True}","{'penalty': 'l2', 'C': 0.1, 'class_weight': None, 'intercept_scaling': 0.1, 'max_iter': 1000, 'random_state': 42, 'solver': 'newton-cg'}",0.9396273923171687,0.761652001091657,0.745447964079432,0.7808713498449718,29.869999885559082
"{'scaling': 'minmax', 'imputation': 'mode', 'cat_age': True, 'remove_outliers': False, 'merge_capital': True, 'downsampling_method': 'random', 'target_freq': 0.75, 'generate_dummies': True, 'remove_duplicates': True}","{'penalty': 'l1', 'C': 0.1, 'class_weight': None, 'intercept_scaling': 0.1, 'max_iter': 1000, 'random_state': 42, 'solver': 'saga'}",0.9358612629652778,0.7615742114030242,0.7343149607369499,0.7987003800175909,23.765999794006348
"{'scaling': 'minmax', 'imputation': 'mode', 'cat_age': True, 'remove_outliers': False, 'merge_capital': True, 'downsampling_method': 'random', 'target_freq': 0.8, 'generate_dummies': True, 'remove_duplicates': True}","{'penalty': 'l2', 'C': 0.1, 'class_weight': None, 'intercept_scaling': 0.1, 'max_iter': 1000, 'random_state': 42, 'solver': 'newton-cg'}",0.9413028210004223,0.7610740721029184,0.7515040198936495,0.7716752957970178,30.806002140045166
"{'scaling': 'minmax', 'imputation': 'mode', 'cat_age': False, 'remove_outliers': False, 'merge_capital': False, 'downsampling_method': 'random', 'target_freq': 0.75, 'generate_dummies': True, 'remove_duplicates': True}","{'penalty': 'l1', 'C': 0.1, 'class_weight': None, 'intercept_scaling': 0.1, 'max_iter': 1000, 'random_state': 42, 'solver': 'saga'}",0.9337419302825978,0.7610475953221846,0.7290689140771153,0.8077094442634649,25.971770763397217
"{'scaling': 'minmax', 'imputation': 'mode', 'cat_age': False, 'remove_outliers': True, 'merge_capital': True, 'downsampling_method': 'random', 'target_freq': 0.8, 'generate_dummies': True, 'remove_duplicates': True}","{'penalty': 'l1', 'C': 0.1, 'class_weight': None, 'intercept_scaling': 0.1, 'max_iter': 1000, 'random_state': 42, 'solver': 'saga'}",0.9477539283947328,0.7609960852554217,0.7843871949963998,0.7420000401413969,25.430999279022217
"{'scaling': 'standard', 'imputation': 'mode', 'cat_age': True, 'remove_outliers': True, 'merge_capital': True, 'downsampling_method': 'random', 'target_freq': 0.85, 'generate_dummies': True, 'remove_duplicates': True}","{'penalty': 'l1', 'C': 0.1, 'class_weight': None, 'intercept_scaling': 0.1, 'max_iter': 1000, 'random_state': 42, 'solver': 'saga'}",0.9491501136241502,0.7607603500397567,0.7943917586561526,0.735120968129986,379.07867336273193
"{'scaling': 'standard', 'imputation': 'mode', 'cat_age': False, 'remove_outliers': False, 'merge_capital': True, 'downsampling_method': 'random', 'target_freq': 0.75, 'generate_dummies': True, 'remove_duplicates': True}","{'penalty': 'l1', 'C': 0.1, 'class_weight': None, 'intercept_scaling': 0.1, 'max_iter': 1000, 'random_state': 42, 'solver': 'saga'}",0.9330688832789912,0.7604180741593011,0.7274254013103694,0.8093624049777055,223.46000027656555
"{'scaling': 'minmax', 'imputation': 'mode', 'cat_age': False, 'remove_outliers': False, 'merge_capital': False, 'downsampling_method': 'random', 'target_freq': 0.85, 'generate_dummies': True, 'remove_duplicates': True}","{'penalty': 'l2', 'C': 0.1, 'class_weight': None, 'intercept_scaling': 0.1, 'max_iter': 1000, 'random_state': 42, 'solver': 'newton-cg'}",0.9464508171396873,0.7601487595111226,0.776410878740486,0.7460828414364968,41.56900095939636
"{'scaling': 'standard', 'imputation': 'mode', 'cat_age': False, 'remove_outliers': True, 'merge_capital': True, 'downsampling_method': 'random', 'target_freq': 0.75, 'generate_dummies': True, 'remove_duplicates': True}","{'penalty': 'l1', 'C': 0.1, 'class_weight': None, 'intercept_scaling': 0.1, 'max_iter': 1000, 'random_state': 42, 'solver': 'saga'}",0.934021164252664,0.7598829103884261,0.7294546344202684,0.8034047614422765,218.44899725914001
"{'scaling': 'minmax', 'imputation': 'mode', 'cat_age': True, 'remove_outliers': True, 'merge_capital': True, 'downsampling_method': 'random', 'target_freq': 0.8, 'generate_dummies': True, 'remove_duplicates': True}","{'penalty': 'l1', 'C': 0.1, 'class_weight': None, 'intercept_scaling': 0.1, 'max_iter': 1000, 'random_state': 42, 'solver': 'saga'}",0.9487634774975809,0.7596826785535425,0.7919671624841079,0.7349482253027781,26.835000038146973
"{'scaling': 'minmax', 'imputation': 'mode', 'cat_age': True, 'remove_outliers': False, 'merge_capital': False, 'downsampling_method': 'random', 'target_freq': 0.85, 'generate_dummies': True, 'remove_duplicates': True}","{'penalty': 'l2', 'C': 0.1, 'class_weight': None, 'intercept_scaling': 0.1, 'max_iter': 1000, 'random_state': 42, 'solver': 'newton-cg'}",0.9476250483188465,0.7580942038739479,0.7845704448827527,0.7369651994634921,44.6879997253418
"{'scaling': 'minmax', 'imputation': 'mode', 'cat_age': False, 'remove_outliers': False, 'merge_capital': True, 'downsampling_method': 'random', 'target_freq': 0.75, 'generate_dummies': True, 'remove_duplicates': True}","{'penalty': 'l1', 'C': 0.1, 'class_weight': None, 'intercept_scaling': 0.1, 'max_iter': 1000, 'random_state': 42, 'solver': 'saga'}",0.9323385722472992,0.757097366452579,0.7249579443448211,0.8045122371616122,24.604616165161133
"{'scaling': 'minmax', 'imputation': 'mode', 'cat_age': False, 'remove_outliers': True, 'merge_capital': True, 'downsampling_method': 'random', 'target_freq': 0.85, 'generate_dummies': True, 'remove_duplicates': True}","{'penalty': 'l1', 'C': 0.1, 'class_weight': None, 'intercept_scaling': 0.1, 'max_iter': 1000, 'random_state': 42, 'solver': 'saga'}",0.9505462985972498,0.7480233199992499,0.8150422218426753,0.7073537568975803,30.98400068283081
"{'scaling': 'minmax', 'imputation': 'mode', 'cat_age': True, 'remove_outliers': True, 'merge_capital': True, 'downsampling_method': 'random', 'target_freq': 0.85, 'generate_dummies': True, 'remove_duplicates': True}","{'penalty': 'l1', 'C': 0.1, 'class_weight': None, 'intercept_scaling': 0.1, 'max_iter': 1000, 'random_state': 42, 'solver': 'saga'}",0.9506894927577717,0.7404860457482878,0.822882303943693,0.6950703277966366,31.53999972343445
"{'scaling': 'standard', 'imputation': 'mode', 'cat_age': True, 'remove_outliers': False, 'merge_capital': False, 'downsampling_method': 'random', 'target_freq': 0.8, 'generate_dummies': True, 'remove_duplicates': True}","{'penalty': 'l2', 'C': 0.1, 'class_weight': 'balanced', 'intercept_scaling': 0.1, 'max_iter': 1000, 'random_state': 42, 'solver': 'newton-cg'}",0.8803574151447823,0.7032569229765684,0.6584836758968654,0.868750886212289,33.9583694934845
"{'scaling': 'standard', 'imputation': 'mode', 'cat_age': True, 'remove_outliers': False, 'merge_capital': False, 'downsampling_method': 'random', 'target_freq': 0.8, 'generate_dummies': True, 'remove_duplicates': True}","{'penalty': 'l2', 'C': 0.1, 'class_weight': 'balanced', 'intercept_scaling': 1, 'max_iter': 1000, 'random_state': 42, 'solver': 'newton-cg'}",0.8803574151447823,0.7032569229765684,0.6584836758968654,0.868750886212289,33.84743881225586
"{'scaling': 'standard', 'imputation': 'mode', 'cat_age': True, 'remove_outliers': False, 'merge_capital': False, 'downsampling_method': 'random', 'target_freq': 0.8, 'generate_dummies': True, 'remove_duplicates': True}","{'penalty': 'l2', 'C': 0.1, 'class_weight': 'balanced', 'intercept_scaling': 10, 'max_iter': 1000, 'random_state': 42, 'solver': 'newton-cg'}",0.8803574151447823,0.7032569229765684,0.6584836758968654,0.868750886212289,33.71984243392944
"{'scaling': 'standard', 'imputation': 'mode', 'cat_age': True, 'remove_outliers': False, 'merge_capital': False, 'downsampling_method': 'random', 'target_freq': 0.8, 'generate_dummies': True, 'remove_duplicates': True}","{'penalty': 'l1', 'C': 1, 'class_weight': 'balanced', 'intercept_scaling': 1, 'max_iter': 1000, 'random_state': 42, 'solver': 'saga'}",0.8802213740536475,0.7029573331330551,0.6582718920376266,0.8682524987479198,312.7532124519348
"{'scaling': 'standard', 'imputation': 'mode', 'cat_age': True, 'remove_outliers': False, 'merge_capital': False, 'downsampling_method': 'random', 'target_freq': 0.8, 'generate_dummies': True, 'remove_duplicates': True}","{'penalty': 'l1', 'C': 1, 'class_weight': 'balanced', 'intercept_scaling': 10, 'max_iter': 1000, 'random_state': 42, 'solver': 'saga'}",0.8802213740536475,0.7029573331330551,0.6582718920376266,0.8682524987479198,314.9561870098114
"{'scaling': 'standard', 'imputation': 'mode', 'cat_age': True, 'remove_outliers': False, 'merge_capital': False, 'downsampling_method': 'random', 'target_freq': 0.8, 'generate_dummies': True, 'remove_duplicates': True}","{'penalty': 'l1', 'C': 1, 'class_weight': 'balanced', 'intercept_scaling': 0.1, 'max_iter': 1000, 'random_state': 42, 'solver': 'saga'}",0.8802213740536475,0.7029573331330551,0.6582718920376266,0.8682524987479198,312.6125044822693
"{'scaling': 'standard', 'imputation': 'mode', 'cat_age': True, 'remove_outliers': False, 'merge_capital': False, 'downsampling_method': 'random', 'target_freq': 0.8, 'generate_dummies': True, 'remove_duplicates': True}","{'penalty': 'l1', 'C': 0.1, 'class_weight': 'balanced', 'intercept_scaling': 0.1, 'max_iter': 1000, 'random_state': 42, 'solver': 'saga'}",0.8800781763046721,0.7027822400361792,0.6581286857164621,0.8682851750133231,268.8459053039551
"{'scaling': 'standard', 'imputation': 'mode', 'cat_age': True, 'remove_outliers': False, 'merge_capital': False, 'downsampling_method': 'random', 'target_freq': 0.8, 'generate_dummies': True, 'remove_duplicates': True}","{'penalty': 'l1', 'C': 0.1, 'class_weight': 'balanced', 'intercept_scaling': 10, 'max_iter': 1000, 'random_state': 42, 'solver': 'saga'}",0.8800781763046721,0.7027822400361792,0.6581286857164621,0.8682851750133231,270.6657884120941
"{'scaling': 'standard', 'imputation': 'mode', 'cat_age': True, 'remove_outliers': False, 'merge_capital': False, 'downsampling_method': 'random', 'target_freq': 0.8, 'generate_dummies': True, 'remove_duplicates': True}","{'penalty': 'l1', 'C': 0.1, 'class_weight': 'balanced', 'intercept_scaling': 1, 'max_iter': 1000, 'random_state': 42, 'solver': 'saga'}",0.8800781763046721,0.7027822400361792,0.6581286857164621,0.8682851750133231,271.9893720149994
"{'scaling': 'standard', 'imputation': 'mode', 'cat_age': True, 'remove_outliers': False, 'merge_capital': False, 'downsampling_method': 'random', 'target_freq': 0.8, 'generate_dummies': True, 'remove_duplicates': True}","{'penalty': 'l2', 'C': 1, 'class_weight': 'balanced', 'intercept_scaling': 0.1, 'max_iter': 1000, 'random_state': 42, 'solver': 'newton-cg'}",0.8800423766111102,0.7025233467154248,0.6579548444469009,0.8675214660589845,61.994815826416016
"{'scaling': 'standard', 'imputation': 'mode', 'cat_age': True, 'remove_outliers': False, 'merge_capital': False, 'downsampling_method': 'random', 'target_freq': 0.8, 'generate_dummies': True, 'remove_duplicates': True}","{'penalty': 'l2', 'C': 1, 'class_weight': 'balanced', 'intercept_scaling': 1, 'max_iter': 1000, 'random_state': 42, 'solver': 'newton-cg'}",0.8800423766111102,0.7025233467154248,0.6579548444469009,0.8675214660589845,62.288278102874756
"{'scaling': 'standard', 'imputation': 'mode', 'cat_age': True, 'remove_outliers': False, 'merge_capital': False, 'downsampling_method': 'random', 'target_freq': 0.8, 'generate_dummies': True, 'remove_duplicates': True}","{'penalty': 'l2', 'C': 1, 'class_weight': 'balanced', 'intercept_scaling': 10, 'max_iter': 1000, 'random_state': 42, 'solver': 'newton-cg'}",0.8800423766111102,0.7025233467154248,0.6579548444469009,0.8675214660589845,62.24821925163269
"{'scaling': 'standard', 'imputation': 'mode', 'cat_age': True, 'remove_outliers': False, 'merge_capital': False, 'downsampling_method': 'random', 'target_freq': 0.8, 'generate_dummies': True, 'remove_duplicates': True}","{'penalty': 'l1', 'C': 10, 'class_weight': 'balanced', 'intercept_scaling': 10, 'max_iter': 1000, 'random_state': 42, 'solver': 'saga'}",0.8799922564249598,0.702405805134263,0.6578681736685994,0.8673360200775436,309.7105360031128
"{'scaling': 'standard', 'imputation': 'mode', 'cat_age': True, 'remove_outliers': False, 'merge_capital': False, 'downsampling_method': 'random', 'target_freq': 0.8, 'generate_dummies': True, 'remove_duplicates': True}","{'penalty': 'l1', 'C': 10, 'class_weight': 'balanced', 'intercept_scaling': 0.1, 'max_iter': 1000, 'random_state': 42, 'solver': 'saga'}",0.8799922564249598,0.702405805134263,0.6578681736685994,0.8673360200775436,311.8201689720154
"{'scaling': 'standard', 'imputation': 'mode', 'cat_age': True, 'remove_outliers': False, 'merge_capital': False, 'downsampling_method': 'random', 'target_freq': 0.8, 'generate_dummies': True, 'remove_duplicates': True}","{'penalty': 'l1', 'C': 10, 'class_weight': 'balanced', 'intercept_scaling': 1, 'max_iter': 1000, 'random_state': 42, 'solver': 'saga'}",0.8799922564249598,0.702405805134263,0.6578681736685994,0.8673360200775436,311.62906432151794
"{'scaling': 'standard', 'imputation': 'mode', 'cat_age': True, 'remove_outliers': False, 'merge_capital': False, 'downsampling_method': 'random', 'target_freq': 0.8, 'generate_dummies': True, 'remove_duplicates': True}","{'penalty': 'l2', 'C': 10, 'class_weight': 'balanced', 'intercept_scaling': 10, 'max_iter': 1000, 'random_state': 42, 'solver': 'newton-cg'}",0.8797488177910479,0.7019345731196541,0.6575205992455813,0.8667276784015584,206.05279278755188
"{'scaling': 'standard', 'imputation': 'mode', 'cat_age': True, 'remove_outliers': False, 'merge_capital': False, 'downsampling_method': 'random', 'target_freq': 0.8, 'generate_dummies': True, 'remove_duplicates': True}","{'penalty': 'l2', 'C': 10, 'class_weight': 'balanced', 'intercept_scaling': 1, 'max_iter': 1000, 'random_state': 42, 'solver': 'newton-cg'}",0.8797488177910479,0.7019345731196541,0.6575205992455813,0.8667276784015584,206.4275257587433
"{'scaling': 'standard', 'imputation': 'mode', 'cat_age': True, 'remove_outliers': False, 'merge_capital': False, 'downsampling_method': 'random', 'target_freq': 0.8, 'generate_dummies': True, 'remove_duplicates': True}","{'penalty': 'l2', 'C': 10, 'class_weight': 'balanced', 'intercept_scaling': 0.1, 'max_iter': 1000, 'random_state': 42, 'solver': 'newton-cg'}",0.8797488177910479,0.7019345731196541,0.6575205992455813,0.8667276784015584,206.19070768356323
"{'scaling': None, 'imputation': 'mode', 'cat_age': False, 'remove_outliers': True, 'merge_capital': False, 'downsampling_method': 'random', 'target_freq': 0.75, 'generate_dummies': True, 'remove_duplicates': True}","{'penalty': 'l1', 'C': 0.1, 'class_weight': None, 'intercept_scaling': 0.1, 'max_iter': 1000, 'random_state': 42, 'solver': 'saga'}",0.9303910788114071,0.6634266411748563,0.6918972716148989,0.6437515156814605,247.60681295394897
"{'scaling': None, 'imputation': 'mode', 'cat_age': False, 'remove_outliers': False, 'merge_capital': False, 'downsampling_method': 'random', 'target_freq': 0.75, 'generate_dummies': True, 'remove_duplicates': True}","{'penalty': 'l1', 'C': 0.1, 'class_weight': None, 'intercept_scaling': 0.1, 'max_iter': 1000, 'random_state': 42, 'solver': 'saga'}",0.9304626794801216,0.6619420175105535,0.6916736109105612,0.641675862275239,250.91411757469177
"{'scaling': None, 'imputation': 'mode', 'cat_age': False, 'remove_outliers': True, 'merge_capital': False, 'downsampling_method': 'random', 'target_freq': 0.8, 'generate_dummies': True, 'remove_duplicates': True}","{'penalty': 'l1', 'C': 0.1, 'class_weight': None, 'intercept_scaling': 0.1, 'max_iter': 1000, 'random_state': 42, 'solver': 'saga'}",0.9351595990703967,0.6573977875583272,0.7138104967151827,0.6276373225367152,310.4559488296509
"{'scaling': None, 'imputation': 'mode', 'cat_age': False, 'remove_outliers': False, 'merge_capital': False, 'downsampling_method': 'random', 'target_freq': 0.8, 'generate_dummies': True, 'remove_duplicates': True}","{'penalty': 'l1', 'C': 0.1, 'class_weight': None, 'intercept_scaling': 0.1, 'max_iter': 1000, 'random_state': 42, 'solver': 'saga'}",0.9359543538566447,0.6555677871128863,0.7188920083014343,0.624212391475786,316.7701315879822
"{'scaling': None, 'imputation': 'mode', 'cat_age': False, 'remove_outliers': True, 'merge_capital': True, 'downsampling_method': 'random', 'target_freq': 0.75, 'generate_dummies': True, 'remove_duplicates': True}","{'penalty': 'l1', 'C': 0.1, 'class_weight': None, 'intercept_scaling': 0.1, 'max_iter': 1000, 'random_state': 42, 'solver': 'saga'}",0.9371572229451631,0.6431367186127843,0.7266466120320273,0.6091438618043631,248.55754137039185
"{'scaling': None, 'imputation': 'mode', 'cat_age': False, 'remove_outliers': False, 'merge_capital': True, 'downsampling_method': 'random', 'target_freq': 0.75, 'generate_dummies': True, 'remove_duplicates': True}","{'penalty': 'l1', 'C': 0.1, 'class_weight': None, 'intercept_scaling': 0.1, 'max_iter': 1000, 'random_state': 42, 'solver': 'saga'}",0.9379734538565675,0.6414740535180545,0.7342706838828108,0.6063022609621245,251.85274744033813
"{'scaling': None, 'imputation': 'mode', 'cat_age': False, 'remove_outliers': True, 'merge_capital': False, 'downsampling_method': 'random', 'target_freq': 0.85, 'generate_dummies': True, 'remove_duplicates': True}","{'penalty': 'l1', 'C': 0.1, 'class_weight': None, 'intercept_scaling': 0.1, 'max_iter': 1000, 'random_state': 42, 'solver': 'saga'}",0.9390546010649489,0.640388837668121,0.7450123667140129,0.6037067601016834,418.8127739429474
"{'scaling': None, 'imputation': 'mode', 'cat_age': False, 'remove_outliers': True, 'merge_capital': True, 'downsampling_method': 'random', 'target_freq': 0.8, 'generate_dummies': True, 'remove_duplicates': True}","{'penalty': 'l1', 'C': 0.1, 'class_weight': None, 'intercept_scaling': 0.1, 'max_iter': 1000, 'random_state': 42, 'solver': 'saga'}",0.9401930361389997,0.6367680741433676,0.7594103831354,0.5987417664177761,314.16962790489197
"{'scaling': None, 'imputation': 'mode', 'cat_age': True, 'remove_outliers': True, 'merge_capital': False, 'downsampling_method': 'random', 'target_freq': 0.75, 'generate_dummies': True, 'remove_duplicates': True}","{'penalty': 'l1', 'C': 0.1, 'class_weight': None, 'intercept_scaling': 0.1, 'max_iter': 1000, 'random_state': 42, 'solver': 'saga'}",0.9098492187979055,0.6304175341364734,0.6265881654875018,0.6347580506327037,286.89961671829224
"{'scaling': None, 'imputation': 'mode', 'cat_age': False, 'remove_outliers': False, 'merge_capital': True, 'downsampling_method': 'random', 'target_freq': 0.8, 'generate_dummies': True, 'remove_duplicates': True}","{'penalty': 'l1', 'C': 0.1, 'class_weight': None, 'intercept_scaling': 0.1, 'max_iter': 1000, 'random_state': 42, 'solver': 'saga'}",0.9409448279095741,0.6292092238333519,0.7735663904564543,0.5910919664507052,319.1726791858673
"{'scaling': None, 'imputation': 'mode', 'cat_age': True, 'remove_outliers': False, 'merge_capital': False, 'downsampling_method': 'random', 'target_freq': 0.75, 'generate_dummies': True, 'remove_duplicates': True}","{'penalty': 'l1', 'C': 0.1, 'class_weight': None, 'intercept_scaling': 0.1, 'max_iter': 1000, 'random_state': 42, 'solver': 'saga'}",0.9082597048680018,0.6287008057754122,0.6233958327395727,0.6347579042666937,276.7284607887268
"{'scaling': None, 'imputation': 'mode', 'cat_age': False, 'remove_outliers': False, 'merge_capital': False, 'downsampling_method': 'random', 'target_freq': 0.85, 'generate_dummies': True, 'remove_duplicates': True}","{'penalty': 'l1', 'C': 0.1, 'class_weight': None, 'intercept_scaling': 0.1, 'max_iter': 1000, 'random_state': 42, 'solver': 'saga'}",0.9394770335529449,0.6267864706531915,0.7531781081623571,0.5907310085883477,424.3892343044281
"{'scaling': None, 'imputation': 'mode', 'cat_age': True, 'remove_outliers': False, 'merge_capital': False, 'downsampling_method': 'random', 'target_freq': 0.8, 'generate_dummies': True, 'remove_duplicates': True}","{'penalty': 'l1', 'C': 0.1, 'class_weight': None, 'intercept_scaling': 0.1, 'max_iter': 1000, 'random_state': 42, 'solver': 'saga'}",0.9165151099997739,0.6258054294877122,0.6337836469147005,0.6191113027016568,365.9503724575043
"{'scaling': None, 'imputation': 'mode', 'cat_age': True, 'remove_outliers': True, 'merge_capital': False, 'downsampling_method': 'random', 'target_freq': 0.8, 'generate_dummies': True, 'remove_duplicates': True}","{'penalty': 'l1', 'C': 0.1, 'class_weight': None, 'intercept_scaling': 0.1, 'max_iter': 1000, 'random_state': 42, 'solver': 'saga'}",0.9181833876641852,0.6228712739021163,0.6353265116569518,0.6133679030753306,365.22118282318115
"{'scaling': None, 'imputation': 'mode', 'cat_age': False, 'remove_outliers': True, 'merge_capital': True, 'downsampling_method': 'random', 'target_freq': 0.85, 'generate_dummies': True, 'remove_duplicates': True}","{'penalty': 'l1', 'C': 0.1, 'class_weight': None, 'intercept_scaling': 0.1, 'max_iter': 1000, 'random_state': 42, 'solver': 'saga'}",0.9418541386906668,0.62155660673361,0.7950393450261736,0.5835678333650505,423.7887833118439
"{'scaling': None, 'imputation': 'mode', 'cat_age': False, 'remove_outliers': False, 'merge_capital': True, 'downsampling_method': 'random', 'target_freq': 0.85, 'generate_dummies': True, 'remove_duplicates': True}","{'penalty': 'l1', 'C': 0.1, 'class_weight': None, 'intercept_scaling': 0.1, 'max_iter': 1000, 'random_state': 42, 'solver': 'saga'}",0.9420689337762213,0.611991191632938,0.8097249629289422,0.5757840678467944,435.8492319583893
"{'scaling': None, 'imputation': 'mode', 'cat_age': True, 'remove_outliers': True, 'merge_capital': True, 'downsampling_method': 'random', 'target_freq': 0.75, 'generate_dummies': True, 'remove_duplicates': True}","{'penalty': 'l1', 'C': 0.1, 'class_weight': None, 'intercept_scaling': 0.1, 'max_iter': 1000, 'random_state': 42, 'solver': 'saga'}",0.9174459069024289,0.6101762094258245,0.6253980029199371,0.5992147884192992,288.2021942138672
"{'scaling': None, 'imputation': 'mode', 'cat_age': True, 'remove_outliers': False, 'merge_capital': True, 'downsampling_method': 'random', 'target_freq': 0.75, 'generate_dummies': True, 'remove_duplicates': True}","{'penalty': 'l1', 'C': 0.1, 'class_weight': None, 'intercept_scaling': 0.1, 'max_iter': 1000, 'random_state': 42, 'solver': 'saga'}",0.9155914784697752,0.6086540852898406,0.6205669371078752,0.5995413908808838,286.0602629184723
"{'scaling': None, 'imputation': 'mode', 'cat_age': True, 'remove_outliers': True, 'merge_capital': True, 'downsampling_method': 'random', 'target_freq': 0.8, 'generate_dummies': True, 'remove_duplicates': True}","{'penalty': 'l1', 'C': 0.1, 'class_weight': None, 'intercept_scaling': 0.1, 'max_iter': 1000, 'random_state': 42, 'solver': 'saga'}",0.9212621549025615,0.607003056816356,0.6322827266188644,0.5916557854075222,362.4056205749512
"{'scaling': None, 'imputation': 'mode', 'cat_age': True, 'remove_outliers': False, 'merge_capital': True, 'downsampling_method': 'random', 'target_freq': 0.8, 'generate_dummies': True, 'remove_duplicates': True}","{'penalty': 'l1', 'C': 0.1, 'class_weight': None, 'intercept_scaling': 0.1, 'max_iter': 1000, 'random_state': 42, 'solver': 'saga'}",0.9203098752104791,0.6028773452420144,0.6268178185936999,0.588300833163018,360.1429133415222
"{'scaling': None, 'imputation': 'mode', 'cat_age': True, 'remove_outliers': True, 'merge_capital': False, 'downsampling_method': 'random', 'target_freq': 0.85, 'generate_dummies': True, 'remove_duplicates': True}","{'penalty': 'l1', 'C': 0.1, 'class_weight': None, 'intercept_scaling': 0.1, 'max_iter': 1000, 'random_state': 42, 'solver': 'saga'}",0.9223361462220565,0.5941750412660388,0.6262567155506302,0.577691904018672,486.6443603038788
"{'scaling': None, 'imputation': 'mode', 'cat_age': True, 'remove_outliers': True, 'merge_capital': True, 'downsampling_method': 'random', 'target_freq': 0.85, 'generate_dummies': True, 'remove_duplicates': True}","{'penalty': 'l1', 'C': 0.1, 'class_weight': None, 'intercept_scaling': 0.1, 'max_iter': 1000, 'random_state': 42, 'solver': 'saga'}",0.9248922398311821,0.587867381526242,0.6303084863707861,0.5697535941998544,461.88324666023254
"{'scaling': None, 'imputation': 'mode', 'cat_age': True, 'remove_outliers': False, 'merge_capital': False, 'downsampling_method': 'random', 'target_freq': 0.85, 'generate_dummies': True, 'remove_duplicates': True}","{'penalty': 'l1', 'C': 0.1, 'class_weight': None, 'intercept_scaling': 0.1, 'max_iter': 1000, 'random_state': 42, 'solver': 'saga'}",0.9210616718510976,0.5871124089595853,0.6171209206136006,0.5718932014585477,468.92151403427124
"{'scaling': None, 'imputation': 'mode', 'cat_age': True, 'remove_outliers': False, 'merge_capital': True, 'downsampling_method': 'random', 'target_freq': 0.85, 'generate_dummies': True, 'remove_duplicates': True}","{'penalty': 'l1', 'C': 0.1, 'class_weight': None, 'intercept_scaling': 0.1, 'max_iter': 1000, 'random_state': 42, 'solver': 'saga'}",0.9235461704305072,0.5832227473741068,0.621731392119347,0.5665265507950413,474.79687666893005
