prep_param,model_param,accuracy,f1_macro,precision_macro,recall_macro,tex
"{'scaling': None, 'imputation': 'mode', 'cat_age': False, 'remove_outliers': True, 'merge_capital': True, 'downsampling_method': 'random', 'target_freq': 0.85, 'generate_dummies': True, 'remove_duplicates': True}","{'n_estimators': 75, 'max_depth': None, 'learning_rate': 0.3, 'reg_lambda': 0.4, 'reg_alpha': 0.3, 'random_state': 42, 'verbosity': 0}",0.9521358084260635,0.7955805523222608,0.7982479691922518,0.793190067085199,59.512590169906616
"{'scaling': None, 'imputation': 'mode', 'cat_age': False, 'remove_outliers': True, 'merge_capital': False, 'downsampling_method': 'random', 'target_freq': 0.85, 'generate_dummies': True, 'remove_duplicates': True}","{'n_estimators': 75, 'max_depth': None, 'learning_rate': 0.3, 'reg_lambda': 0.4, 'reg_alpha': 0.3, 'random_state': 42, 'verbosity': 0}",0.9521358084260635,0.7955805523222608,0.7982479691922518,0.793190067085199,59.41654658317566
"{'scaling': None, 'imputation': 'mode', 'cat_age': False, 'remove_outliers': True, 'merge_capital': False, 'downsampling_method': 'random', 'target_freq': 0.85, 'generate_dummies': True, 'remove_duplicates': True}","{'n_estimators': 65, 'max_depth': None, 'learning_rate': 0.3, 'reg_lambda': 0.4, 'reg_alpha': 0.3, 'random_state': 42, 'verbosity': 0}",0.952171606838035,0.7951571861013162,0.7986394175223585,0.791992018013327,52.6771719455719
"{'scaling': None, 'imputation': 'mode', 'cat_age': False, 'remove_outliers': True, 'merge_capital': True, 'downsampling_method': 'random', 'target_freq': 0.85, 'generate_dummies': True, 'remove_duplicates': True}","{'n_estimators': 65, 'max_depth': None, 'learning_rate': 0.3, 'reg_lambda': 0.4, 'reg_alpha': 0.3, 'random_state': 42, 'verbosity': 0}",0.952171606838035,0.7951571861013162,0.7986394175223585,0.791992018013327,51.6669979095459
"{'scaling': None, 'imputation': 'mode', 'cat_age': False, 'remove_outliers': True, 'merge_capital': False, 'downsampling_method': 'random', 'target_freq': 0.85, 'generate_dummies': True, 'remove_duplicates': True}","{'n_estimators': 75, 'max_depth': None, 'learning_rate': 0.3, 'reg_lambda': 0.4, 'reg_alpha': 0.4, 'random_state': 42, 'verbosity': 0}",0.9518708875153603,0.7945480707031072,0.7970202532530617,0.7923665462678848,59.29903769493103
"{'scaling': None, 'imputation': 'mode', 'cat_age': False, 'remove_outliers': True, 'merge_capital': True, 'downsampling_method': 'random', 'target_freq': 0.85, 'generate_dummies': True, 'remove_duplicates': True}","{'n_estimators': 75, 'max_depth': None, 'learning_rate': 0.3, 'reg_lambda': 0.4, 'reg_alpha': 0.4, 'random_state': 42, 'verbosity': 0}",0.9518708875153603,0.7945480707031072,0.7970202532530617,0.7923665462678848,59.26903533935547
"{'scaling': None, 'imputation': 'mode', 'cat_age': True, 'remove_outliers': True, 'merge_capital': False, 'downsampling_method': 'random', 'target_freq': 0.85, 'generate_dummies': True, 'remove_duplicates': True}","{'n_estimators': 75, 'max_depth': None, 'learning_rate': 0.3, 'reg_lambda': 0.4, 'reg_alpha': 0.3, 'random_state': 42, 'verbosity': 0}",0.9530308023030212,0.7944880177428875,0.804775275525982,0.7851082771807626,59.918158531188965
"{'scaling': None, 'imputation': 'mode', 'cat_age': False, 'remove_outliers': True, 'merge_capital': False, 'downsampling_method': 'random', 'target_freq': 0.85, 'generate_dummies': True, 'remove_duplicates': True}","{'n_estimators': 75, 'max_depth': None, 'learning_rate': 0.4, 'reg_lambda': 0.4, 'reg_alpha': 0.3, 'random_state': 42, 'verbosity': 0}",0.9515343661922611,0.7944873705837477,0.7949145464008035,0.7941818079429983,59.0199921131134
"{'scaling': None, 'imputation': 'mode', 'cat_age': False, 'remove_outliers': True, 'merge_capital': True, 'downsampling_method': 'random', 'target_freq': 0.85, 'generate_dummies': True, 'remove_duplicates': True}","{'n_estimators': 75, 'max_depth': None, 'learning_rate': 0.4, 'reg_lambda': 0.4, 'reg_alpha': 0.3, 'random_state': 42, 'verbosity': 0}",0.9515343661922611,0.7944873705837477,0.7949145464008035,0.7941818079429983,58.939512968063354
"{'scaling': None, 'imputation': 'mode', 'cat_age': False, 'remove_outliers': True, 'merge_capital': True, 'downsampling_method': 'random', 'target_freq': 0.85, 'generate_dummies': True, 'remove_duplicates': True}","{'n_estimators': 75, 'max_depth': None, 'learning_rate': 0.3, 'reg_lambda': 0.3, 'reg_alpha': 0.4, 'random_state': 42, 'verbosity': 0}",0.9517205292637728,0.7943515698409126,0.796150912181267,0.7928145387363839,59.29467463493347
"{'scaling': None, 'imputation': 'mode', 'cat_age': False, 'remove_outliers': True, 'merge_capital': False, 'downsampling_method': 'random', 'target_freq': 0.85, 'generate_dummies': True, 'remove_duplicates': True}","{'n_estimators': 75, 'max_depth': None, 'learning_rate': 0.3, 'reg_lambda': 0.3, 'reg_alpha': 0.4, 'random_state': 42, 'verbosity': 0}",0.9517205292637728,0.7943515698409126,0.796150912181267,0.7928145387363839,59.2570264339447
"{'scaling': None, 'imputation': 'mode', 'cat_age': False, 'remove_outliers': True, 'merge_capital': False, 'downsampling_method': 'random', 'target_freq': 0.85, 'generate_dummies': True, 'remove_duplicates': True}","{'n_estimators': 75, 'max_depth': None, 'learning_rate': 0.4, 'reg_lambda': 0.3, 'reg_alpha': 0.4, 'random_state': 42, 'verbosity': 0}",0.951505730589765,0.7943445983358287,0.7948570399854349,0.7940141962496082,59.42554187774658
"{'scaling': None, 'imputation': 'mode', 'cat_age': False, 'remove_outliers': True, 'merge_capital': True, 'downsampling_method': 'random', 'target_freq': 0.85, 'generate_dummies': True, 'remove_duplicates': True}","{'n_estimators': 75, 'max_depth': None, 'learning_rate': 0.4, 'reg_lambda': 0.3, 'reg_alpha': 0.4, 'random_state': 42, 'verbosity': 0}",0.951505730589765,0.7943445983358287,0.7948570399854349,0.7940141962496082,59.631627559661865
"{'scaling': None, 'imputation': 'mode', 'cat_age': False, 'remove_outliers': True, 'merge_capital': True, 'downsampling_method': 'random', 'target_freq': 0.85, 'generate_dummies': True, 'remove_duplicates': True}","{'n_estimators': 75, 'max_depth': None, 'learning_rate': 0.3, 'reg_lambda': 0.3, 'reg_alpha': 0.3, 'random_state': 42, 'verbosity': 0}",0.9518494095959772,0.7943150967522675,0.7969568091748357,0.7919213281352413,59.26651215553284
"{'scaling': None, 'imputation': 'mode', 'cat_age': False, 'remove_outliers': True, 'merge_capital': True, 'downsampling_method': 'random', 'target_freq': 0.85, 'generate_dummies': True, 'remove_duplicates': True}","{'n_estimators': 65, 'max_depth': None, 'learning_rate': 0.3, 'reg_lambda': 0.3, 'reg_alpha': 0.3, 'random_state': 42, 'verbosity': 0}",0.9519424858772119,0.794307922425739,0.7975285317736024,0.7913358155326907,52.98199939727783
"{'scaling': None, 'imputation': 'mode', 'cat_age': False, 'remove_outliers': True, 'merge_capital': False, 'downsampling_method': 'random', 'target_freq': 0.85, 'generate_dummies': True, 'remove_duplicates': True}","{'n_estimators': 75, 'max_depth': None, 'learning_rate': 0.3, 'reg_lambda': 0.3, 'reg_alpha': 0.3, 'random_state': 42, 'verbosity': 0}",0.9518422496060012,0.794295635328333,0.7969199821432377,0.7919175065278732,59.158020973205566
"{'scaling': None, 'imputation': 'mode', 'cat_age': False, 'remove_outliers': True, 'merge_capital': False, 'downsampling_method': 'random', 'target_freq': 0.85, 'generate_dummies': True, 'remove_duplicates': True}","{'n_estimators': 65, 'max_depth': None, 'learning_rate': 0.3, 'reg_lambda': 0.3, 'reg_alpha': 0.3, 'random_state': 42, 'verbosity': 0}",0.9519353258872361,0.7942884339848331,0.7974915124849747,0.7913319939253226,52.965203285217285
"{'scaling': None, 'imputation': 'mode', 'cat_age': False, 'remove_outliers': True, 'merge_capital': True, 'downsampling_method': 'random', 'target_freq': 0.85, 'generate_dummies': True, 'remove_duplicates': True}","{'n_estimators': 75, 'max_depth': None, 'learning_rate': 0.4, 'reg_lambda': 0.2, 'reg_alpha': 0.4, 'random_state': 42, 'verbosity': 0}",0.9515128939118762,0.794160793105517,0.7949633979904766,0.7934772545559526,59.18954586982727
"{'scaling': None, 'imputation': 'mode', 'cat_age': False, 'remove_outliers': True, 'merge_capital': False, 'downsampling_method': 'random', 'target_freq': 0.85, 'generate_dummies': True, 'remove_duplicates': True}","{'n_estimators': 75, 'max_depth': None, 'learning_rate': 0.4, 'reg_lambda': 0.2, 'reg_alpha': 0.4, 'random_state': 42, 'verbosity': 0}",0.9515128939118762,0.794160793105517,0.7949633979904766,0.7934772545559526,58.98161959648132
"{'scaling': None, 'imputation': 'mode', 'cat_age': False, 'remove_outliers': True, 'merge_capital': False, 'downsampling_method': 'random', 'target_freq': 0.85, 'generate_dummies': True, 'remove_duplicates': True}","{'n_estimators': 75, 'max_depth': None, 'learning_rate': 0.2, 'reg_lambda': 0.4, 'reg_alpha': 0.3, 'random_state': 42, 'verbosity': 0}",0.9523506065874352,0.7941458103324177,0.8003279184222576,0.7884061289852603,59.29058027267456
"{'scaling': None, 'imputation': 'mode', 'cat_age': False, 'remove_outliers': True, 'merge_capital': True, 'downsampling_method': 'random', 'target_freq': 0.85, 'generate_dummies': True, 'remove_duplicates': True}","{'n_estimators': 75, 'max_depth': None, 'learning_rate': 0.2, 'reg_lambda': 0.4, 'reg_alpha': 0.3, 'random_state': 42, 'verbosity': 0}",0.9523506065874352,0.7941458103324177,0.8003279184222576,0.7884061289852603,59.462547302246094
"{'scaling': None, 'imputation': 'mode', 'cat_age': False, 'remove_outliers': True, 'merge_capital': True, 'downsampling_method': 'random', 'target_freq': 0.85, 'generate_dummies': True, 'remove_duplicates': True}","{'n_estimators': 75, 'max_depth': None, 'learning_rate': 0.2, 'reg_lambda': 0.3, 'reg_alpha': 0.2, 'random_state': 42, 'verbosity': 0}",0.9521644435159236,0.7941100178029975,0.7991153702832883,0.7894331188523445,59.10502743721008
"{'scaling': None, 'imputation': 'mode', 'cat_age': False, 'remove_outliers': True, 'merge_capital': False, 'downsampling_method': 'random', 'target_freq': 0.85, 'generate_dummies': True, 'remove_duplicates': True}","{'n_estimators': 75, 'max_depth': None, 'learning_rate': 0.2, 'reg_lambda': 0.3, 'reg_alpha': 0.2, 'random_state': 42, 'verbosity': 0}",0.9521644435159236,0.7941100178029975,0.7991153702832883,0.7894331188523445,60.098642349243164
"{'scaling': None, 'imputation': 'mode', 'cat_age': False, 'remove_outliers': True, 'merge_capital': False, 'downsampling_method': 'random', 'target_freq': 0.85, 'generate_dummies': True, 'remove_duplicates': True}","{'n_estimators': 65, 'max_depth': None, 'learning_rate': 0.3, 'reg_lambda': 0.4, 'reg_alpha': 0.4, 'random_state': 42, 'verbosity': 0}",0.9519066846457415,0.794056542155511,0.7974335503663263,0.7910138604487248,52.43402361869812
"{'scaling': None, 'imputation': 'mode', 'cat_age': False, 'remove_outliers': True, 'merge_capital': True, 'downsampling_method': 'random', 'target_freq': 0.85, 'generate_dummies': True, 'remove_duplicates': True}","{'n_estimators': 65, 'max_depth': None, 'learning_rate': 0.3, 'reg_lambda': 0.4, 'reg_alpha': 0.4, 'random_state': 42, 'verbosity': 0}",0.9519066846457415,0.794056542155511,0.7974335503663263,0.7910138604487248,52.21399736404419
"{'scaling': None, 'imputation': 'mode', 'cat_age': False, 'remove_outliers': True, 'merge_capital': True, 'downsampling_method': 'random', 'target_freq': 0.85, 'generate_dummies': True, 'remove_duplicates': True}","{'n_estimators': 75, 'max_depth': None, 'learning_rate': 0.2, 'reg_lambda': 0.2, 'reg_alpha': 0.3, 'random_state': 42, 'verbosity': 0}",0.9522718443908362,0.7940489943250097,0.7998276714521347,0.7886357618556045,59.604305267333984
"{'scaling': None, 'imputation': 'mode', 'cat_age': False, 'remove_outliers': True, 'merge_capital': False, 'downsampling_method': 'random', 'target_freq': 0.85, 'generate_dummies': True, 'remove_duplicates': True}","{'n_estimators': 75, 'max_depth': None, 'learning_rate': 0.2, 'reg_lambda': 0.2, 'reg_alpha': 0.3, 'random_state': 42, 'verbosity': 0}",0.9522718443908362,0.7940489943250097,0.7998276714521347,0.7886357618556045,59.05751299858093
"{'scaling': None, 'imputation': 'mode', 'cat_age': False, 'remove_outliers': True, 'merge_capital': False, 'downsampling_method': 'random', 'target_freq': 0.85, 'generate_dummies': True, 'remove_duplicates': True}","{'n_estimators': 75, 'max_depth': None, 'learning_rate': 0.4, 'reg_lambda': 0.3, 'reg_alpha': 0.3, 'random_state': 42, 'verbosity': 0}",0.9513768484633337,0.7939827160204616,0.7941937014277575,0.7938895199072084,60.29806590080261
"{'scaling': None, 'imputation': 'mode', 'cat_age': False, 'remove_outliers': True, 'merge_capital': True, 'downsampling_method': 'random', 'target_freq': 0.85, 'generate_dummies': True, 'remove_duplicates': True}","{'n_estimators': 75, 'max_depth': None, 'learning_rate': 0.4, 'reg_lambda': 0.3, 'reg_alpha': 0.3, 'random_state': 42, 'verbosity': 0}",0.9513768484633337,0.7939827160204616,0.7941937014277575,0.7938895199072084,59.042080879211426
"{'scaling': None, 'imputation': 'mode', 'cat_age': True, 'remove_outliers': True, 'merge_capital': True, 'downsampling_method': 'random', 'target_freq': 0.85, 'generate_dummies': True, 'remove_duplicates': True}","{'n_estimators': 75, 'max_depth': None, 'learning_rate': 0.3, 'reg_lambda': 0.4, 'reg_alpha': 0.3, 'random_state': 42, 'verbosity': 0}",0.9529592024032612,0.7939426164635319,0.8045732314936197,0.7842789703885901,59.549023389816284
"{'scaling': None, 'imputation': 'mode', 'cat_age': False, 'remove_outliers': True, 'merge_capital': False, 'downsampling_method': 'random', 'target_freq': 0.85, 'generate_dummies': True, 'remove_duplicates': True}","{'n_estimators': 65, 'max_depth': None, 'learning_rate': 0.3, 'reg_lambda': 0.3, 'reg_alpha': 0.4, 'random_state': 42, 'verbosity': 0}",0.9517062121033201,0.7938978156313061,0.7962646662782713,0.7917917048641766,53.90312314033508
"{'scaling': None, 'imputation': 'mode', 'cat_age': False, 'remove_outliers': True, 'merge_capital': True, 'downsampling_method': 'random', 'target_freq': 0.85, 'generate_dummies': True, 'remove_duplicates': True}","{'n_estimators': 65, 'max_depth': None, 'learning_rate': 0.3, 'reg_lambda': 0.3, 'reg_alpha': 0.4, 'random_state': 42, 'verbosity': 0}",0.9517062121033201,0.7938978156313061,0.7962646662782713,0.7917917048641766,52.00099992752075
"{'scaling': None, 'imputation': 'mode', 'cat_age': False, 'remove_outliers': True, 'merge_capital': True, 'downsampling_method': 'random', 'target_freq': 0.85, 'generate_dummies': True, 'remove_duplicates': True}","{'n_estimators': 75, 'max_depth': None, 'learning_rate': 0.3, 'reg_lambda': 0.2, 'reg_alpha': 0.4, 'random_state': 42, 'verbosity': 0}",0.9516775644538727,0.7938752425647065,0.7959880126276071,0.7919286544012254,59.43802499771118
"{'scaling': None, 'imputation': 'mode', 'cat_age': False, 'remove_outliers': True, 'merge_capital': True, 'downsampling_method': 'random', 'target_freq': 0.85, 'generate_dummies': True, 'remove_duplicates': True}","{'n_estimators': 75, 'max_depth': None, 'learning_rate': 0.4, 'reg_lambda': 0.3, 'reg_alpha': 0.2, 'random_state': 42, 'verbosity': 0}",0.9513553705439504,0.7938393318829566,0.794122372933604,0.7936584315804336,59.137900590896606
"{'scaling': None, 'imputation': 'mode', 'cat_age': False, 'remove_outliers': True, 'merge_capital': True, 'downsampling_method': 'random', 'target_freq': 0.85, 'generate_dummies': True, 'remove_duplicates': True}","{'n_estimators': 65, 'max_depth': None, 'learning_rate': 0.4, 'reg_lambda': 0.2, 'reg_alpha': 0.4, 'random_state': 42, 'verbosity': 0}",0.9515200546708066,0.7937922033132013,0.7951865665890467,0.7925346225593881,54.126413345336914
"{'scaling': None, 'imputation': 'mode', 'cat_age': False, 'remove_outliers': True, 'merge_capital': True, 'downsampling_method': 'random', 'target_freq': 0.85, 'generate_dummies': True, 'remove_duplicates': True}","{'n_estimators': 65, 'max_depth': None, 'learning_rate': 0.4, 'reg_lambda': 0.3, 'reg_alpha': 0.2, 'random_state': 42, 'verbosity': 0}",0.9515057331529458,0.793744494665329,0.7951113947207185,0.792524018156302,54.48593330383301
"{'scaling': None, 'imputation': 'mode', 'cat_age': False, 'remove_outliers': True, 'merge_capital': True, 'downsampling_method': 'random', 'target_freq': 0.85, 'generate_dummies': True, 'remove_duplicates': True}","{'n_estimators': 75, 'max_depth': None, 'learning_rate': 0.4, 'reg_lambda': 0.4, 'reg_alpha': 0.4, 'random_state': 42, 'verbosity': 0}",0.9512622945190339,0.7937184146914031,0.7937455999064292,0.7938827379514335,58.96702170372009
"{'scaling': None, 'imputation': 'mode', 'cat_age': False, 'remove_outliers': True, 'merge_capital': True, 'downsampling_method': 'random', 'target_freq': 0.85, 'generate_dummies': True, 'remove_duplicates': True}","{'n_estimators': 75, 'max_depth': None, 'learning_rate': 0.2, 'reg_lambda': 0.4, 'reg_alpha': 0.4, 'random_state': 42, 'verbosity': 0}",0.9523792386014781,0.7937157564736383,0.8006436806408093,0.7872597860246635,59.775229930877686
"{'scaling': None, 'imputation': 'mode', 'cat_age': False, 'remove_outliers': True, 'merge_capital': True, 'downsampling_method': 'random', 'target_freq': 0.85, 'generate_dummies': True, 'remove_duplicates': True}","{'n_estimators': 65, 'max_depth': None, 'learning_rate': 0.3, 'reg_lambda': 0.2, 'reg_alpha': 0.4, 'random_state': 42, 'verbosity': 0}",0.9515844876600017,0.7936048802469239,0.795559226807406,0.7918225673336737,52.05899930000305
"{'scaling': None, 'imputation': 'mode', 'cat_age': False, 'remove_outliers': True, 'merge_capital': True, 'downsampling_method': 'random', 'target_freq': 0.85, 'generate_dummies': True, 'remove_duplicates': True}","{'n_estimators': 75, 'max_depth': None, 'learning_rate': 0.3, 'reg_lambda': 0.4, 'reg_alpha': 0.2, 'random_state': 42, 'verbosity': 0}",0.9516489262881954,0.7934849696900388,0.7960425445415893,0.7911195052703285,59.75970792770386
"{'scaling': None, 'imputation': 'mode', 'cat_age': False, 'remove_outliers': True, 'merge_capital': True, 'downsampling_method': 'random', 'target_freq': 0.85, 'generate_dummies': True, 'remove_duplicates': True}","{'n_estimators': 65, 'max_depth': None, 'learning_rate': 0.4, 'reg_lambda': 0.3, 'reg_alpha': 0.4, 'random_state': 42, 'verbosity': 0}",0.9514627706499088,0.7934147906588506,0.7949768590557764,0.7920208703426183,52.79629826545715
"{'scaling': None, 'imputation': 'mode', 'cat_age': False, 'remove_outliers': True, 'merge_capital': True, 'downsampling_method': 'random', 'target_freq': 0.85, 'generate_dummies': True, 'remove_duplicates': True}","{'n_estimators': 65, 'max_depth': None, 'learning_rate': 0.2, 'reg_lambda': 0.2, 'reg_alpha': 0.3, 'random_state': 42, 'verbosity': 0}",0.9522718446471543,0.7933807656355513,0.8002006518652923,0.7870519193581264,52.253997564315796
"{'scaling': None, 'imputation': 'mode', 'cat_age': False, 'remove_outliers': True, 'merge_capital': True, 'downsampling_method': 'random', 'target_freq': 0.85, 'generate_dummies': True, 'remove_duplicates': True}","{'n_estimators': 75, 'max_depth': None, 'learning_rate': 0.2, 'reg_lambda': 0.3, 'reg_alpha': 0.4, 'random_state': 42, 'verbosity': 0}",0.9521214881897933,0.7932944306872829,0.7992112275929232,0.7878104833131097,58.759175539016724
"{'scaling': None, 'imputation': 'mode', 'cat_age': False, 'remove_outliers': True, 'merge_capital': True, 'downsampling_method': 'random', 'target_freq': 0.85, 'generate_dummies': True, 'remove_duplicates': True}","{'n_estimators': 75, 'max_depth': None, 'learning_rate': 0.3, 'reg_lambda': 0.2, 'reg_alpha': 0.3, 'random_state': 42, 'verbosity': 0}",0.9516346075898339,0.7932286895885599,0.7961118060578091,0.7905839061201232,59.128047466278076
"{'scaling': None, 'imputation': 'mode', 'cat_age': False, 'remove_outliers': True, 'merge_capital': True, 'downsampling_method': 'random', 'target_freq': 0.85, 'generate_dummies': True, 'remove_duplicates': True}","{'n_estimators': 65, 'max_depth': None, 'learning_rate': 0.4, 'reg_lambda': 0.4, 'reg_alpha': 0.3, 'random_state': 42, 'verbosity': 0}",0.9512694493826478,0.7932026631086726,0.7938670291920356,0.7926652991061142,52.09723663330078
"{'scaling': None, 'imputation': 'mode', 'cat_age': False, 'remove_outliers': True, 'merge_capital': True, 'downsampling_method': 'random', 'target_freq': 0.85, 'generate_dummies': True, 'remove_duplicates': True}","{'n_estimators': 65, 'max_depth': None, 'learning_rate': 0.3, 'reg_lambda': 0.4, 'reg_alpha': 0.2, 'random_state': 42, 'verbosity': 0}",0.9517563238309726,0.7931811781992041,0.7968156068707682,0.7898052730612536,52.37299990653992
"{'scaling': None, 'imputation': 'mode', 'cat_age': True, 'remove_outliers': False, 'merge_capital': True, 'downsampling_method': 'random', 'target_freq': 0.8, 'generate_dummies': True, 'remove_duplicates': True}","{'n_estimators': 75, 'max_depth': None, 'learning_rate': 0.3, 'reg_lambda': 0.4, 'reg_alpha': 0.3, 'random_state': 42, 'verbosity': 0}",0.9483482057685153,0.793081145403608,0.7783824943864206,0.8099611194146167,47.290059328079224
"{'scaling': None, 'imputation': 'mode', 'cat_age': False, 'remove_outliers': True, 'merge_capital': True, 'downsampling_method': 'random', 'target_freq': 0.85, 'generate_dummies': True, 'remove_duplicates': True}","{'n_estimators': 75, 'max_depth': None, 'learning_rate': 0.4, 'reg_lambda': 0.4, 'reg_alpha': 0.2, 'random_state': 42, 'verbosity': 0}",0.9511978612735204,0.793047937698906,0.7935863086676196,0.7926774553189105,59.1759991645813
"{'scaling': None, 'imputation': 'mode', 'cat_age': False, 'remove_outliers': True, 'merge_capital': True, 'downsampling_method': 'random', 'target_freq': 0.85, 'generate_dummies': True, 'remove_duplicates': True}","{'n_estimators': 65, 'max_depth': None, 'learning_rate': 0.3, 'reg_lambda': 0.2, 'reg_alpha': 0.2, 'random_state': 42, 'verbosity': 0}",0.9514627785957701,0.7930201121600581,0.7952505248387444,0.7910709928496044,52.6315336227417
"{'scaling': None, 'imputation': 'mode', 'cat_age': False, 'remove_outliers': True, 'merge_capital': True, 'downsampling_method': 'random', 'target_freq': 0.85, 'generate_dummies': True, 'remove_duplicates': True}","{'n_estimators': 65, 'max_depth': None, 'learning_rate': 0.4, 'reg_lambda': 0.3, 'reg_alpha': 0.3, 'random_state': 42, 'verbosity': 0}",0.951283767824691,0.7930106571949931,0.7940602237180092,0.7920937948032798,53.80292224884033
"{'scaling': None, 'imputation': 'mode', 'cat_age': False, 'remove_outliers': True, 'merge_capital': True, 'downsampling_method': 'random', 'target_freq': 0.85, 'generate_dummies': True, 'remove_duplicates': True}","{'n_estimators': 65, 'max_depth': None, 'learning_rate': 0.4, 'reg_lambda': 0.4, 'reg_alpha': 0.2, 'random_state': 42, 'verbosity': 0}",0.9512981031837295,0.7930009851235728,0.7942339804661909,0.7919333531280213,52.70214056968689
"{'scaling': None, 'imputation': 'mode', 'cat_age': False, 'remove_outliers': True, 'merge_capital': True, 'downsampling_method': 'random', 'target_freq': 0.85, 'generate_dummies': True, 'remove_duplicates': True}","{'n_estimators': 65, 'max_depth': None, 'learning_rate': 0.3, 'reg_lambda': 0.2, 'reg_alpha': 0.3, 'random_state': 42, 'verbosity': 0}",0.9515916525200219,0.7929859848883236,0.7959959095480995,0.7902405217688164,52.092015743255615
"{'scaling': None, 'imputation': 'mode', 'cat_age': False, 'remove_outliers': True, 'merge_capital': True, 'downsampling_method': 'random', 'target_freq': 0.85, 'generate_dummies': True, 'remove_duplicates': True}","{'n_estimators': 65, 'max_depth': None, 'learning_rate': 0.2, 'reg_lambda': 0.3, 'reg_alpha': 0.2, 'random_state': 42, 'verbosity': 0}",0.9521358040686557,0.7929657938592181,0.7995304783293321,0.7868677349657545,52.0169997215271
"{'scaling': None, 'imputation': 'mode', 'cat_age': False, 'remove_outliers': False, 'merge_capital': True, 'downsampling_method': 'random', 'target_freq': 0.85, 'generate_dummies': True, 'remove_duplicates': True}","{'n_estimators': 75, 'max_depth': None, 'learning_rate': 0.3, 'reg_lambda': 0.4, 'reg_alpha': 0.3, 'random_state': 42, 'verbosity': 0}",0.9516775649665089,0.7929534937018611,0.7964906969037162,0.7895864845817966,59.51219868659973
"{'scaling': None, 'imputation': 'mode', 'cat_age': False, 'remove_outliers': False, 'merge_capital': False, 'downsampling_method': 'random', 'target_freq': 0.85, 'generate_dummies': True, 'remove_duplicates': True}","{'n_estimators': 75, 'max_depth': None, 'learning_rate': 0.3, 'reg_lambda': 0.4, 'reg_alpha': 0.3, 'random_state': 42, 'verbosity': 0}",0.9516775649665089,0.7929534937018611,0.7964906969037162,0.7895864845817966,59.9695680141449
"{'scaling': None, 'imputation': 'mode', 'cat_age': False, 'remove_outliers': True, 'merge_capital': True, 'downsampling_method': 'random', 'target_freq': 0.85, 'generate_dummies': True, 'remove_duplicates': True}","{'n_estimators': 65, 'max_depth': None, 'learning_rate': 0.4, 'reg_lambda': 0.2, 'reg_alpha': 0.2, 'random_state': 42, 'verbosity': 0}",0.951319567005617,0.7929339519120944,0.7944058049785581,0.7916217261346816,52.30799961090088
"{'scaling': None, 'imputation': 'mode', 'cat_age': True, 'remove_outliers': False, 'merge_capital': False, 'downsampling_method': 'random', 'target_freq': 0.8, 'generate_dummies': True, 'remove_duplicates': True}","{'n_estimators': 75, 'max_depth': None, 'learning_rate': 0.3, 'reg_lambda': 0.4, 'reg_alpha': 0.3, 'random_state': 42, 'verbosity': 0}",0.9482909258487071,0.792914330253133,0.7781548013149127,0.8098770796678105,46.712862968444824
"{'scaling': None, 'imputation': 'mode', 'cat_age': False, 'remove_outliers': True, 'merge_capital': True, 'downsampling_method': 'random', 'target_freq': 0.85, 'generate_dummies': True, 'remove_duplicates': True}","{'n_estimators': 75, 'max_depth': None, 'learning_rate': 0.2, 'reg_lambda': 0.2, 'reg_alpha': 0.2, 'random_state': 42, 'verbosity': 0}",0.9519353220424644,0.7928710546174264,0.7981407387584829,0.7879180937064868,59.508673667907715
"{'scaling': None, 'imputation': 'mode', 'cat_age': False, 'remove_outliers': True, 'merge_capital': True, 'downsampling_method': 'random', 'target_freq': 0.85, 'generate_dummies': True, 'remove_duplicates': True}","{'n_estimators': 65, 'max_depth': None, 'learning_rate': 0.2, 'reg_lambda': 0.4, 'reg_alpha': 0.3, 'random_state': 42, 'verbosity': 0}",0.9522503669840893,0.7928521944803167,0.800340642747242,0.7859709568283231,51.90954542160034
"{'scaling': None, 'imputation': 'mode', 'cat_age': False, 'remove_outliers': True, 'merge_capital': True, 'downsampling_method': 'random', 'target_freq': 0.85, 'generate_dummies': True, 'remove_duplicates': True}","{'n_estimators': 75, 'max_depth': None, 'learning_rate': 0.3, 'reg_lambda': 0.2, 'reg_alpha': 0.2, 'random_state': 42, 'verbosity': 0}",0.9512694586100995,0.7928445246907087,0.7941289127018933,0.7918150014624072,60.334757804870605
"{'scaling': None, 'imputation': 'mode', 'cat_age': False, 'remove_outliers': True, 'merge_capital': False, 'downsampling_method': 'random', 'target_freq': 0.85, 'generate_dummies': True, 'remove_duplicates': True}","{'n_estimators': 65, 'max_depth': None, 'learning_rate': 0.2, 'reg_lambda': 0.2, 'reg_alpha': 0.2, 'random_state': 42, 'verbosity': 0}",0.9521143212792286,0.792671404948415,0.7994386597943608,0.7863782423727527,52.291996002197266
"{'scaling': None, 'imputation': 'mode', 'cat_age': False, 'remove_outliers': True, 'merge_capital': True, 'downsampling_method': 'random', 'target_freq': 0.85, 'generate_dummies': True, 'remove_duplicates': True}","{'n_estimators': 65, 'max_depth': None, 'learning_rate': 0.2, 'reg_lambda': 0.2, 'reg_alpha': 0.2, 'random_state': 42, 'verbosity': 0}",0.9521143212792286,0.792671404948415,0.7994386597943608,0.7863782423727527,51.80799841880798
"{'scaling': None, 'imputation': 'mode', 'cat_age': False, 'remove_outliers': True, 'merge_capital': True, 'downsampling_method': 'random', 'target_freq': 0.85, 'generate_dummies': True, 'remove_duplicates': True}","{'n_estimators': 65, 'max_depth': None, 'learning_rate': 0.2, 'reg_lambda': 0.2, 'reg_alpha': 0.2, 'random_state': 42, 'verbosity': 0}",0.9521143212792286,0.792671404948415,0.7994386597943608,0.7863782423727527,52.36754584312439
"{'scaling': None, 'imputation': 'mode', 'cat_age': False, 'remove_outliers': True, 'merge_capital': True, 'downsampling_method': 'random', 'target_freq': 0.85, 'generate_dummies': True, 'remove_duplicates': True}","{'n_estimators': 65, 'max_depth': None, 'learning_rate': 0.2, 'reg_lambda': 0.4, 'reg_alpha': 0.4, 'random_state': 42, 'verbosity': 0}",0.9521429607264963,0.792646332148473,0.79967249715124,0.7861265138402438,52.32202196121216
"{'scaling': None, 'imputation': 'mode', 'cat_age': False, 'remove_outliers': True, 'merge_capital': True, 'downsampling_method': 'random', 'target_freq': 0.85, 'generate_dummies': True, 'remove_duplicates': True}","{'n_estimators': 75, 'max_depth': None, 'learning_rate': 0.4, 'reg_lambda': 0.2, 'reg_alpha': 0.2, 'random_state': 42, 'verbosity': 0}",0.9511334105983759,0.7926046949218527,0.7933630063850426,0.7920023033940606,59.095030307769775
"{'scaling': None, 'imputation': 'mode', 'cat_age': False, 'remove_outliers': True, 'merge_capital': True, 'downsampling_method': 'random', 'target_freq': 0.85, 'generate_dummies': True, 'remove_duplicates': True}","{'n_estimators': 65, 'max_depth': None, 'learning_rate': 0.4, 'reg_lambda': 0.4, 'reg_alpha': 0.4, 'random_state': 42, 'verbosity': 0}",0.9510904542469731,0.7925887427281066,0.7931581916855072,0.7922026365616153,52.599305629730225
"{'scaling': None, 'imputation': 'mode', 'cat_age': True, 'remove_outliers': False, 'merge_capital': True, 'downsampling_method': 'random', 'target_freq': 0.85, 'generate_dummies': True, 'remove_duplicates': True}","{'n_estimators': 75, 'max_depth': None, 'learning_rate': 0.3, 'reg_lambda': 0.4, 'reg_alpha': 0.3, 'random_state': 42, 'verbosity': 0}",0.9529591990711257,0.7924660264290638,0.8054198889667727,0.7809502021759854,61.6912956237793
"{'scaling': None, 'imputation': 'mode', 'cat_age': True, 'remove_outliers': False, 'merge_capital': False, 'downsampling_method': 'random', 'target_freq': 0.85, 'generate_dummies': True, 'remove_duplicates': True}","{'n_estimators': 75, 'max_depth': None, 'learning_rate': 0.3, 'reg_lambda': 0.4, 'reg_alpha': 0.3, 'random_state': 42, 'verbosity': 0}",0.9529520390811499,0.7924229154425616,0.8053758139849837,0.7808826615972062,62.209632396698
"{'scaling': None, 'imputation': 'mode', 'cat_age': False, 'remove_outliers': True, 'merge_capital': True, 'downsampling_method': 'random', 'target_freq': 0.85, 'generate_dummies': True, 'remove_duplicates': True}","{'n_estimators': 65, 'max_depth': None, 'learning_rate': 0.2, 'reg_lambda': 0.3, 'reg_alpha': 0.4, 'random_state': 42, 'verbosity': 0}",0.9520355667721725,0.7923927074268862,0.7990937925195808,0.7861803198222014,52.13299798965454
"{'scaling': None, 'imputation': 'mode', 'cat_age': False, 'remove_outliers': True, 'merge_capital': True, 'downsampling_method': 'random', 'target_freq': 0.85, 'generate_dummies': True, 'remove_duplicates': True}","{'n_estimators': 75, 'max_depth': None, 'learning_rate': 0.3, 'reg_lambda': 0.3, 'reg_alpha': 0.2, 'random_state': 42, 'verbosity': 0}",0.9514054914990548,0.7923792736724588,0.7950869528807276,0.7898808073330208,59.065512895584106
"{'scaling': None, 'imputation': 'mode', 'cat_age': False, 'remove_outliers': True, 'merge_capital': True, 'downsampling_method': 'random', 'target_freq': 0.85, 'generate_dummies': True, 'remove_duplicates': True}","{'n_estimators': 75, 'max_depth': None, 'learning_rate': 0.2, 'reg_lambda': 0.3, 'reg_alpha': 0.3, 'random_state': 42, 'verbosity': 0}",0.9517778035445825,0.7922865507806778,0.7974254564895595,0.7874749628709159,59.442095041275024
"{'scaling': None, 'imputation': 'mode', 'cat_age': False, 'remove_outliers': True, 'merge_capital': True, 'downsampling_method': 'random', 'target_freq': 0.85, 'generate_dummies': True, 'remove_duplicates': True}","{'n_estimators': 75, 'max_depth': None, 'learning_rate': 0.2, 'reg_lambda': 0.2, 'reg_alpha': 0.4, 'random_state': 42, 'verbosity': 0}",0.9518852082642668,0.7922777500043281,0.798199556479046,0.7867900563042596,59.051053524017334
"{'scaling': None, 'imputation': 'mode', 'cat_age': False, 'remove_outliers': True, 'merge_capital': True, 'downsampling_method': 'random', 'target_freq': 0.85, 'generate_dummies': True, 'remove_duplicates': True}","{'n_estimators': 75, 'max_depth': None, 'learning_rate': 0.2, 'reg_lambda': 0.4, 'reg_alpha': 0.2, 'random_state': 42, 'verbosity': 0}",0.9516560875597622,0.7922034279912096,0.7967468831232412,0.7879354116309826,59.08874225616455
"{'scaling': None, 'imputation': 'mode', 'cat_age': False, 'remove_outliers': True, 'merge_capital': True, 'downsampling_method': 'random', 'target_freq': 0.85, 'generate_dummies': True, 'remove_duplicates': True}","{'n_estimators': 65, 'max_depth': None, 'learning_rate': 0.3, 'reg_lambda': 0.3, 'reg_alpha': 0.2, 'random_state': 42, 'verbosity': 0}",0.9513768507701966,0.7919873486562545,0.7950365994499398,0.7891168868012395,52.539997816085815
"{'scaling': None, 'imputation': 'mode', 'cat_age': False, 'remove_outliers': True, 'merge_capital': True, 'downsampling_method': 'random', 'target_freq': 0.85, 'generate_dummies': True, 'remove_duplicates': True}","{'n_estimators': 65, 'max_depth': None, 'learning_rate': 0.4, 'reg_lambda': 0.2, 'reg_alpha': 0.3, 'random_state': 42, 'verbosity': 0}",0.9511262590668974,0.7919283479353345,0.7936376488259098,0.790393092688277,52.221996545791626
"{'scaling': None, 'imputation': 'mode', 'cat_age': False, 'remove_outliers': False, 'merge_capital': True, 'downsampling_method': 'random', 'target_freq': 0.85, 'generate_dummies': True, 'remove_duplicates': True}","{'n_estimators': 65, 'max_depth': None, 'learning_rate': 0.2, 'reg_lambda': 0.2, 'reg_alpha': 0.2, 'random_state': 42, 'verbosity': 0}",0.9522002432094855,0.7918696947844548,0.8004486226184115,0.7839211487577519,53.07299995422363
"{'scaling': None, 'imputation': 'mode', 'cat_age': False, 'remove_outliers': True, 'merge_capital': True, 'downsampling_method': 'random', 'target_freq': 0.85, 'generate_dummies': True, 'remove_duplicates': True}","{'n_estimators': 75, 'max_depth': None, 'learning_rate': 0.4, 'reg_lambda': 0.2, 'reg_alpha': 0.3, 'random_state': 42, 'verbosity': 0}",0.9508899824735062,0.7917577984710166,0.7922641953568279,0.7914332152531485,59.19364094734192
"{'scaling': None, 'imputation': 'mode', 'cat_age': False, 'remove_outliers': True, 'merge_capital': True, 'downsampling_method': 'random', 'target_freq': 0.85, 'generate_dummies': True, 'remove_duplicates': True}","{'n_estimators': 65, 'max_depth': None, 'learning_rate': 0.2, 'reg_lambda': 0.2, 'reg_alpha': 0.4, 'random_state': 42, 'verbosity': 0}",0.9518852069826762,0.7916385713547605,0.7984880828654699,0.7853063093548942,52.337024450302124
"{'scaling': None, 'imputation': 'mode', 'cat_age': False, 'remove_outliers': False, 'merge_capital': False, 'downsampling_method': 'random', 'target_freq': 0.85, 'generate_dummies': True, 'remove_duplicates': True}","{'n_estimators': 65, 'max_depth': None, 'learning_rate': 0.2, 'reg_lambda': 0.2, 'reg_alpha': 0.2, 'random_state': 42, 'verbosity': 0}",0.9521716032495814,0.7916373216361364,0.8003997192215403,0.7835386976675948,53.81299829483032
"{'scaling': None, 'imputation': 'mode', 'cat_age': False, 'remove_outliers': True, 'merge_capital': True, 'downsampling_method': 'random', 'target_freq': 0.85, 'generate_dummies': True, 'remove_duplicates': True}","{'n_estimators': 65, 'max_depth': None, 'learning_rate': 0.2, 'reg_lambda': 0.4, 'reg_alpha': 0.2, 'random_state': 42, 'verbosity': 0}",0.9517634892036287,0.7915774253655495,0.7977510662059804,0.7858244957055265,52.197998046875
"{'scaling': None, 'imputation': 'mode', 'cat_age': False, 'remove_outliers': True, 'merge_capital': True, 'downsampling_method': 'random', 'target_freq': 0.85, 'generate_dummies': True, 'remove_duplicates': True}","{'n_estimators': 65, 'max_depth': None, 'learning_rate': 0.2, 'reg_lambda': 0.3, 'reg_alpha': 0.3, 'random_state': 42, 'verbosity': 0}",0.9517706435546065,0.7915520039245572,0.7977543678751702,0.7857787681381719,52.49999928474426
"{'scaling': None, 'imputation': 'mode', 'cat_age': True, 'remove_outliers': True, 'merge_capital': False, 'downsampling_method': 'random', 'target_freq': 0.85, 'generate_dummies': True, 'remove_duplicates': True}","{'n_estimators': 65, 'max_depth': None, 'learning_rate': 0.2, 'reg_lambda': 0.2, 'reg_alpha': 0.2, 'random_state': 42, 'verbosity': 0}",0.9529949977394153,0.7912490146442555,0.806376969677267,0.7778888166400092,52.473999977111816
"{'scaling': None, 'imputation': 'mode', 'cat_age': True, 'remove_outliers': False, 'merge_capital': False, 'downsampling_method': 'random', 'target_freq': 0.8, 'generate_dummies': True, 'remove_duplicates': True}","{'n_estimators': 65, 'max_depth': None, 'learning_rate': 0.2, 'reg_lambda': 0.2, 'reg_alpha': 0.2, 'random_state': 42, 'verbosity': 0}",0.948348207306424,0.7907927526683908,0.7788759465127917,0.8041253334756824,41.10453772544861
"{'scaling': None, 'imputation': 'mode', 'cat_age': True, 'remove_outliers': False, 'merge_capital': True, 'downsampling_method': 'random', 'target_freq': 0.8, 'generate_dummies': True, 'remove_duplicates': True}","{'n_estimators': 65, 'max_depth': None, 'learning_rate': 0.2, 'reg_lambda': 0.2, 'reg_alpha': 0.2, 'random_state': 42, 'verbosity': 0}",0.9483124073565439,0.7905703116808764,0.7787504993591772,0.8037853124769793,41.269532680511475
"{'scaling': None, 'imputation': 'mode', 'cat_age': True, 'remove_outliers': True, 'merge_capital': True, 'downsampling_method': 'random', 'target_freq': 0.85, 'generate_dummies': True, 'remove_duplicates': True}","{'n_estimators': 65, 'max_depth': None, 'learning_rate': 0.2, 'reg_lambda': 0.2, 'reg_alpha': 0.2, 'random_state': 42, 'verbosity': 0}",0.9528589579298711,0.790475725028446,0.8058295650343033,0.7769702217219253,53.0460000038147
"{'scaling': None, 'imputation': 'mode', 'cat_age': False, 'remove_outliers': False, 'merge_capital': False, 'downsampling_method': 'random', 'target_freq': 0.8, 'generate_dummies': True, 'remove_duplicates': True}","{'n_estimators': 75, 'max_depth': None, 'learning_rate': 0.3, 'reg_lambda': 0.4, 'reg_alpha': 0.3, 'random_state': 42, 'verbosity': 0}",0.9459925790628129,0.7901180390110434,0.7687167560663646,0.8164446044234912,46.40781545639038
"{'scaling': None, 'imputation': 'mode', 'cat_age': False, 'remove_outliers': False, 'merge_capital': True, 'downsampling_method': 'random', 'target_freq': 0.8, 'generate_dummies': True, 'remove_duplicates': True}","{'n_estimators': 75, 'max_depth': None, 'learning_rate': 0.3, 'reg_lambda': 0.4, 'reg_alpha': 0.3, 'random_state': 42, 'verbosity': 0}",0.9459925790628129,0.7901180390110434,0.7687167560663646,0.8164446044234912,46.77916765213013
"{'scaling': None, 'imputation': 'mode', 'cat_age': False, 'remove_outliers': False, 'merge_capital': True, 'downsampling_method': 'random', 'target_freq': 0.8, 'generate_dummies': True, 'remove_duplicates': True}","{'n_estimators': 65, 'max_depth': None, 'learning_rate': 0.2, 'reg_lambda': 0.2, 'reg_alpha': 0.2, 'random_state': 42, 'verbosity': 0}",0.9465295788236501,0.7900807092100367,0.7708970248360094,0.8131255367980781,40.52699851989746
"{'scaling': None, 'imputation': 'mode', 'cat_age': False, 'remove_outliers': False, 'merge_capital': False, 'downsampling_method': 'random', 'target_freq': 0.8, 'generate_dummies': True, 'remove_duplicates': True}","{'n_estimators': 65, 'max_depth': None, 'learning_rate': 0.2, 'reg_lambda': 0.2, 'reg_alpha': 0.2, 'random_state': 42, 'verbosity': 0}",0.9465295788236501,0.7900807092100367,0.7708970248360094,0.8131255367980781,45.3579957485199
"{'scaling': None, 'imputation': 'mode', 'cat_age': True, 'remove_outliers': True, 'merge_capital': True, 'downsampling_method': 'random', 'target_freq': 0.8, 'generate_dummies': True, 'remove_duplicates': True}","{'n_estimators': 75, 'max_depth': None, 'learning_rate': 0.3, 'reg_lambda': 0.4, 'reg_alpha': 0.3, 'random_state': 42, 'verbosity': 0}",0.9469949776594548,0.7899936286395207,0.7728466267131212,0.8101747856105274,45.38201975822449
"{'scaling': None, 'imputation': 'mode', 'cat_age': True, 'remove_outliers': True, 'merge_capital': False, 'downsampling_method': 'random', 'target_freq': 0.8, 'generate_dummies': True, 'remove_duplicates': True}","{'n_estimators': 75, 'max_depth': None, 'learning_rate': 0.3, 'reg_lambda': 0.4, 'reg_alpha': 0.3, 'random_state': 42, 'verbosity': 0}",0.9469949776594548,0.7899936286395207,0.7728466267131212,0.8101747856105274,45.71165442466736
"{'scaling': None, 'imputation': 'mode', 'cat_age': True, 'remove_outliers': False, 'merge_capital': False, 'downsampling_method': 'random', 'target_freq': 0.85, 'generate_dummies': True, 'remove_duplicates': True}","{'n_estimators': 65, 'max_depth': None, 'learning_rate': 0.2, 'reg_lambda': 0.2, 'reg_alpha': 0.2, 'random_state': 42, 'verbosity': 0}",0.9531238826853456,0.7892322977427295,0.8086646017487885,0.7726054839847498,53.40453505516052
"{'scaling': None, 'imputation': 'mode', 'cat_age': True, 'remove_outliers': True, 'merge_capital': False, 'downsampling_method': 'random', 'target_freq': 0.8, 'generate_dummies': True, 'remove_duplicates': True}","{'n_estimators': 65, 'max_depth': None, 'learning_rate': 0.2, 'reg_lambda': 0.2, 'reg_alpha': 0.2, 'random_state': 42, 'verbosity': 0}",0.9474532134294662,0.789173769548991,0.7750430428316981,0.80533672895954,40.82799935340881
"{'scaling': None, 'imputation': 'mode', 'cat_age': True, 'remove_outliers': True, 'merge_capital': True, 'downsampling_method': 'random', 'target_freq': 0.8, 'generate_dummies': True, 'remove_duplicates': True}","{'n_estimators': 65, 'max_depth': None, 'learning_rate': 0.2, 'reg_lambda': 0.2, 'reg_alpha': 0.2, 'random_state': 42, 'verbosity': 0}",0.9473816135297062,0.7887059362678539,0.7748220017853498,0.8045641771357268,40.24799966812134
"{'scaling': None, 'imputation': 'mode', 'cat_age': True, 'remove_outliers': False, 'merge_capital': True, 'downsampling_method': 'random', 'target_freq': 0.85, 'generate_dummies': True, 'remove_duplicates': True}","{'n_estimators': 65, 'max_depth': None, 'learning_rate': 0.2, 'reg_lambda': 0.2, 'reg_alpha': 0.2, 'random_state': 42, 'verbosity': 0}",0.9530809227454897,0.7886673117891813,0.808713452136119,0.7716320907250351,53.96802473068237
"{'scaling': 'minmax', 'imputation': 'mode', 'cat_age': False, 'remove_outliers': False, 'merge_capital': True, 'downsampling_method': 'random', 'target_freq': 0.85, 'generate_dummies': True, 'remove_duplicates': True}","{'n_estimators': 75, 'max_depth': None, 'learning_rate': 0.3, 'reg_lambda': 0.4, 'reg_alpha': 0.3, 'random_state': 42, 'verbosity': 0}",0.9503959454720242,0.7880705875074198,0.790640477474917,0.7855987144104697,61.024730920791626
"{'scaling': 'minmax', 'imputation': 'mode', 'cat_age': False, 'remove_outliers': False, 'merge_capital': True, 'downsampling_method': 'random', 'target_freq': 0.85, 'generate_dummies': True, 'remove_duplicates': True}","{'n_estimators': 65, 'max_depth': None, 'learning_rate': 0.2, 'reg_lambda': 0.2, 'reg_alpha': 0.2, 'random_state': 42, 'verbosity': 0}",0.9512193409871303,0.7879672045127561,0.7958250652408776,0.7806221962301306,53.41203308105469
"{'scaling': 'minmax', 'imputation': 'mode', 'cat_age': True, 'remove_outliers': False, 'merge_capital': False, 'downsampling_method': 'random', 'target_freq': 0.8, 'generate_dummies': True, 'remove_duplicates': True}","{'n_estimators': 65, 'max_depth': None, 'learning_rate': 0.2, 'reg_lambda': 0.2, 'reg_alpha': 0.2, 'random_state': 42, 'verbosity': 0}",0.9476322193305011,0.787838599000709,0.7760872361386124,0.8009710230436073,41.68002462387085
"{'scaling': 'minmax', 'imputation': 'mode', 'cat_age': False, 'remove_outliers': False, 'merge_capital': False, 'downsampling_method': 'random', 'target_freq': 0.85, 'generate_dummies': True, 'remove_duplicates': True}","{'n_estimators': 65, 'max_depth': None, 'learning_rate': 0.2, 'reg_lambda': 0.2, 'reg_alpha': 0.2, 'random_state': 42, 'verbosity': 0}",0.9513911776707374,0.7876565300684705,0.7970752115285478,0.7789644969356355,53.80308818817139
"{'scaling': 'minmax', 'imputation': 'mode', 'cat_age': False, 'remove_outliers': False, 'merge_capital': False, 'downsampling_method': 'random', 'target_freq': 0.8, 'generate_dummies': True, 'remove_duplicates': True}","{'n_estimators': 65, 'max_depth': None, 'learning_rate': 0.2, 'reg_lambda': 0.2, 'reg_alpha': 0.2, 'random_state': 42, 'verbosity': 0}",0.9458708682043543,0.7872872860403275,0.7684280779056826,0.8098368525750015,41.216997146606445
"{'scaling': None, 'imputation': 'mode', 'cat_age': False, 'remove_outliers': True, 'merge_capital': False, 'downsampling_method': 'random', 'target_freq': 0.8, 'generate_dummies': True, 'remove_duplicates': True}","{'n_estimators': 65, 'max_depth': None, 'learning_rate': 0.2, 'reg_lambda': 0.2, 'reg_alpha': 0.2, 'random_state': 42, 'verbosity': 0}",0.9457061838211802,0.7872547944593926,0.767841510023377,0.8107354642425916,39.96802616119385
"{'scaling': None, 'imputation': 'mode', 'cat_age': False, 'remove_outliers': True, 'merge_capital': True, 'downsampling_method': 'random', 'target_freq': 0.8, 'generate_dummies': True, 'remove_duplicates': True}","{'n_estimators': 65, 'max_depth': None, 'learning_rate': 0.2, 'reg_lambda': 0.2, 'reg_alpha': 0.2, 'random_state': 42, 'verbosity': 0}",0.945627423931444,0.7870749881834589,0.7675223258603723,0.8107458602880323,40.031055212020874
"{'scaling': 'minmax', 'imputation': 'mode', 'cat_age': True, 'remove_outliers': False, 'merge_capital': True, 'downsampling_method': 'random', 'target_freq': 0.8, 'generate_dummies': True, 'remove_duplicates': True}","{'n_estimators': 65, 'max_depth': None, 'learning_rate': 0.2, 'reg_lambda': 0.2, 'reg_alpha': 0.2, 'random_state': 42, 'verbosity': 0}",0.9471668302347845,0.7869503685394731,0.7741677754547596,0.8014072538608754,41.861000537872314
"{'scaling': 'minmax', 'imputation': 'mode', 'cat_age': False, 'remove_outliers': False, 'merge_capital': True, 'downsampling_method': 'random', 'target_freq': 0.8, 'generate_dummies': True, 'remove_duplicates': True}","{'n_estimators': 65, 'max_depth': None, 'learning_rate': 0.2, 'reg_lambda': 0.2, 'reg_alpha': 0.2, 'random_state': 42, 'verbosity': 0}",0.9454197962690906,0.7865130660375768,0.7667147907027649,0.8104467864984615,41.25299787521362
"{'scaling': 'minmax', 'imputation': 'mode', 'cat_age': True, 'remove_outliers': False, 'merge_capital': False, 'downsampling_method': 'random', 'target_freq': 0.85, 'generate_dummies': True, 'remove_duplicates': True}","{'n_estimators': 65, 'max_depth': None, 'learning_rate': 0.2, 'reg_lambda': 0.2, 'reg_alpha': 0.2, 'random_state': 42, 'verbosity': 0}",0.9524007362573554,0.7856891960402438,0.8053422847435036,0.7689102861448753,54.078999280929565
"{'scaling': 'standard', 'imputation': 'mode', 'cat_age': False, 'remove_outliers': False, 'merge_capital': False, 'downsampling_method': 'random', 'target_freq': 0.85, 'generate_dummies': True, 'remove_duplicates': True}","{'n_estimators': 65, 'max_depth': None, 'learning_rate': 0.2, 'reg_lambda': 0.2, 'reg_alpha': 0.2, 'random_state': 42, 'verbosity': 0}",0.9499806755371851,0.7848536665343456,0.7903234370807631,0.7805768052392701,53.004523038864136
"{'scaling': 'minmax', 'imputation': 'mode', 'cat_age': True, 'remove_outliers': False, 'merge_capital': True, 'downsampling_method': 'random', 'target_freq': 0.85, 'generate_dummies': True, 'remove_duplicates': True}","{'n_estimators': 65, 'max_depth': None, 'learning_rate': 0.2, 'reg_lambda': 0.2, 'reg_alpha': 0.2, 'random_state': 42, 'verbosity': 0}",0.951949665347364,0.7841544818644255,0.8029789779126603,0.7680952557336902,54.51803755760193
"{'scaling': None, 'imputation': 'mode', 'cat_age': True, 'remove_outliers': False, 'merge_capital': True, 'downsampling_method': 'random', 'target_freq': 0.75, 'generate_dummies': True, 'remove_duplicates': True}","{'n_estimators': 65, 'max_depth': None, 'learning_rate': 0.2, 'reg_lambda': 0.2, 'reg_alpha': 0.2, 'random_state': 42, 'verbosity': 0}",0.9415390975938134,0.7834363890659924,0.7531644772292874,0.824923725469616,34.03003668785095
"{'scaling': None, 'imputation': 'mode', 'cat_age': True, 'remove_outliers': False, 'merge_capital': False, 'downsampling_method': 'random', 'target_freq': 0.75, 'generate_dummies': True, 'remove_duplicates': True}","{'n_estimators': 65, 'max_depth': None, 'learning_rate': 0.2, 'reg_lambda': 0.2, 'reg_alpha': 0.2, 'random_state': 42, 'verbosity': 0}",0.9415390975938134,0.7834363890659924,0.7531644772292874,0.824923725469616,33.834001779556274
"{'scaling': 'standard', 'imputation': 'mode', 'cat_age': False, 'remove_outliers': False, 'merge_capital': True, 'downsampling_method': 'random', 'target_freq': 0.85, 'generate_dummies': True, 'remove_duplicates': True}","{'n_estimators': 65, 'max_depth': None, 'learning_rate': 0.2, 'reg_lambda': 0.2, 'reg_alpha': 0.2, 'random_state': 42, 'verbosity': 0}",0.9498088460304851,0.7832256434969389,0.7900230824107513,0.7775613194684692,52.663004875183105
"{'scaling': 'standard', 'imputation': 'mode', 'cat_age': True, 'remove_outliers': False, 'merge_capital': False, 'downsampling_method': 'random', 'target_freq': 0.8, 'generate_dummies': True, 'remove_duplicates': True}","{'n_estimators': 65, 'max_depth': None, 'learning_rate': 0.2, 'reg_lambda': 0.2, 'reg_alpha': 0.2, 'random_state': 42, 'verbosity': 0}",0.9453840119546151,0.7829221336890321,0.7682031135016752,0.8013415878414076,41.944003105163574
"{'scaling': None, 'imputation': 'mode', 'cat_age': True, 'remove_outliers': True, 'merge_capital': False, 'downsampling_method': 'random', 'target_freq': 0.75, 'generate_dummies': True, 'remove_duplicates': True}","{'n_estimators': 65, 'max_depth': None, 'learning_rate': 0.2, 'reg_lambda': 0.2, 'reg_alpha': 0.2, 'random_state': 42, 'verbosity': 0}",0.9410379047034452,0.7827852496494468,0.7516539003133828,0.8259724341829099,33.78202724456787
"{'scaling': None, 'imputation': 'mode', 'cat_age': True, 'remove_outliers': True, 'merge_capital': True, 'downsampling_method': 'random', 'target_freq': 0.75, 'generate_dummies': True, 'remove_duplicates': True}","{'n_estimators': 65, 'max_depth': None, 'learning_rate': 0.2, 'reg_lambda': 0.2, 'reg_alpha': 0.2, 'random_state': 42, 'verbosity': 0}",0.9410164247335171,0.782655141503217,0.7515760366280878,0.8257470263647224,33.45502424240112
"{'scaling': 'standard', 'imputation': 'mode', 'cat_age': True, 'remove_outliers': False, 'merge_capital': True, 'downsampling_method': 'random', 'target_freq': 0.8, 'generate_dummies': True, 'remove_duplicates': True}","{'n_estimators': 65, 'max_depth': None, 'learning_rate': 0.2, 'reg_lambda': 0.2, 'reg_alpha': 0.2, 'random_state': 42, 'verbosity': 0}",0.9453983339851117,0.7821039177626592,0.7683088606646331,0.7991173642135354,41.319992780685425
"{'scaling': 'standard', 'imputation': 'mode', 'cat_age': True, 'remove_outliers': False, 'merge_capital': False, 'downsampling_method': 'random', 'target_freq': 0.85, 'generate_dummies': True, 'remove_duplicates': True}","{'n_estimators': 65, 'max_depth': None, 'learning_rate': 0.2, 'reg_lambda': 0.2, 'reg_alpha': 0.2, 'random_state': 42, 'verbosity': 0}",0.9504532371824652,0.7820701710581646,0.7956050953520654,0.7717126128984457,54.55800008773804
"{'scaling': 'standard', 'imputation': 'mode', 'cat_age': False, 'remove_outliers': False, 'merge_capital': False, 'downsampling_method': 'random', 'target_freq': 0.8, 'generate_dummies': True, 'remove_duplicates': True}","{'n_estimators': 65, 'max_depth': None, 'learning_rate': 0.2, 'reg_lambda': 0.2, 'reg_alpha': 0.2, 'random_state': 42, 'verbosity': 0}",0.9433434312158099,0.781002485679024,0.7601619218680067,0.8077789326069535,40.8705415725708
"{'scaling': 'minmax', 'imputation': 'mode', 'cat_age': True, 'remove_outliers': False, 'merge_capital': False, 'downsampling_method': 'random', 'target_freq': 0.75, 'generate_dummies': True, 'remove_duplicates': True}","{'n_estimators': 65, 'max_depth': None, 'learning_rate': 0.2, 'reg_lambda': 0.2, 'reg_alpha': 0.2, 'random_state': 42, 'verbosity': 0}",0.9407443517786994,0.7802426400610977,0.750515566335218,0.8209309467097349,34.14202380180359
"{'scaling': None, 'imputation': 'mode', 'cat_age': False, 'remove_outliers': False, 'merge_capital': True, 'downsampling_method': 'random', 'target_freq': 0.75, 'generate_dummies': True, 'remove_duplicates': True}","{'n_estimators': 65, 'max_depth': None, 'learning_rate': 0.2, 'reg_lambda': 0.2, 'reg_alpha': 0.2, 'random_state': 42, 'verbosity': 0}",0.9385247628319963,0.7797871621412227,0.7444100650415099,0.8320695502379409,33.36406111717224
"{'scaling': 'standard', 'imputation': 'mode', 'cat_age': True, 'remove_outliers': False, 'merge_capital': True, 'downsampling_method': 'random', 'target_freq': 0.85, 'generate_dummies': True, 'remove_duplicates': True}","{'n_estimators': 65, 'max_depth': None, 'learning_rate': 0.2, 'reg_lambda': 0.2, 'reg_alpha': 0.2, 'random_state': 42, 'verbosity': 0}",0.950231280312708,0.7797830675054371,0.7951623011911715,0.7678842163540344,54.303998708724976
"{'scaling': None, 'imputation': 'mode', 'cat_age': False, 'remove_outliers': False, 'merge_capital': False, 'downsampling_method': 'random', 'target_freq': 0.75, 'generate_dummies': True, 'remove_duplicates': True}","{'n_estimators': 65, 'max_depth': None, 'learning_rate': 0.2, 'reg_lambda': 0.2, 'reg_alpha': 0.2, 'random_state': 42, 'verbosity': 0}",0.9384460029422602,0.7796991400611933,0.7441750140849012,0.8322897535129226,39.54706382751465
"{'scaling': None, 'imputation': 'mode', 'cat_age': False, 'remove_outliers': True, 'merge_capital': False, 'downsampling_method': 'random', 'target_freq': 0.75, 'generate_dummies': True, 'remove_duplicates': True}","{'n_estimators': 65, 'max_depth': None, 'learning_rate': 0.2, 'reg_lambda': 0.2, 'reg_alpha': 0.2, 'random_state': 42, 'verbosity': 0}",0.938352933068978,0.7796663048832649,0.7439530129986723,0.8327635341742102,34.50499749183655
"{'scaling': None, 'imputation': 'mode', 'cat_age': False, 'remove_outliers': True, 'merge_capital': True, 'downsampling_method': 'random', 'target_freq': 0.75, 'generate_dummies': True, 'remove_duplicates': True}","{'n_estimators': 65, 'max_depth': None, 'learning_rate': 0.2, 'reg_lambda': 0.2, 'reg_alpha': 0.2, 'random_state': 42, 'verbosity': 0}",0.938352933068978,0.7796663048832649,0.7439530129986723,0.8327635341742102,32.733028173446655
"{'scaling': 'minmax', 'imputation': 'mode', 'cat_age': True, 'remove_outliers': False, 'merge_capital': True, 'downsampling_method': 'random', 'target_freq': 0.75, 'generate_dummies': True, 'remove_duplicates': True}","{'n_estimators': 65, 'max_depth': None, 'learning_rate': 0.2, 'reg_lambda': 0.2, 'reg_alpha': 0.2, 'random_state': 42, 'verbosity': 0}",0.9403147621202266,0.7795863481078373,0.7492201999652266,0.8215509403322322,33.965996742248535
"{'scaling': 'standard', 'imputation': 'mode', 'cat_age': False, 'remove_outliers': False, 'merge_capital': True, 'downsampling_method': 'random', 'target_freq': 0.8, 'generate_dummies': True, 'remove_duplicates': True}","{'n_estimators': 65, 'max_depth': None, 'learning_rate': 0.2, 'reg_lambda': 0.2, 'reg_alpha': 0.2, 'random_state': 42, 'verbosity': 0}",0.9430570398189486,0.7790662588846272,0.7591785587182847,0.8043404584134226,40.83599901199341
"{'scaling': 'minmax', 'imputation': 'mode', 'cat_age': False, 'remove_outliers': False, 'merge_capital': False, 'downsampling_method': 'random', 'target_freq': 0.75, 'generate_dummies': True, 'remove_duplicates': True}","{'n_estimators': 65, 'max_depth': None, 'learning_rate': 0.2, 'reg_lambda': 0.2, 'reg_alpha': 0.2, 'random_state': 42, 'verbosity': 0}",0.937744334433653,0.7773689011681398,0.7419958193462197,0.8298358594697286,33.81399726867676
"{'scaling': 'minmax', 'imputation': 'mode', 'cat_age': False, 'remove_outliers': False, 'merge_capital': True, 'downsampling_method': 'random', 'target_freq': 0.75, 'generate_dummies': True, 'remove_duplicates': True}","{'n_estimators': 65, 'max_depth': None, 'learning_rate': 0.2, 'reg_lambda': 0.2, 'reg_alpha': 0.2, 'random_state': 42, 'verbosity': 0}",0.9372861071221392,0.7765080464454386,0.7407647379307478,0.8299621331404314,33.86599802970886
"{'scaling': 'standard', 'imputation': 'mode', 'cat_age': True, 'remove_outliers': False, 'merge_capital': False, 'downsampling_method': 'random', 'target_freq': 0.75, 'generate_dummies': True, 'remove_duplicates': True}","{'n_estimators': 65, 'max_depth': None, 'learning_rate': 0.2, 'reg_lambda': 0.2, 'reg_alpha': 0.2, 'random_state': 42, 'verbosity': 0}",0.9371500885869978,0.7736304823753135,0.7411367394934766,0.8224866123558472,34.218997955322266
"{'scaling': 'standard', 'imputation': 'mode', 'cat_age': True, 'remove_outliers': False, 'merge_capital': True, 'downsampling_method': 'random', 'target_freq': 0.75, 'generate_dummies': True, 'remove_duplicates': True}","{'n_estimators': 65, 'max_depth': None, 'learning_rate': 0.2, 'reg_lambda': 0.2, 'reg_alpha': 0.2, 'random_state': 42, 'verbosity': 0}",0.9370784935572816,0.7733021259883783,0.7409126043904346,0.821760287908263,34.08700394630432
"{'scaling': 'minmax', 'imputation': 'mode', 'cat_age': False, 'remove_outliers': True, 'merge_capital': False, 'downsampling_method': 'random', 'target_freq': 0.8, 'generate_dummies': True, 'remove_duplicates': True}","{'n_estimators': 65, 'max_depth': None, 'learning_rate': 0.2, 'reg_lambda': 0.2, 'reg_alpha': 0.2, 'random_state': 42, 'verbosity': 0}",0.9445319603315638,0.7715623383478973,0.7644356780938101,0.7793096737756843,40.666998624801636
"{'scaling': 'standard', 'imputation': 'mode', 'cat_age': False, 'remove_outliers': False, 'merge_capital': False, 'downsampling_method': 'random', 'target_freq': 0.75, 'generate_dummies': True, 'remove_duplicates': True}","{'n_estimators': 65, 'max_depth': None, 'learning_rate': 0.2, 'reg_lambda': 0.2, 'reg_alpha': 0.2, 'random_state': 42, 'verbosity': 0}",0.9342503285312469,0.7699980371645598,0.733534446935392,0.8279018572397654,33.625999450683594
"{'scaling': 'minmax', 'imputation': 'mode', 'cat_age': True, 'remove_outliers': True, 'merge_capital': False, 'downsampling_method': 'random', 'target_freq': 0.8, 'generate_dummies': True, 'remove_duplicates': True}","{'n_estimators': 65, 'max_depth': None, 'learning_rate': 0.2, 'reg_lambda': 0.2, 'reg_alpha': 0.2, 'random_state': 42, 'verbosity': 0}",0.945498556671463,0.7692925054862924,0.7692186270195225,0.7695509156789673,40.50402569770813
"{'scaling': 'minmax', 'imputation': 'mode', 'cat_age': True, 'remove_outliers': True, 'merge_capital': False, 'downsampling_method': 'random', 'target_freq': 0.75, 'generate_dummies': True, 'remove_duplicates': True}","{'n_estimators': 65, 'max_depth': None, 'learning_rate': 0.2, 'reg_lambda': 0.2, 'reg_alpha': 0.2, 'random_state': 42, 'verbosity': 0}",0.9400569937662745,0.76878708654103,0.7475030578685106,0.7956153362647906,33.69051933288574
"{'scaling': 'minmax', 'imputation': 'mode', 'cat_age': False, 'remove_outliers': True, 'merge_capital': False, 'downsampling_method': 'random', 'target_freq': 0.85, 'generate_dummies': True, 'remove_duplicates': True}","{'n_estimators': 65, 'max_depth': None, 'learning_rate': 0.2, 'reg_lambda': 0.2, 'reg_alpha': 0.2, 'random_state': 42, 'verbosity': 0}",0.9496369852529762,0.768643561456148,0.7939838528978121,0.7481536322413728,53.09200119972229
"{'scaling': 'standard', 'imputation': 'mode', 'cat_age': False, 'remove_outliers': False, 'merge_capital': True, 'downsampling_method': 'random', 'target_freq': 0.75, 'generate_dummies': True, 'remove_duplicates': True}","{'n_estimators': 65, 'max_depth': None, 'learning_rate': 0.2, 'reg_lambda': 0.2, 'reg_alpha': 0.2, 'random_state': 42, 'verbosity': 0}",0.9341142953859733,0.7686426654481024,0.7329677296013435,0.82481896852195,33.80799674987793
"{'scaling': 'minmax', 'imputation': 'mode', 'cat_age': False, 'remove_outliers': True, 'merge_capital': False, 'downsampling_method': 'random', 'target_freq': 0.75, 'generate_dummies': True, 'remove_duplicates': True}","{'n_estimators': 65, 'max_depth': None, 'learning_rate': 0.2, 'reg_lambda': 0.2, 'reg_alpha': 0.2, 'random_state': 42, 'verbosity': 0}",0.9377586649226475,0.7675058399231177,0.7404543727802586,0.8040307774254541,33.23205614089966
"{'scaling': 'standard', 'imputation': 'mode', 'cat_age': False, 'remove_outliers': True, 'merge_capital': False, 'downsampling_method': 'random', 'target_freq': 0.75, 'generate_dummies': True, 'remove_duplicates': True}","{'n_estimators': 65, 'max_depth': None, 'learning_rate': 0.2, 'reg_lambda': 0.2, 'reg_alpha': 0.2, 'random_state': 42, 'verbosity': 0}",0.9424412358253427,0.7667766498731485,0.7678908276650219,0.7760430807878947,33.325016021728516
"{'scaling': 'standard', 'imputation': 'mode', 'cat_age': False, 'remove_outliers': True, 'merge_capital': True, 'downsampling_method': 'random', 'target_freq': 0.75, 'generate_dummies': True, 'remove_duplicates': True}","{'n_estimators': 65, 'max_depth': None, 'learning_rate': 0.2, 'reg_lambda': 0.2, 'reg_alpha': 0.2, 'random_state': 42, 'verbosity': 0}",0.9421047196286055,0.7665396929431221,0.7653393511106446,0.7770938126228893,33.24000000953674
"{'scaling': 'standard', 'imputation': 'mode', 'cat_age': False, 'remove_outliers': True, 'merge_capital': True, 'downsampling_method': 'random', 'target_freq': 0.8, 'generate_dummies': True, 'remove_duplicates': True}","{'n_estimators': 65, 'max_depth': None, 'learning_rate': 0.2, 'reg_lambda': 0.2, 'reg_alpha': 0.2, 'random_state': 42, 'verbosity': 0}",0.948512850166065,0.7656159697408678,0.7974014689514702,0.7468080726336853,40.126527309417725
"{'scaling': 'minmax', 'imputation': 'mode', 'cat_age': True, 'remove_outliers': True, 'merge_capital': False, 'downsampling_method': 'random', 'target_freq': 0.85, 'generate_dummies': True, 'remove_duplicates': True}","{'n_estimators': 65, 'max_depth': None, 'learning_rate': 0.2, 'reg_lambda': 0.2, 'reg_alpha': 0.2, 'random_state': 42, 'verbosity': 0}",0.950138184294979,0.7641651927902079,0.8002435527736047,0.7371798090212365,52.841997385025024
"{'scaling': 'standard', 'imputation': 'mode', 'cat_age': False, 'remove_outliers': True, 'merge_capital': False, 'downsampling_method': 'random', 'target_freq': 0.8, 'generate_dummies': True, 'remove_duplicates': True}","{'n_estimators': 65, 'max_depth': None, 'learning_rate': 0.2, 'reg_lambda': 0.2, 'reg_alpha': 0.2, 'random_state': 42, 'verbosity': 0}",0.9485772864873956,0.7631107205953966,0.8004902290541456,0.7423487205698251,40.18899726867676
"{'scaling': 'standard', 'imputation': 'mode', 'cat_age': True, 'remove_outliers': True, 'merge_capital': True, 'downsampling_method': 'random', 'target_freq': 0.75, 'generate_dummies': True, 'remove_duplicates': True}","{'n_estimators': 65, 'max_depth': None, 'learning_rate': 0.2, 'reg_lambda': 0.2, 'reg_alpha': 0.2, 'random_state': 42, 'verbosity': 0}",0.9436871130415213,0.7608894730002762,0.7742531889146977,0.7617323312281067,33.36002779006958
"{'scaling': 'standard', 'imputation': 'mode', 'cat_age': True, 'remove_outliers': True, 'merge_capital': True, 'downsampling_method': 'random', 'target_freq': 0.8, 'generate_dummies': True, 'remove_duplicates': True}","{'n_estimators': 65, 'max_depth': None, 'learning_rate': 0.2, 'reg_lambda': 0.2, 'reg_alpha': 0.2, 'random_state': 42, 'verbosity': 0}",0.9507467939519826,0.7592279487904958,0.8117341395952635,0.7262314773624723,40.575000524520874
"{'scaling': 'standard', 'imputation': 'mode', 'cat_age': True, 'remove_outliers': True, 'merge_capital': False, 'downsampling_method': 'random', 'target_freq': 0.75, 'generate_dummies': True, 'remove_duplicates': True}","{'n_estimators': 65, 'max_depth': None, 'learning_rate': 0.2, 'reg_lambda': 0.2, 'reg_alpha': 0.2, 'random_state': 42, 'verbosity': 0}",0.9437229129914014,0.7590384689946011,0.7768554728502075,0.759493743982805,33.468998432159424
"{'scaling': 'standard', 'imputation': 'mode', 'cat_age': True, 'remove_outliers': True, 'merge_capital': False, 'downsampling_method': 'random', 'target_freq': 0.8, 'generate_dummies': True, 'remove_duplicates': True}","{'n_estimators': 65, 'max_depth': None, 'learning_rate': 0.2, 'reg_lambda': 0.2, 'reg_alpha': 0.2, 'random_state': 42, 'verbosity': 0}",0.9507539526603681,0.7542908781711078,0.8158282492810566,0.7185270289966879,40.65603423118591
"{'scaling': 'standard', 'imputation': 'mode', 'cat_age': False, 'remove_outliers': True, 'merge_capital': True, 'downsampling_method': 'random', 'target_freq': 0.85, 'generate_dummies': True, 'remove_duplicates': True}","{'n_estimators': 65, 'max_depth': None, 'learning_rate': 0.2, 'reg_lambda': 0.2, 'reg_alpha': 0.2, 'random_state': 42, 'verbosity': 0}",0.951992602987545,0.7445792652317116,0.8360358557992378,0.6967196848815396,52.56800031661987
"{'scaling': 'standard', 'imputation': 'mode', 'cat_age': False, 'remove_outliers': True, 'merge_capital': False, 'downsampling_method': 'random', 'target_freq': 0.85, 'generate_dummies': True, 'remove_duplicates': True}","{'n_estimators': 65, 'max_depth': None, 'learning_rate': 0.2, 'reg_lambda': 0.2, 'reg_alpha': 0.2, 'random_state': 42, 'verbosity': 0}",0.9520641992988516,0.7435423785951191,0.8386921887648032,0.6950498048191804,53.72502040863037
"{'scaling': 'standard', 'imputation': 'mode', 'cat_age': True, 'remove_outliers': True, 'merge_capital': False, 'downsampling_method': 'random', 'target_freq': 0.85, 'generate_dummies': True, 'remove_duplicates': True}","{'n_estimators': 65, 'max_depth': None, 'learning_rate': 0.2, 'reg_lambda': 0.2, 'reg_alpha': 0.2, 'random_state': 42, 'verbosity': 0}",0.9520785215856666,0.7336686445211896,0.849654562655374,0.6807759150407163,52.92006540298462
"{'scaling': 'standard', 'imputation': 'mode', 'cat_age': True, 'remove_outliers': True, 'merge_capital': True, 'downsampling_method': 'random', 'target_freq': 0.85, 'generate_dummies': True, 'remove_duplicates': True}","{'n_estimators': 65, 'max_depth': None, 'learning_rate': 0.2, 'reg_lambda': 0.2, 'reg_alpha': 0.2, 'random_state': 42, 'verbosity': 0}",0.951971120967072,0.7305249888311718,0.8525018351656485,0.6766989229980791,52.724039793014526
"{'scaling': 'minmax', 'imputation': 'mode', 'cat_age': False, 'remove_outliers': True, 'merge_capital': True, 'downsampling_method': 'random', 'target_freq': 0.85, 'generate_dummies': True, 'remove_duplicates': True}","{'n_estimators': 65, 'max_depth': None, 'learning_rate': 0.2, 'reg_lambda': 0.2, 'reg_alpha': 0.2, 'random_state': 42, 'verbosity': 0}",0.8560493083856973,0.6573168528340568,0.625612265737741,0.8047819275640096,52.750000953674316
"{'scaling': 'minmax', 'imputation': 'mode', 'cat_age': True, 'remove_outliers': True, 'merge_capital': True, 'downsampling_method': 'random', 'target_freq': 0.85, 'generate_dummies': True, 'remove_duplicates': True}","{'n_estimators': 65, 'max_depth': None, 'learning_rate': 0.2, 'reg_lambda': 0.2, 'reg_alpha': 0.2, 'random_state': 42, 'verbosity': 0}",0.8330946873353694,0.6349887257400261,0.6114584192836905,0.7996448460667591,53.20906043052673
"{'scaling': 'minmax', 'imputation': 'mode', 'cat_age': False, 'remove_outliers': True, 'merge_capital': True, 'downsampling_method': 'random', 'target_freq': 0.8, 'generate_dummies': True, 'remove_duplicates': True}","{'n_estimators': 65, 'max_depth': None, 'learning_rate': 0.2, 'reg_lambda': 0.2, 'reg_alpha': 0.2, 'random_state': 42, 'verbosity': 0}",0.8183666043590673,0.6277768997566427,0.6089936907408644,0.8140549708363999,42.0499963760376
"{'scaling': 'minmax', 'imputation': 'mode', 'cat_age': True, 'remove_outliers': True, 'merge_capital': True, 'downsampling_method': 'random', 'target_freq': 0.8, 'generate_dummies': True, 'remove_duplicates': True}","{'n_estimators': 65, 'max_depth': None, 'learning_rate': 0.2, 'reg_lambda': 0.2, 'reg_alpha': 0.2, 'random_state': 42, 'verbosity': 0}",0.8163621552457714,0.6256368658946945,0.6080005247881657,0.8109585897415759,41.61699724197388
"{'scaling': 'minmax', 'imputation': 'mode', 'cat_age': False, 'remove_outliers': True, 'merge_capital': True, 'downsampling_method': 'random', 'target_freq': 0.75, 'generate_dummies': True, 'remove_duplicates': True}","{'n_estimators': 65, 'max_depth': None, 'learning_rate': 0.2, 'reg_lambda': 0.2, 'reg_alpha': 0.2, 'random_state': 42, 'verbosity': 0}",0.7866694053743668,0.6034655637845331,0.5978403432628043,0.812762268581859,33.198997497558594
"{'scaling': 'minmax', 'imputation': 'mode', 'cat_age': True, 'remove_outliers': True, 'merge_capital': True, 'downsampling_method': 'random', 'target_freq': 0.75, 'generate_dummies': True, 'remove_duplicates': True}","{'n_estimators': 65, 'max_depth': None, 'learning_rate': 0.2, 'reg_lambda': 0.2, 'reg_alpha': 0.2, 'random_state': 42, 'verbosity': 0}",0.7689059846743149,0.5890077830300633,0.5910693743989239,0.8060189194124965,33.55550718307495
