prep_param,model_param,accuracy,f1_macro,precision_macro,recall_macro,tex
"{'scaling': None, 'imputation': 'mode', 'cat_age': True, 'remove_outliers': True, 'merge_capital': False, 'downsampling_method': 'random', 'target_freq': 0.85, 'generate_dummies': True, 'remove_duplicates': True}","{'solver': 'svd', 'priors': None, 'tol': 0.0001}",0.9448111930200398,0.764691809744731,0.7665342107777341,0.7628977976273271,17.106995820999146
"{'scaling': None, 'imputation': 'mode', 'cat_age': True, 'remove_outliers': True, 'merge_capital': False, 'downsampling_method': 'random', 'target_freq': 0.85, 'generate_dummies': True, 'remove_duplicates': True}","{'solver': 'svd', 'priors': None, 'tol': 0.0001}",0.9448111930200398,0.764691809744731,0.7665342107777341,0.7628977976273271,17.258996963500977
"{'scaling': None, 'imputation': 'mode', 'cat_age': True, 'remove_outliers': True, 'merge_capital': False, 'downsampling_method': 'random', 'target_freq': 0.85, 'generate_dummies': True, 'remove_duplicates': True}","{'solver': 'svd', 'priors': None, 'tol': 0.001}",0.9448111930200398,0.764691809744731,0.7665342107777341,0.7628977976273271,17.41800045967102
"{'scaling': None, 'imputation': 'mode', 'cat_age': True, 'remove_outliers': True, 'merge_capital': False, 'downsampling_method': 'random', 'target_freq': 0.85, 'generate_dummies': True, 'remove_duplicates': True}","{'solver': 'svd', 'priors': None, 'tol': 0.01}",0.9448111930200398,0.764691809744731,0.7665342107777341,0.7628977976273271,17.381999254226685
"{'scaling': None, 'imputation': 'mode', 'cat_age': False, 'remove_outliers': True, 'merge_capital': False, 'downsampling_method': 'random', 'target_freq': 0.85, 'generate_dummies': True, 'remove_duplicates': True}","{'solver': 'svd', 'priors': None, 'tol': 0.0001}",0.9428278893815435,0.764464595718892,0.7575385697427229,0.7719181532193244,17.90799880027771
"{'scaling': None, 'imputation': 'mode', 'cat_age': True, 'remove_outliers': True, 'merge_capital': False, 'downsampling_method': 'random', 'target_freq': 0.8, 'generate_dummies': True, 'remove_duplicates': True}","{'solver': 'svd', 'priors': None, 'tol': 0.0001}",0.9403147480227307,0.7641905155188183,0.7479555070294285,0.7833889709183877,12.279998540878296
"{'scaling': None, 'imputation': 'mode', 'cat_age': False, 'remove_outliers': True, 'merge_capital': False, 'downsampling_method': 'random', 'target_freq': 0.8, 'generate_dummies': True, 'remove_duplicates': True}","{'solver': 'svd', 'priors': None, 'tol': 0.0001}",0.9378660460610659,0.7623921439599604,0.7399349517660495,0.7910595572126403,13.195998907089233
"{'scaling': None, 'imputation': 'mode', 'cat_age': True, 'remove_outliers': True, 'merge_capital': False, 'downsampling_method': 'random', 'target_freq': 0.75, 'generate_dummies': True, 'remove_duplicates': True}","{'solver': 'svd', 'priors': None, 'tol': 0.0001}",0.9343576727598581,0.7609540494969365,0.7304521374195627,0.8044926641162977,10.793000936508179
"{'scaling': None, 'imputation': 'mode', 'cat_age': False, 'remove_outliers': True, 'merge_capital': False, 'downsampling_method': 'random', 'target_freq': 0.9, 'generate_dummies': True, 'remove_duplicates': True}","{'solver': 'svd', 'priors': None, 'tol': 0.0001}",0.9462002254363879,0.7605279436279284,0.7748319631000303,0.7479579464059343,32.35300040245056
"{'scaling': None, 'imputation': 'mode', 'cat_age': True, 'remove_outliers': True, 'merge_capital': True, 'downsampling_method': 'random', 'target_freq': 0.8, 'generate_dummies': True, 'remove_duplicates': True}","{'solver': 'svd', 'priors': None, 'tol': 0.0001}",0.9385319205151094,0.7602214325070598,0.7416832238778552,0.7828046561132019,13.084999322891235
"{'scaling': None, 'imputation': 'mode', 'cat_age': True, 'remove_outliers': True, 'merge_capital': True, 'downsampling_method': 'random', 'target_freq': 0.85, 'generate_dummies': True, 'remove_duplicates': True}","{'solver': 'svd', 'priors': None, 'tol': 0.0001}",0.943422162397918,0.7600977133170377,0.7604470443425948,0.759772736129839,18.73499822616577
"{'scaling': None, 'imputation': 'mode', 'cat_age': True, 'remove_outliers': True, 'merge_capital': False, 'downsampling_method': 'random', 'target_freq': 0.9, 'generate_dummies': True, 'remove_duplicates': True}","{'solver': 'svd', 'priors': None, 'tol': 0.0001}",0.9478756515564605,0.7596575615590403,0.785677204137275,0.7387348942085998,28.67199945449829
"{'scaling': None, 'imputation': 'mode', 'cat_age': False, 'remove_outliers': True, 'merge_capital': True, 'downsampling_method': 'random', 'target_freq': 0.85, 'generate_dummies': True, 'remove_duplicates': True}","{'solver': 'svd', 'priors': None, 'tol': 0.0001}",0.9410235839545388,0.7586401289767316,0.7503351548042569,0.7677251683256845,18.767997980117798
"{'scaling': None, 'imputation': 'mode', 'cat_age': False, 'remove_outliers': True, 'merge_capital': True, 'downsampling_method': 'random', 'target_freq': 0.8, 'generate_dummies': True, 'remove_duplicates': True}","{'solver': 'svd', 'priors': None, 'tol': 0.0001}",0.9358111479054898,0.7579102723332831,0.7334067352371711,0.7902245325685653,13.252999782562256
"{'scaling': None, 'imputation': 'mode', 'cat_age': True, 'remove_outliers': False, 'merge_capital': False, 'downsampling_method': 'random', 'target_freq': 0.8, 'generate_dummies': True, 'remove_duplicates': True}","{'solver': 'svd', 'priors': None, 'tol': 0.0001}",0.9384674780421441,0.7577003755716607,0.7412005614539957,0.7773793250584633,13.07599949836731
"{'scaling': None, 'imputation': 'mode', 'cat_age': False, 'remove_outliers': True, 'merge_capital': False, 'downsampling_method': 'random', 'target_freq': 0.75, 'generate_dummies': True, 'remove_duplicates': True}","{'solver': 'svd', 'priors': None, 'tol': 0.0001}",0.9310999121800341,0.7573216380778912,0.7224800926964149,0.811026386381014,11.19700002670288
"{'scaling': None, 'imputation': 'mode', 'cat_age': False, 'remove_outliers': False, 'merge_capital': False, 'downsampling_method': 'random', 'target_freq': 0.85, 'generate_dummies': True, 'remove_duplicates': True}","{'solver': 'svd', 'priors': None, 'tol': 0.0001}",0.9408231009030752,0.7560490548462103,0.7494937964427322,0.7630586201379869,16.576000690460205
"{'scaling': None, 'imputation': 'mode', 'cat_age': True, 'remove_outliers': False, 'merge_capital': False, 'downsampling_method': 'random', 'target_freq': 0.85, 'generate_dummies': True, 'remove_duplicates': True}","{'solver': 'svd', 'priors': None, 'tol': 0.0001}",0.9430355211449866,0.7558229474261887,0.7590252110917503,0.7527342854550022,19.15900754928589
"{'scaling': None, 'imputation': 'mode', 'cat_age': True, 'remove_outliers': True, 'merge_capital': True, 'downsampling_method': 'random', 'target_freq': 0.75, 'generate_dummies': True, 'remove_duplicates': True}","{'solver': 'svd', 'priors': None, 'tol': 0.0001}",0.9318946569698758,0.7558196335588415,0.7236406693510876,0.8034412651021225,10.820001363754272
"{'scaling': None, 'imputation': 'mode', 'cat_age': True, 'remove_outliers': False, 'merge_capital': True, 'downsampling_method': 'random', 'target_freq': 0.8, 'generate_dummies': True, 'remove_duplicates': True}","{'solver': 'svd', 'priors': None, 'tol': 0.0001}",0.9376011261756354,0.7554152173205259,0.7381529654897052,0.776227944453866,12.848999738693237
"{'scaling': None, 'imputation': 'mode', 'cat_age': True, 'remove_outliers': False, 'merge_capital': True, 'downsampling_method': 'random', 'target_freq': 0.85, 'generate_dummies': True, 'remove_duplicates': True}","{'solver': 'svd', 'priors': None, 'tol': 0.0001}",0.942777760993214,0.7551554645982835,0.7578625687051985,0.7525438646428374,18.863000869750977
"{'scaling': None, 'imputation': 'mode', 'cat_age': False, 'remove_outliers': True, 'merge_capital': True, 'downsampling_method': 'random', 'target_freq': 0.9, 'generate_dummies': True, 'remove_duplicates': True}","{'solver': 'svd', 'priors': None, 'tol': 0.0001}",0.9447395905570986,0.755047604953875,0.7677392687878154,0.7437854726803612,32.86599826812744
"{'scaling': None, 'imputation': 'mode', 'cat_age': False, 'remove_outliers': False, 'merge_capital': False, 'downsampling_method': 'random', 'target_freq': 0.8, 'generate_dummies': True, 'remove_duplicates': True}","{'solver': 'svd', 'priors': None, 'tol': 0.0001}",0.934973431128841,0.7541569258756835,0.7304325033060559,0.7852606376076186,12.61899995803833
"{'scaling': None, 'imputation': 'mode', 'cat_age': True, 'remove_outliers': False, 'merge_capital': False, 'downsampling_method': 'random', 'target_freq': 0.75, 'generate_dummies': True, 'remove_duplicates': True}","{'solver': 'svd', 'priors': None, 'tol': 0.0001}",0.9319948947789951,0.7539241771735179,0.7233277679947723,0.7983121204308555,11.253999710083008
"{'scaling': None, 'imputation': 'mode', 'cat_age': False, 'remove_outliers': False, 'merge_capital': True, 'downsampling_method': 'random', 'target_freq': 0.85, 'generate_dummies': True, 'remove_duplicates': True}","{'solver': 'svd', 'priors': None, 'tol': 0.0001}",0.9398636678852876,0.7532519238636967,0.7456946641798841,0.7614334603159733,17.178996562957764
"{'scaling': None, 'imputation': 'mode', 'cat_age': True, 'remove_outliers': True, 'merge_capital': True, 'downsampling_method': 'random', 'target_freq': 0.9, 'generate_dummies': True, 'remove_duplicates': True}","{'solver': 'svd', 'priors': None, 'tol': 0.0001}",0.9463577398331802,0.7529606743386319,0.7778700356093621,0.7328716002254586,31.523001194000244
"{'scaling': None, 'imputation': 'mode', 'cat_age': False, 'remove_outliers': True, 'merge_capital': True, 'downsampling_method': 'random', 'target_freq': 0.75, 'generate_dummies': True, 'remove_duplicates': True}","{'solver': 'svd', 'priors': None, 'tol': 0.0001}",0.9288588522345368,0.7527189367416345,0.7168057649639084,0.8098308313554476,11.139999628067017
"{'scaling': None, 'imputation': 'mode', 'cat_age': False, 'remove_outliers': False, 'merge_capital': False, 'downsampling_method': 'random', 'target_freq': 0.9, 'generate_dummies': True, 'remove_duplicates': True}","{'solver': 'svd', 'priors': None, 'tol': 0.0001}",0.945004503265622,0.7520565497675173,0.7698384828898283,0.7368844231956408,31.278000116348267
"{'scaling': None, 'imputation': 'mode', 'cat_age': False, 'remove_outliers': False, 'merge_capital': True, 'downsampling_method': 'random', 'target_freq': 0.8, 'generate_dummies': True, 'remove_duplicates': True}","{'solver': 'svd', 'priors': None, 'tol': 0.0001}",0.933856484739534,0.7519365429425655,0.7270895356739705,0.7851415123853702,12.932003021240234
"{'scaling': None, 'imputation': 'mode', 'cat_age': True, 'remove_outliers': False, 'merge_capital': True, 'downsampling_method': 'random', 'target_freq': 0.75, 'generate_dummies': True, 'remove_duplicates': True}","{'solver': 'svd', 'priors': None, 'tol': 0.0001}",0.9304053877696805,0.7507170677458261,0.7190717793816395,0.7977258891965535,10.818996906280518
"{'scaling': None, 'imputation': 'mode', 'cat_age': True, 'remove_outliers': False, 'merge_capital': False, 'downsampling_method': 'random', 'target_freq': 0.9, 'generate_dummies': True, 'remove_duplicates': True}","{'solver': 'svd', 'priors': None, 'tol': 0.0001}",0.9467443726276141,0.7503141771320655,0.7812834508351049,0.7264674444873235,28.92699933052063
"{'scaling': None, 'imputation': 'mode', 'cat_age': False, 'remove_outliers': False, 'merge_capital': True, 'downsampling_method': 'random', 'target_freq': 0.9, 'generate_dummies': True, 'remove_duplicates': True}","{'solver': 'svd', 'priors': None, 'tol': 0.0001}",0.9441596308564051,0.7486852205540263,0.7656602505634378,0.7341474846855995,32.50299954414368
"{'scaling': None, 'imputation': 'mode', 'cat_age': False, 'remove_outliers': False, 'merge_capital': False, 'downsampling_method': 'random', 'target_freq': 0.75, 'generate_dummies': True, 'remove_duplicates': True}","{'solver': 'svd', 'priors': None, 'tol': 0.0001}",0.9275270984564059,0.7483448304937859,0.7129661418392392,0.804769698555958,10.924998760223389
"{'scaling': None, 'imputation': 'mode', 'cat_age': True, 'remove_outliers': False, 'merge_capital': True, 'downsampling_method': 'random', 'target_freq': 0.9, 'generate_dummies': True, 'remove_duplicates': True}","{'solver': 'svd', 'priors': None, 'tol': 0.0001}",0.945777775775079,0.7461279815461894,0.7760928914402304,0.7229831877754728,29.89800000190735
"{'scaling': None, 'imputation': 'mode', 'cat_age': False, 'remove_outliers': False, 'merge_capital': True, 'downsampling_method': 'random', 'target_freq': 0.75, 'generate_dummies': True, 'remove_duplicates': True}","{'solver': 'svd', 'priors': None, 'tol': 0.0001}",0.9261094312065158,0.7456349652966441,0.7096096091983054,0.804279095600597,11.065998792648315
